Instance,Terminal,Layer,X location,Y location,Voltage
FILLER_81_632,VSS,Metal1,310.0680,324.7030,0.000579
FILLER_81_625,VSS,Metal1,307.4460,324.6190,0.000569
FILLER_81_618,VSS,Metal1,304.0860,324.6190,0.000560
FILLER_81_611,VSS,Metal1,300.7260,324.6190,0.000550
FILLER_81_604,VSS,Metal1,297.3660,324.6190,0.000540
FILLER_81_597,VSS,Metal1,294.0060,324.6190,0.000530
FILLER_81_590,VSS,Metal1,290.6460,324.6190,0.000521
FILLER_81_583,VSS,Metal1,287.2860,324.6190,0.000511
FILLER_81_576,VSS,Metal1,283.9260,324.6190,0.000501
FILLER_81_569,VSS,Metal1,280.5660,324.6190,0.000491
FILLER_81_562,VSS,Metal1,277.2060,324.6190,0.000481
FILLER_81_543,VSS,Metal1,266.8800,325.0800,0.000349
FILLER_81_529,VSS,Metal1,259.9200,325.0800,0.000303
FILLER_81_527,VSS,Metal1,259.2000,325.0800,0.000205
FILLER_81_441,VSS,Metal1,217.6800,325.0800,0.000433
FILLER_81_373,VSS,Metal1,185.0400,325.0800,0.000147
FILLER_81_371,VSS,Metal1,184.3200,325.0800,0.000147
FILLER_81_337,VSS,Metal1,168.0000,325.0800,0.000189
FILLER_81_300,VSS,Metal1,150.0000,325.0800,0.000395
FILLER_81_295,VSS,Metal1,147.6000,325.0800,0.000408
FILLER_81_246,VSS,Metal1,124.0800,325.0800,0.000257
FILLER_81_244,VSS,Metal1,123.3600,325.0800,0.000257
FILLER_81_226,VSS,Metal1,114.4800,325.0800,0.000104
FILLER_81_224,VSS,Metal1,113.7600,325.0800,0.000104
FILLER_81_217,VSS,Metal1,111.6060,324.6190,0.000092
FILLER_81_210,VSS,Metal1,108.2460,324.6190,0.000070
FILLER_81_203,VSS,Metal1,104.8860,324.6190,0.000049
FILLER_81_190,VSS,Metal1,97.2000,325.0800,0.000023
FILLER_81_188,VSS,Metal1,96.4800,325.0800,0.000023
FILLER_81_181,VSS,Metal1,94.3260,324.6190,0.000023
FILLER_81_174,VSS,Metal1,90.9660,324.6190,0.000024
FILLER_81_167,VSS,Metal1,87.6060,324.6190,0.000025
FILLER_81_160,VSS,Metal1,84.2460,324.6190,0.000026
FILLER_81_153,VSS,Metal1,80.8860,324.6190,0.000026
FILLER_81_149,VSS,Metal1,77.5200,325.0800,0.000029
FILLER_81_147,VSS,Metal1,76.8000,325.0800,0.000029
FILLER_81_143,VSS,Metal1,74.6400,325.0800,0.000030
FILLER_81_139,VSS,Metal1,73.4280,324.7030,0.000030
FILLER_81_129,VSS,Metal1,68.1600,325.0800,0.000025
FILLER_81_122,VSS,Metal1,66.0060,324.6190,0.000024
FILLER_81_115,VSS,Metal1,62.6460,324.6190,0.000022
FILLER_81_108,VSS,Metal1,59.2860,324.6190,0.000020
FILLER_81_101,VSS,Metal1,55.9260,324.6190,0.000018
FILLER_81_94,VSS,Metal1,52.5660,324.6190,0.000017
FILLER_81_87,VSS,Metal1,49.2060,324.6190,0.000015
FILLER_81_80,VSS,Metal1,45.8460,324.6190,0.000013
FILLER_81_73,VSS,Metal1,42.4860,324.6190,0.000011
FILLER_81_66,VSS,Metal1,39.1260,324.6190,0.000009
FILLER_81_59,VSS,Metal1,35.7660,324.6190,0.000007
FILLER_81_52,VSS,Metal1,32.4060,324.6190,0.000006
FILLER_81_45,VSS,Metal1,29.0460,324.6190,0.000004
FILLER_81_38,VSS,Metal1,25.6860,324.6190,0.000002
FILLER_81_31,VSS,Metal1,22.3260,324.6190,0.000003
FILLER_81_25,VSS,Metal1,18.2400,325.0800,0.000004
FILLER_81_21,VSS,Metal1,16.7880,324.7030,0.000004
FILLER_81_14,VSS,Metal1,14.1660,324.6190,0.000004
FILLER_81_7,VSS,Metal1,10.8060,324.6190,0.000004
FILLER_81_0,VSS,Metal1,7.4460,324.6190,0.000004
FILLER_80_591,VSS,Metal1,290.3880,317.8960,0.000395
FILLER_80_584,VSS,Metal1,287.7660,317.9800,0.000395
FILLER_80_577,VSS,Metal1,284.4060,317.9800,0.000395
FILLER_80_570,VSS,Metal1,281.0460,317.9800,0.000395
FILLER_80_563,VSS,Metal1,277.6860,317.9800,0.000297
FILLER_80_556,VSS,Metal1,274.3260,317.9800,0.000294
FILLER_80_543,VSS,Metal1,266.6400,317.5200,0.000257
FILLER_80_507,VSS,Metal1,249.6000,317.5200,0.000152
FILLER_80_502,VSS,Metal1,246.9600,317.5200,0.000344
FILLER_80_493,VSS,Metal1,242.6400,317.5200,0.000436
FILLER_80_476,VSS,Metal1,234.7200,317.5200,0.000441
FILLER_80_451,VSS,Metal1,222.7200,317.5200,0.000506
FILLER_80_423,VSS,Metal1,209.0400,317.5200,0.000512
FILLER_80_408,VSS,Metal1,201.8400,317.5200,0.000497
FILLER_80_355,VSS,Metal1,176.4000,317.5200,0.000081
FILLER_80_309,VSS,Metal1,154.5600,317.5200,0.000404
FILLER_80_294,VSS,Metal1,147.3600,317.5200,0.000544
FILLER_80_279,VSS,Metal1,140.1600,317.5200,0.000554
FILLER_80_217,VSS,Metal1,110.4000,317.5200,0.000232
FILLER_80_181,VSS,Metal1,92.8800,317.5200,0.000263
FILLER_80_174,VSS,Metal1,90.9660,317.9800,0.000267
FILLER_80_145,VSS,Metal1,75.8400,317.5200,0.000384
FILLER_80_135,VSS,Metal1,70.8000,317.5200,0.000391
FILLER_80_123,VSS,Metal1,65.2800,317.5200,0.000391
FILLER_80_112,VSS,Metal1,60.0000,317.5200,0.000358
FILLER_80_105,VSS,Metal1,57.8460,317.9800,0.000250
FILLER_80_101,VSS,Metal1,54.4800,317.5200,0.000250
FILLER_80_97,VSS,Metal1,53.2680,317.8960,0.000250
FILLER_80_86,VSS,Metal1,47.5200,317.5200,0.000236
FILLER_80_82,VSS,Metal1,46.0680,317.8960,0.000236
FILLER_80_68,VSS,Metal1,39.3480,317.8960,0.000188
FILLER_80_61,VSS,Metal1,36.7260,317.9800,0.000105
FILLER_80_54,VSS,Metal1,33.3660,317.9800,0.000105
FILLER_80_47,VSS,Metal1,30.0060,317.9800,0.000084
FILLER_80_40,VSS,Metal1,26.6460,317.9800,0.000050
FILLER_80_33,VSS,Metal1,23.2860,317.9800,0.000084
FILLER_80_18,VSS,Metal1,16.0860,317.9800,0.000085
FILLER_80_11,VSS,Metal1,12.7260,317.9800,0.000091
FILLER_80_4,VSS,Metal1,9.3660,317.9800,0.000091
FILLER_79_641,VSS,Metal1,313.9200,317.5200,0.000483
FILLER_79_634,VSS,Metal1,311.7660,317.0590,0.000483
FILLER_79_621,VSS,Metal1,304.0800,317.5200,0.000461
FILLER_79_619,VSS,Metal1,303.3600,317.5200,0.000461
FILLER_79_612,VSS,Metal1,301.2060,317.0590,0.000461
FILLER_79_605,VSS,Metal1,297.8460,317.0590,0.000461
FILLER_79_598,VSS,Metal1,294.4860,317.0590,0.000457
FILLER_79_567,VSS,Metal1,278.1600,317.5200,0.000297
FILLER_79_560,VSS,Metal1,276.2460,317.0590,0.000294
FILLER_79_532,VSS,Metal1,261.3600,317.5200,0.000237
FILLER_79_523,VSS,Metal1,257.0400,317.5200,0.000237
FILLER_79_515,VSS,Metal1,253.2000,317.5200,0.000236
FILLER_79_513,VSS,Metal1,252.4800,317.5200,0.000120
FILLER_79_506,VSS,Metal1,250.3260,317.0590,0.000152
FILLER_79_499,VSS,Metal1,246.9660,317.0590,0.000344
FILLER_79_463,VSS,Metal1,228.2400,317.5200,0.000485
FILLER_79_456,VSS,Metal1,226.3260,317.0590,0.000502
FILLER_79_449,VSS,Metal1,222.9660,317.0590,0.000506
FILLER_79_431,VSS,Metal1,212.8800,317.5200,0.000514
FILLER_79_423,VSS,Metal1,209.0400,317.5200,0.000512
FILLER_79_421,VSS,Metal1,208.3200,317.5200,0.000512
FILLER_79_412,VSS,Metal1,203.7600,317.5200,0.000511
FILLER_79_372,VSS,Metal1,184.8000,317.5200,0.000188
FILLER_79_361,VSS,Metal1,179.5200,317.5200,0.000188
FILLER_79_346,VSS,Metal1,172.3200,317.5200,0.000107
FILLER_79_342,VSS,Metal1,170.8680,317.1430,0.000107
FILLER_79_325,VSS,Metal1,162.0000,317.5200,0.000172
FILLER_79_316,VSS,Metal1,157.6800,317.5200,0.000390
FILLER_79_290,VSS,Metal1,145.4400,317.5200,0.000544
FILLER_79_258,VSS,Metal1,129.8400,317.5200,0.000555
FILLER_79_248,VSS,Metal1,125.2800,317.5200,0.000397
FILLER_79_237,VSS,Metal1,120.0000,317.5200,0.000392
FILLER_79_215,VSS,Metal1,109.4400,317.5200,0.000232
FILLER_79_211,VSS,Metal1,107.9880,317.1430,0.000121
FILLER_79_172,VSS,Metal1,88.8000,317.5200,0.000340
FILLER_79_143,VSS,Metal1,74.8800,317.5200,0.000384
FILLER_79_112,VSS,Metal1,59.7600,317.5200,0.000358
FILLER_79_108,VSS,Metal1,58.5480,317.1430,0.000250
FILLER_79_63,VSS,Metal1,36.4800,317.5200,0.000105
FILLER_79_59,VSS,Metal1,35.0280,317.1430,0.000105
FILLER_79_18,VSS,Metal1,14.8800,317.5200,0.000085
FILLER_79_14,VSS,Metal1,13.4280,317.1430,0.000091
FILLER_79_7,VSS,Metal1,10.8060,317.0590,0.000091
FILLER_79_0,VSS,Metal1,7.4460,317.0590,0.000091
FILLER_78_650,VSS,Metal1,318.2400,309.9600,0.001651
FILLER_78_646,VSS,Metal1,316.7880,310.3360,0.001651
FILLER_78_614,VSS,Metal1,300.9600,309.9600,0.001178
FILLER_78_607,VSS,Metal1,298.8060,310.4200,0.001178
FILLER_78_600,VSS,Metal1,295.4460,310.4200,0.001175
FILLER_78_593,VSS,Metal1,290.8800,309.9600,0.001166
FILLER_78_580,VSS,Metal1,285.1080,310.3360,0.001119
FILLER_78_573,VSS,Metal1,282.4860,310.4200,0.001031
FILLER_78_544,VSS,Metal1,267.3600,309.9600,0.000832
FILLER_78_540,VSS,Metal1,265.9080,310.3360,0.000464
FILLER_78_536,VSS,Metal1,263.2800,309.9600,0.000413
FILLER_78_526,VSS,Metal1,258.4800,309.9600,0.000413
FILLER_78_524,VSS,Metal1,257.7600,309.9600,0.000413
FILLER_78_500,VSS,Metal1,247.4460,310.4200,0.000101
FILLER_78_493,VSS,Metal1,244.0860,310.4200,0.000101
FILLER_78_469,VSS,Metal1,231.3600,309.9600,0.000415
FILLER_78_465,VSS,Metal1,229.9080,310.3360,0.000415
FILLER_78_458,VSS,Metal1,227.2860,310.4200,0.000446
FILLER_78_451,VSS,Metal1,223.9260,310.4200,0.000478
FILLER_78_444,VSS,Metal1,219.1200,309.9600,0.000501
FILLER_78_440,VSS,Metal1,217.9080,310.3360,0.000501
FILLER_78_433,VSS,Metal1,215.2860,310.4200,0.000506
FILLER_78_415,VSS,Metal1,205.9080,310.3360,0.000498
FILLER_78_348,VSS,Metal1,173.0400,309.9600,0.000144
FILLER_78_346,VSS,Metal1,172.3200,309.9600,0.000144
FILLER_78_334,VSS,Metal1,167.0280,310.3360,0.000183
FILLER_78_323,VSS,Metal1,161.2800,309.9600,0.000203
FILLER_78_319,VSS,Metal1,159.8280,310.3360,0.000203
FILLER_78_312,VSS,Metal1,157.2060,310.4200,0.000212
FILLER_78_281,VSS,Metal1,140.8800,309.9600,0.000220
FILLER_78_277,VSS,Metal1,139.6680,310.3360,0.000220
FILLER_78_270,VSS,Metal1,137.0460,310.4200,0.000213
FILLER_78_249,VSS,Metal1,125.5200,309.9600,0.000196
FILLER_78_247,VSS,Metal1,124.8000,309.9600,0.000195
FILLER_78_215,VSS,Metal1,109.4400,309.9600,0.000132
FILLER_78_204,VSS,Metal1,104.1600,309.9600,0.000114
FILLER_78_200,VSS,Metal1,102.7080,310.3360,0.000112
FILLER_78_189,VSS,Metal1,96.7200,309.9600,0.000114
FILLER_78_185,VSS,Metal1,94.8000,309.9600,0.000182
FILLER_78_178,VSS,Metal1,92.8860,310.4200,0.000220
FILLER_78_171,VSS,Metal1,89.5260,310.4200,0.000220
FILLER_78_161,VSS,Metal1,83.2800,309.9600,0.000273
FILLER_78_154,VSS,Metal1,81.3660,310.4200,0.000306
FILLER_78_140,VSS,Metal1,73.9080,310.3360,0.000390
FILLER_78_133,VSS,Metal1,71.2860,310.4200,0.000393
FILLER_78_126,VSS,Metal1,67.9260,310.4200,0.000396
FILLER_78_98,VSS,Metal1,53.0400,309.9600,0.000431
FILLER_78_96,VSS,Metal1,52.3200,309.9600,0.000431
FILLER_78_68,VSS,Metal1,38.6400,309.9600,0.000356
FILLER_78_66,VSS,Metal1,37.9200,309.9600,0.000356
FILLER_78_59,VSS,Metal1,35.7660,310.4200,0.000277
FILLER_78_52,VSS,Metal1,32.4060,310.4200,0.000197
FILLER_78_45,VSS,Metal1,29.0460,310.4200,0.000116
FILLER_78_38,VSS,Metal1,25.6860,310.4200,0.000036
FILLER_78_33,VSS,Metal1,21.8400,309.9600,0.000171
FILLER_78_31,VSS,Metal1,21.1200,309.9600,0.000173
FILLER_78_25,VSS,Metal1,18.0000,309.9600,0.000173
FILLER_78_18,VSS,Metal1,16.0860,310.4200,0.000173
FILLER_78_7,VSS,Metal1,10.8060,310.4200,0.000173
FILLER_78_0,VSS,Metal1,7.4460,310.4200,0.000173
FILLER_77_651,VSS,Metal1,318.4800,309.9600,0.001651
FILLER_77_647,VSS,Metal1,317.2680,309.5830,0.001651
FILLER_77_640,VSS,Metal1,314.6460,309.4990,0.001651
FILLER_77_631,VSS,Metal1,309.5880,309.5830,0.001649
FILLER_77_624,VSS,Metal1,306.9660,309.4990,0.001647
FILLER_77_618,VSS,Metal1,302.6400,309.9600,0.001179
FILLER_77_593,VSS,Metal1,291.3480,309.5830,0.001166
FILLER_77_586,VSS,Metal1,288.7260,309.4990,0.001143
FILLER_77_579,VSS,Metal1,285.3660,309.4990,0.001119
FILLER_77_572,VSS,Metal1,282.0060,309.4990,0.001029
FILLER_77_562,VSS,Metal1,275.7600,309.9600,0.000840
FILLER_77_558,VSS,Metal1,274.5480,309.5830,0.000840
FILLER_77_551,VSS,Metal1,271.9260,309.4990,0.000840
FILLER_77_544,VSS,Metal1,268.5660,309.4990,0.000832
FILLER_77_537,VSS,Metal1,265.2060,309.4990,0.000462
FILLER_77_530,VSS,Metal1,261.8460,309.4990,0.000413
FILLER_77_513,VSS,Metal1,252.4800,309.9600,0.000084
FILLER_77_509,VSS,Metal1,251.0280,309.5830,0.000101
FILLER_77_502,VSS,Metal1,248.4060,309.4990,0.000101
FILLER_77_495,VSS,Metal1,245.0460,309.4990,0.000101
FILLER_77_475,VSS,Metal1,234.0000,309.9600,0.000391
FILLER_77_471,VSS,Metal1,232.7880,309.5830,0.000391
FILLER_77_464,VSS,Metal1,230.1660,309.4990,0.000415
FILLER_77_457,VSS,Metal1,226.8060,309.4990,0.000447
FILLER_77_450,VSS,Metal1,223.4460,309.4990,0.000479
FILLER_77_444,VSS,Metal1,219.1200,309.9600,0.000501
FILLER_77_440,VSS,Metal1,217.9080,309.5830,0.000501
FILLER_77_433,VSS,Metal1,215.2860,309.4990,0.000506
FILLER_77_421,VSS,Metal1,208.7880,309.5830,0.000509
FILLER_77_415,VSS,Metal1,205.4400,309.9600,0.000498
FILLER_77_406,VSS,Metal1,201.1200,309.9600,0.000482
FILLER_77_402,VSS,Metal1,199.6680,309.5830,0.000482
FILLER_77_392,VSS,Metal1,194.1600,309.9600,0.000482
FILLER_77_390,VSS,Metal1,193.4400,309.9600,0.000482
FILLER_77_366,VSS,Metal1,181.6800,309.9600,0.000312
FILLER_77_362,VSS,Metal1,180.4680,309.5830,0.000305
FILLER_77_349,VSS,Metal1,173.5200,309.9600,0.000144
FILLER_77_347,VSS,Metal1,172.8000,309.9600,0.000144
FILLER_77_340,VSS,Metal1,170.6460,309.4990,0.000163
FILLER_77_318,VSS,Metal1,158.8800,309.9600,0.000207
FILLER_77_314,VSS,Metal1,157.4280,309.5830,0.000212
FILLER_77_307,VSS,Metal1,154.8060,309.4990,0.000212
FILLER_77_296,VSS,Metal1,149.5260,309.4990,0.000220
FILLER_77_285,VSS,Metal1,144.2460,309.4990,0.000222
FILLER_77_278,VSS,Metal1,140.8860,309.4990,0.000220
FILLER_77_271,VSS,Metal1,137.5260,309.4990,0.000213
FILLER_77_232,VSS,Metal1,117.6000,309.9600,0.000170
FILLER_77_225,VSS,Metal1,115.4460,309.4990,0.000170
FILLER_77_218,VSS,Metal1,112.0860,309.4990,0.000162
FILLER_77_211,VSS,Metal1,108.7260,309.4990,0.000132
FILLER_77_180,VSS,Metal1,92.4000,309.9600,0.000220
FILLER_77_176,VSS,Metal1,91.1880,309.5830,0.000220
FILLER_77_169,VSS,Metal1,88.5660,309.4990,0.000220
FILLER_77_156,VSS,Metal1,81.5880,309.5830,0.000306
FILLER_77_145,VSS,Metal1,75.6000,309.9600,0.000384
FILLER_77_143,VSS,Metal1,74.8800,309.9600,0.000384
FILLER_77_136,VSS,Metal1,72.7260,309.4990,0.000390
FILLER_77_129,VSS,Metal1,69.3660,309.4990,0.000393
FILLER_77_122,VSS,Metal1,66.0060,309.4990,0.000396
FILLER_77_115,VSS,Metal1,62.6460,309.4990,0.000427
FILLER_77_95,VSS,Metal1,53.0460,309.4990,0.000431
FILLER_77_85,VSS,Metal1,46.8000,309.9600,0.000431
FILLER_77_83,VSS,Metal1,46.0800,309.9600,0.000431
FILLER_77_72,VSS,Metal1,40.5600,309.9600,0.000431
FILLER_77_65,VSS,Metal1,38.6460,309.4990,0.000356
FILLER_77_58,VSS,Metal1,35.2860,309.4990,0.000276
FILLER_77_51,VSS,Metal1,31.9260,309.4990,0.000195
FILLER_77_44,VSS,Metal1,28.5660,309.4990,0.000115
FILLER_77_4,VSS,Metal1,7.9200,309.9600,0.000173
FILLER_77_0,VSS,Metal1,6.7080,309.5830,0.000173
FILLER_76_642,VSS,Metal1,314.1600,302.4000,0.001066
FILLER_76_640,VSS,Metal1,313.4400,302.4000,0.001066
FILLER_76_630,VSS,Metal1,308.6400,302.4000,0.001066
FILLER_76_626,VSS,Metal1,307.1880,302.7760,0.001065
FILLER_76_619,VSS,Metal1,304.5660,302.8600,0.001040
FILLER_76_611,VSS,Metal1,299.2800,302.4000,0.001007
FILLER_76_607,VSS,Metal1,298.0680,302.7760,0.001007
FILLER_76_589,VSS,Metal1,288.7200,302.4000,0.000912
FILLER_76_583,VSS,Metal1,286.0800,302.4000,0.000752
FILLER_76_576,VSS,Metal1,283.9260,302.8600,0.000752
FILLER_76_569,VSS,Metal1,280.5660,302.8600,0.000752
FILLER_76_548,VSS,Metal1,269.0400,302.4000,0.000675
FILLER_76_546,VSS,Metal1,268.3200,302.4000,0.000588
FILLER_76_539,VSS,Metal1,266.1660,302.8600,0.000197
FILLER_76_532,VSS,Metal1,262.8060,302.8600,0.000194
FILLER_76_523,VSS,Metal1,257.7480,302.7760,0.000183
FILLER_76_516,VSS,Metal1,255.1260,302.8600,0.000130
FILLER_76_509,VSS,Metal1,251.7660,302.8600,0.000071
FILLER_76_502,VSS,Metal1,248.4060,302.8600,0.000108
FILLER_76_490,VSS,Metal1,241.9080,302.7760,0.000178
FILLER_76_475,VSS,Metal1,235.4460,302.8600,0.000337
FILLER_76_464,VSS,Metal1,228.7200,302.4000,0.000399
FILLER_76_457,VSS,Metal1,226.8060,302.8600,0.000412
FILLER_76_450,VSS,Metal1,223.4460,302.8600,0.000412
FILLER_76_427,VSS,Metal1,211.2000,302.4000,0.000466
FILLER_76_423,VSS,Metal1,209.7480,302.7760,0.000466
FILLER_76_404,VSS,Metal1,199.9200,302.4000,0.000405
FILLER_76_397,VSS,Metal1,198.0060,302.8600,0.000405
FILLER_76_390,VSS,Metal1,194.6460,302.8600,0.000405
FILLER_76_369,VSS,Metal1,183.1200,302.4000,0.000294
FILLER_76_367,VSS,Metal1,182.4000,302.4000,0.000294
FILLER_76_360,VSS,Metal1,180.2460,302.8600,0.000293
FILLER_76_338,VSS,Metal1,168.4800,302.4000,0.000104
FILLER_76_332,VSS,Metal1,165.3600,302.4000,0.000138
FILLER_76_325,VSS,Metal1,163.4460,302.8600,0.000138
FILLER_76_318,VSS,Metal1,160.0860,302.8600,0.000138
FILLER_76_311,VSS,Metal1,156.7260,302.8600,0.000139
FILLER_76_296,VSS,Metal1,149.5260,302.8600,0.000489
FILLER_76_289,VSS,Metal1,146.1660,302.8600,0.000509
FILLER_76_282,VSS,Metal1,142.8060,302.8600,0.000572
FILLER_76_275,VSS,Metal1,139.4460,302.8600,0.000634
FILLER_76_268,VSS,Metal1,136.0860,302.8600,0.000696
FILLER_76_253,VSS,Metal1,127.6800,302.4000,0.000648
FILLER_76_249,VSS,Metal1,126.2280,302.7760,0.000648
FILLER_76_245,VSS,Metal1,123.6000,302.4000,0.000614
FILLER_76_237,VSS,Metal1,120.4680,302.7760,0.000250
FILLER_76_230,VSS,Metal1,117.8460,302.8600,0.000199
FILLER_76_223,VSS,Metal1,114.4860,302.8600,0.000147
FILLER_76_216,VSS,Metal1,111.1260,302.8600,0.000095
FILLER_76_209,VSS,Metal1,107.7660,302.8600,0.000077
FILLER_76_199,VSS,Metal1,101.5200,302.4000,0.000065
FILLER_76_195,VSS,Metal1,100.3080,302.7760,0.000074
FILLER_76_178,VSS,Metal1,92.8860,302.8600,0.000152
FILLER_76_147,VSS,Metal1,76.5600,302.4000,0.000219
FILLER_76_143,VSS,Metal1,75.3480,302.7760,0.000222
FILLER_76_136,VSS,Metal1,72.7260,302.8600,0.000223
FILLER_76_129,VSS,Metal1,69.3660,302.8600,0.000224
FILLER_76_122,VSS,Metal1,66.0060,302.8600,0.000224
FILLER_76_90,VSS,Metal1,49.4400,302.4000,0.000163
FILLER_76_31,VSS,Metal1,21.1200,302.4000,0.000056
FILLER_76_24,VSS,Metal1,18.9660,302.8600,0.000061
FILLER_76_19,VSS,Metal1,15.1200,302.4000,0.000062
FILLER_76_17,VSS,Metal1,14.4000,302.4000,0.000062
FILLER_76_11,VSS,Metal1,11.2800,302.4000,0.000064
FILLER_76_7,VSS,Metal1,10.0680,302.7760,0.000064
FILLER_76_0,VSS,Metal1,7.4460,302.8600,0.000064
FILLER_75_615,VSS,Metal1,302.6460,301.9390,0.001040
FILLER_75_608,VSS,Metal1,299.2860,301.9390,0.001007
FILLER_75_601,VSS,Metal1,295.9260,301.9390,0.000941
FILLER_75_585,VSS,Metal1,288.2460,301.9390,0.000912
FILLER_75_578,VSS,Metal1,284.8860,301.9390,0.000752
FILLER_75_571,VSS,Metal1,281.5260,301.9390,0.000752
FILLER_75_560,VSS,Metal1,275.0400,302.4000,0.000727
FILLER_75_556,VSS,Metal1,273.5880,302.0230,0.000711
FILLER_75_546,VSS,Metal1,268.3200,302.4000,0.000588
FILLER_75_542,VSS,Metal1,266.8680,302.0230,0.000199
FILLER_75_535,VSS,Metal1,264.2460,301.9390,0.000197
FILLER_75_528,VSS,Metal1,260.8860,301.9390,0.000194
FILLER_75_521,VSS,Metal1,256.3200,302.4000,0.000130
FILLER_75_506,VSS,Metal1,248.8800,302.4000,0.000108
FILLER_75_499,VSS,Metal1,246.9660,301.9390,0.000110
FILLER_75_492,VSS,Metal1,243.6060,301.9390,0.000178
FILLER_75_485,VSS,Metal1,240.2460,301.9390,0.000178
FILLER_75_473,VSS,Metal1,233.0400,302.4000,0.000359
FILLER_75_469,VSS,Metal1,231.8280,302.0230,0.000362
FILLER_75_462,VSS,Metal1,228.0000,302.4000,0.000412
FILLER_75_455,VSS,Metal1,225.8460,301.9390,0.000412
FILLER_75_440,VSS,Metal1,217.4400,302.4000,0.000440
FILLER_75_424,VSS,Metal1,209.7600,302.4000,0.000466
FILLER_75_417,VSS,Metal1,207.6060,301.9390,0.000468
FILLER_75_406,VSS,Metal1,201.5880,302.0230,0.000453
FILLER_75_399,VSS,Metal1,198.9660,301.9390,0.000405
FILLER_75_392,VSS,Metal1,195.6060,301.9390,0.000405
FILLER_75_385,VSS,Metal1,192.2460,301.9390,0.000405
FILLER_75_379,VSS,Metal1,187.9200,302.4000,0.000336
FILLER_75_377,VSS,Metal1,187.2000,302.4000,0.000331
FILLER_75_370,VSS,Metal1,185.0460,301.9390,0.000327
FILLER_75_363,VSS,Metal1,181.6860,301.9390,0.000294
FILLER_75_356,VSS,Metal1,178.3260,301.9390,0.000293
FILLER_75_344,VSS,Metal1,172.5660,301.9390,0.000080
FILLER_75_337,VSS,Metal1,169.2060,301.9390,0.000104
FILLER_75_330,VSS,Metal1,165.8460,301.9390,0.000138
FILLER_75_323,VSS,Metal1,162.4860,301.9390,0.000138
FILLER_75_316,VSS,Metal1,159.1260,301.9390,0.000138
FILLER_75_297,VSS,Metal1,148.5600,302.4000,0.000489
FILLER_75_295,VSS,Metal1,147.8400,302.4000,0.000498
FILLER_75_288,VSS,Metal1,145.6860,301.9390,0.000510
FILLER_75_281,VSS,Metal1,142.3260,301.9390,0.000573
FILLER_75_274,VSS,Metal1,138.9660,301.9390,0.000635
FILLER_75_264,VSS,Metal1,134.1660,301.9390,0.000696
FILLER_75_257,VSS,Metal1,130.8060,301.9390,0.000696
FILLER_75_250,VSS,Metal1,127.4460,301.9390,0.000648
FILLER_75_243,VSS,Metal1,124.0860,301.9390,0.000614
FILLER_75_236,VSS,Metal1,120.7260,301.9390,0.000250
FILLER_75_229,VSS,Metal1,117.3660,301.9390,0.000198
FILLER_75_222,VSS,Metal1,114.0060,301.9390,0.000146
FILLER_75_191,VSS,Metal1,97.6800,302.4000,0.000136
FILLER_75_189,VSS,Metal1,96.9600,302.4000,0.000136
FILLER_75_182,VSS,Metal1,94.8060,301.9390,0.000152
FILLER_75_175,VSS,Metal1,91.4460,301.9390,0.000154
FILLER_75_164,VSS,Metal1,84.9600,302.4000,0.000154
FILLER_75_160,VSS,Metal1,83.5080,302.0230,0.000155
FILLER_75_148,VSS,Metal1,77.2800,302.4000,0.000193
FILLER_75_119,VSS,Metal1,63.3600,302.4000,0.000230
FILLER_75_103,VSS,Metal1,56.8860,301.9390,0.000230
FILLER_75_91,VSS,Metal1,49.9200,302.4000,0.000163
FILLER_75_80,VSS,Metal1,44.6400,302.4000,0.000155
FILLER_75_68,VSS,Metal1,38.8800,302.4000,0.000155
FILLER_75_64,VSS,Metal1,36.7200,302.4000,0.000070
FILLER_75_53,VSS,Metal1,31.6800,302.4000,0.000053
FILLER_75_49,VSS,Metal1,30.2280,302.0230,0.000053
FILLER_75_39,VSS,Metal1,24.7200,302.4000,0.000053
FILLER_75_37,VSS,Metal1,24.0000,302.4000,0.000055
FILLER_75_30,VSS,Metal1,21.8460,301.9390,0.000056
FILLER_75_23,VSS,Metal1,18.4860,301.9390,0.000061
FILLER_75_16,VSS,Metal1,15.1260,301.9390,0.000062
FILLER_75_11,VSS,Metal1,11.5200,302.4000,0.000064
FILLER_75_7,VSS,Metal1,10.0680,302.0230,0.000064
FILLER_75_0,VSS,Metal1,7.4460,301.9390,0.000064
FILLER_74_651,VSS,Metal1,318.4800,294.8400,0.004345
FILLER_74_647,VSS,Metal1,317.2680,295.2160,0.004345
FILLER_74_640,VSS,Metal1,314.6460,295.3000,0.004344
FILLER_74_615,VSS,Metal1,301.4400,294.8400,0.004295
FILLER_74_611,VSS,Metal1,299.9880,295.2160,0.004295
FILLER_74_604,VSS,Metal1,296.1600,294.8400,0.004271
FILLER_74_600,VSS,Metal1,294.7080,295.2160,0.004269
FILLER_74_593,VSS,Metal1,292.0860,295.3000,0.004231
FILLER_74_586,VSS,Metal1,288.7260,295.3000,0.004179
FILLER_74_579,VSS,Metal1,285.3660,295.3000,0.004127
FILLER_74_538,VSS,Metal1,264.4800,294.8400,0.000159
FILLER_74_531,VSS,Metal1,262.3260,295.3000,0.000159
FILLER_74_501,VSS,Metal1,246.4800,294.8400,0.000105
FILLER_74_499,VSS,Metal1,245.7600,294.8400,0.000105
FILLER_74_494,VSS,Metal1,243.3600,294.8400,0.000133
FILLER_74_487,VSS,Metal1,241.2060,295.3000,0.000133
FILLER_74_480,VSS,Metal1,237.8460,295.3000,0.000238
FILLER_74_467,VSS,Metal1,230.1600,294.8400,0.000256
FILLER_74_455,VSS,Metal1,224.4000,294.8400,0.000273
FILLER_74_446,VSS,Metal1,220.0800,294.8400,0.000273
FILLER_74_439,VSS,Metal1,218.1660,295.3000,0.000262
FILLER_74_432,VSS,Metal1,214.8060,295.3000,0.000258
FILLER_74_407,VSS,Metal1,202.8060,295.3000,0.000221
FILLER_74_400,VSS,Metal1,199.4460,295.3000,0.000221
FILLER_74_393,VSS,Metal1,196.0860,295.3000,0.000221
FILLER_74_386,VSS,Metal1,192.7260,295.3000,0.000220
FILLER_74_380,VSS,Metal1,188.4000,294.8400,0.000140
FILLER_74_373,VSS,Metal1,186.4860,295.3000,0.000140
FILLER_74_366,VSS,Metal1,183.1260,295.3000,0.000120
FILLER_74_359,VSS,Metal1,179.7660,295.3000,0.000100
FILLER_74_352,VSS,Metal1,176.4060,295.3000,0.000080
FILLER_74_345,VSS,Metal1,173.0460,295.3000,0.000142
FILLER_74_338,VSS,Metal1,169.6860,295.3000,0.000150
FILLER_74_331,VSS,Metal1,166.3260,295.3000,0.000150
FILLER_74_295,VSS,Metal1,147.6000,294.8400,0.000208
FILLER_74_257,VSS,Metal1,129.3600,294.8400,0.000213
FILLER_74_251,VSS,Metal1,126.4800,294.8400,0.000207
FILLER_74_247,VSS,Metal1,125.2680,295.2160,0.000207
FILLER_74_240,VSS,Metal1,121.2000,294.8400,0.000136
FILLER_74_233,VSS,Metal1,119.2860,295.3000,0.000136
FILLER_74_226,VSS,Metal1,115.9260,295.3000,0.000136
FILLER_74_219,VSS,Metal1,112.5660,295.3000,0.000133
FILLER_74_208,VSS,Metal1,106.0800,294.8400,0.000096
FILLER_74_204,VSS,Metal1,104.6280,295.2160,0.000096
FILLER_74_192,VSS,Metal1,98.4000,294.8400,0.000062
FILLER_74_185,VSS,Metal1,96.2460,295.3000,0.000064
FILLER_74_178,VSS,Metal1,92.8860,295.3000,0.000065
FILLER_74_171,VSS,Metal1,89.5260,295.3000,0.000127
FILLER_74_164,VSS,Metal1,86.1660,295.3000,0.000128
FILLER_74_157,VSS,Metal1,82.8060,295.3000,0.000128
FILLER_74_149,VSS,Metal1,77.7600,294.8400,0.000137
FILLER_74_139,VSS,Metal1,72.7200,294.8400,0.000180
FILLER_74_137,VSS,Metal1,72.0000,294.8400,0.000180
FILLER_74_125,VSS,Metal1,66.2400,294.8400,0.000185
FILLER_74_121,VSS,Metal1,64.7880,295.2160,0.000188
FILLER_74_117,VSS,Metal1,62.1600,294.8400,0.000191
FILLER_74_113,VSS,Metal1,60.9480,295.2160,0.000191
FILLER_74_106,VSS,Metal1,58.3260,295.3000,0.000208
FILLER_74_95,VSS,Metal1,51.6000,294.8400,0.000195
FILLER_74_93,VSS,Metal1,50.8800,294.8400,0.000195
FILLER_74_86,VSS,Metal1,48.7260,295.3000,0.000094
FILLER_74_79,VSS,Metal1,45.3660,295.3000,0.000035
FILLER_74_72,VSS,Metal1,42.0060,295.3000,0.000035
FILLER_74_65,VSS,Metal1,38.6460,295.3000,0.000034
FILLER_74_58,VSS,Metal1,35.2860,295.3000,0.000034
FILLER_74_51,VSS,Metal1,31.9260,295.3000,0.000033
FILLER_74_44,VSS,Metal1,28.5660,295.3000,0.000029
FILLER_74_7,VSS,Metal1,9.3600,294.8400,0.000045
FILLER_74_0,VSS,Metal1,7.4460,295.3000,0.000045
FILLER_73_647,VSS,Metal1,316.5600,294.8400,0.004345
FILLER_73_640,VSS,Metal1,314.6460,294.3790,0.004344
FILLER_73_633,VSS,Metal1,311.2860,294.3790,0.004342
FILLER_73_626,VSS,Metal1,307.9260,294.3790,0.004336
FILLER_73_603,VSS,Metal1,295.4400,294.8400,0.004269
FILLER_73_599,VSS,Metal1,294.2280,294.4630,0.004269
FILLER_73_592,VSS,Metal1,291.6060,294.3790,0.004230
FILLER_73_585,VSS,Metal1,288.2460,294.3790,0.004178
FILLER_73_578,VSS,Metal1,284.8860,294.3790,0.004126
FILLER_73_563,VSS,Metal1,276.2400,294.8400,0.004039
FILLER_73_559,VSS,Metal1,275.0280,294.4630,0.004038
FILLER_73_552,VSS,Metal1,272.4060,294.3790,0.004038
FILLER_73_545,VSS,Metal1,269.0460,294.3790,0.004038
FILLER_73_535,VSS,Metal1,262.8000,294.8400,0.000159
FILLER_73_528,VSS,Metal1,260.8860,294.3790,0.000156
FILLER_73_521,VSS,Metal1,257.5260,294.3790,0.000129
FILLER_73_478,VSS,Metal1,236.1480,294.4630,0.000238
FILLER_73_472,VSS,Metal1,232.5600,294.8400,0.000246
FILLER_73_456,VSS,Metal1,225.1200,294.8400,0.000272
FILLER_73_452,VSS,Metal1,223.6680,294.4630,0.000273
FILLER_73_445,VSS,Metal1,221.0460,294.3790,0.000273
FILLER_73_409,VSS,Metal1,202.3200,294.8400,0.000221
FILLER_73_405,VSS,Metal1,201.1080,294.4630,0.000221
FILLER_73_398,VSS,Metal1,198.4860,294.3790,0.000221
FILLER_73_391,VSS,Metal1,195.1260,294.3790,0.000220
FILLER_73_373,VSS,Metal1,185.0400,294.8400,0.000140
FILLER_73_366,VSS,Metal1,183.1260,294.3790,0.000120
FILLER_73_359,VSS,Metal1,179.7660,294.3790,0.000100
FILLER_73_352,VSS,Metal1,176.4060,294.3790,0.000080
FILLER_73_340,VSS,Metal1,169.4400,294.8400,0.000150
FILLER_73_333,VSS,Metal1,167.2860,294.3790,0.000150
FILLER_73_326,VSS,Metal1,163.9260,294.3790,0.000150
FILLER_73_316,VSS,Metal1,157.6800,294.8400,0.000158
FILLER_73_301,VSS,Metal1,150.7200,294.8400,0.000194
FILLER_73_294,VSS,Metal1,148.5660,294.3790,0.000208
FILLER_73_289,VSS,Metal1,144.7200,294.8400,0.000228
FILLER_73_287,VSS,Metal1,144.0000,294.8400,0.000228
FILLER_73_274,VSS,Metal1,138.2280,294.4630,0.000227
FILLER_73_258,VSS,Metal1,130.5480,294.4630,0.000218
FILLER_73_214,VSS,Metal1,108.9600,294.8400,0.000096
FILLER_73_168,VSS,Metal1,88.0860,294.3790,0.000128
FILLER_73_140,VSS,Metal1,73.4400,294.8400,0.000176
FILLER_73_133,VSS,Metal1,71.2860,294.3790,0.000180
FILLER_73_126,VSS,Metal1,67.9260,294.3790,0.000182
FILLER_73_119,VSS,Metal1,64.5660,294.3790,0.000188
FILLER_73_112,VSS,Metal1,61.2060,294.3790,0.000191
FILLER_73_93,VSS,Metal1,50.6400,294.8400,0.000195
FILLER_73_86,VSS,Metal1,47.2800,294.8400,0.000094
FILLER_73_82,VSS,Metal1,46.0680,294.4630,0.000035
FILLER_73_75,VSS,Metal1,43.4460,294.3790,0.000035
FILLER_73_68,VSS,Metal1,40.0860,294.3790,0.000035
FILLER_73_61,VSS,Metal1,36.7260,294.3790,0.000034
FILLER_73_54,VSS,Metal1,33.3660,294.3790,0.000034
FILLER_73_40,VSS,Metal1,25.4400,294.8400,0.000025
FILLER_73_33,VSS,Metal1,21.8400,294.8400,0.000043
FILLER_73_31,VSS,Metal1,21.1200,294.8400,0.000045
FILLER_73_24,VSS,Metal1,18.9660,294.3790,0.000045
FILLER_73_18,VSS,Metal1,14.8800,294.8400,0.000046
FILLER_73_11,VSS,Metal1,11.5200,294.8400,0.000045
FILLER_73_7,VSS,Metal1,10.0680,294.4630,0.000045
FILLER_73_0,VSS,Metal1,7.4460,294.3790,0.000045
FILLER_72_651,VSS,Metal1,318.4800,287.2800,0.001752
FILLER_72_649,VSS,Metal1,317.7600,287.2800,0.001752
FILLER_72_642,VSS,Metal1,315.6060,287.7400,0.001752
FILLER_72_635,VSS,Metal1,312.2460,287.7400,0.001749
FILLER_72_628,VSS,Metal1,308.8860,287.7400,0.001741
FILLER_72_603,VSS,Metal1,296.1480,287.6560,0.001636
FILLER_72_596,VSS,Metal1,293.5260,287.7400,0.001636
FILLER_72_589,VSS,Metal1,290.1660,287.7400,0.001636
FILLER_72_582,VSS,Metal1,286.8060,287.7400,0.001636
FILLER_72_556,VSS,Metal1,274.3260,287.7400,0.001378
FILLER_72_549,VSS,Metal1,270.9660,287.7400,0.001251
FILLER_72_542,VSS,Metal1,267.6060,287.7400,0.001237
FILLER_72_537,VSS,Metal1,263.7600,287.2800,0.001206
FILLER_72_533,VSS,Metal1,262.5480,287.6560,0.001199
FILLER_72_526,VSS,Metal1,259.9260,287.7400,0.000354
FILLER_72_519,VSS,Metal1,256.5660,287.7400,0.000197
FILLER_72_512,VSS,Metal1,253.2060,287.7400,0.000043
FILLER_72_505,VSS,Metal1,249.8460,287.7400,0.000073
FILLER_72_498,VSS,Metal1,246.4860,287.7400,0.000106
FILLER_72_491,VSS,Metal1,243.1260,287.7400,0.000106
FILLER_72_484,VSS,Metal1,239.7660,287.7400,0.000106
FILLER_72_477,VSS,Metal1,236.4060,287.7400,0.000106
FILLER_72_462,VSS,Metal1,227.7600,287.2800,0.000137
FILLER_72_450,VSS,Metal1,223.4460,287.7400,0.000141
FILLER_72_443,VSS,Metal1,220.0860,287.7400,0.000141
FILLER_72_436,VSS,Metal1,216.7260,287.7400,0.000174
FILLER_72_429,VSS,Metal1,213.3660,287.7400,0.000181
FILLER_72_412,VSS,Metal1,204.0000,287.2800,0.000186
FILLER_72_408,VSS,Metal1,202.5480,287.6560,0.000186
FILLER_72_401,VSS,Metal1,199.9260,287.7400,0.000178
FILLER_72_394,VSS,Metal1,196.5660,287.7400,0.000178
FILLER_72_387,VSS,Metal1,193.2060,287.7400,0.000127
FILLER_72_380,VSS,Metal1,189.8460,287.7400,0.000124
FILLER_72_373,VSS,Metal1,186.4860,287.7400,0.000054
FILLER_72_367,VSS,Metal1,182.1600,287.2800,0.000053
FILLER_72_357,VSS,Metal1,178.0680,287.6560,0.000046
FILLER_72_350,VSS,Metal1,175.4460,287.7400,0.000046
FILLER_72_338,VSS,Metal1,168.2400,287.2800,0.000117
FILLER_72_326,VSS,Metal1,163.9260,287.7400,0.000134
FILLER_72_319,VSS,Metal1,160.5660,287.7400,0.000188
FILLER_72_312,VSS,Metal1,157.2060,287.7400,0.000236
FILLER_72_306,VSS,Metal1,153.1200,287.2800,0.000260
FILLER_72_302,VSS,Metal1,151.6680,287.6560,0.000261
FILLER_72_297,VSS,Metal1,148.8000,287.2800,0.000258
FILLER_72_293,VSS,Metal1,147.3480,287.6560,0.000258
FILLER_72_286,VSS,Metal1,144.7260,287.7400,0.000245
FILLER_72_279,VSS,Metal1,141.3660,287.7400,0.000245
FILLER_72_272,VSS,Metal1,138.0060,287.7400,0.000245
FILLER_72_265,VSS,Metal1,134.6460,287.7400,0.000217
FILLER_72_249,VSS,Metal1,125.5200,287.2800,0.000217
FILLER_72_247,VSS,Metal1,124.8000,287.2800,0.000163
FILLER_72_236,VSS,Metal1,119.5200,287.2800,0.000111
FILLER_72_219,VSS,Metal1,112.5660,287.7400,0.000084
FILLER_72_212,VSS,Metal1,109.2060,287.7400,0.000081
FILLER_72_205,VSS,Metal1,105.8460,287.7400,0.000063
FILLER_72_198,VSS,Metal1,102.4860,287.7400,0.000044
FILLER_72_188,VSS,Metal1,97.6860,287.7400,0.000105
FILLER_72_175,VSS,Metal1,90.7080,287.6560,0.000147
FILLER_72_168,VSS,Metal1,88.0860,287.7400,0.000147
FILLER_72_161,VSS,Metal1,84.7260,287.7400,0.000147
FILLER_72_147,VSS,Metal1,76.8000,287.2800,0.000601
FILLER_72_115,VSS,Metal1,61.4400,287.2800,0.000589
FILLER_72_111,VSS,Metal1,59.9880,287.6560,0.000589
FILLER_72_104,VSS,Metal1,57.3660,287.7400,0.000402
FILLER_72_57,VSS,Metal1,33.6000,287.2800,0.000128
FILLER_72_53,VSS,Metal1,32.1480,287.6560,0.000128
FILLER_72_46,VSS,Metal1,29.5260,287.7400,0.000084
FILLER_72_39,VSS,Metal1,24.7200,287.2800,0.000060
FILLER_72_37,VSS,Metal1,24.0000,287.2800,0.000060
FILLER_72_27,VSS,Metal1,18.9600,287.2800,0.000094
FILLER_72_23,VSS,Metal1,17.7480,287.6560,0.000094
FILLER_72_18,VSS,Metal1,14.6400,287.2800,0.000094
FILLER_72_16,VSS,Metal1,13.9200,287.2800,0.000094
FILLER_72_11,VSS,Metal1,11.5200,287.2800,0.000094
FILLER_72_4,VSS,Metal1,9.3660,287.7400,0.000094
FILLER_71_608,VSS,Metal1,298.0800,287.2800,0.001652
FILLER_71_601,VSS,Metal1,295.9260,286.8190,0.001636
FILLER_71_594,VSS,Metal1,292.5660,286.8190,0.001636
FILLER_71_587,VSS,Metal1,289.2060,286.8190,0.001636
FILLER_71_578,VSS,Metal1,283.4400,287.2800,0.001609
FILLER_71_557,VSS,Metal1,274.8060,286.8190,0.001380
FILLER_71_550,VSS,Metal1,271.4460,286.8190,0.001254
FILLER_71_529,VSS,Metal1,259.9200,287.2800,0.000354
FILLER_71_527,VSS,Metal1,259.2000,287.2800,0.000354
FILLER_71_520,VSS,Metal1,257.0460,286.8190,0.000200
FILLER_71_513,VSS,Metal1,253.6860,286.8190,0.000043
FILLER_71_506,VSS,Metal1,250.3260,286.8190,0.000072
FILLER_71_500,VSS,Metal1,246.2400,287.2800,0.000106
FILLER_71_493,VSS,Metal1,244.0860,286.8190,0.000106
FILLER_71_486,VSS,Metal1,240.7260,286.8190,0.000106
FILLER_71_479,VSS,Metal1,237.3660,286.8190,0.000106
FILLER_71_472,VSS,Metal1,234.0060,286.8190,0.000106
FILLER_71_465,VSS,Metal1,230.6460,286.8190,0.000133
FILLER_71_458,VSS,Metal1,227.2860,286.8190,0.000137
FILLER_71_454,VSS,Metal1,223.9200,287.2800,0.000141
FILLER_71_452,VSS,Metal1,223.2000,287.2800,0.000141
FILLER_71_445,VSS,Metal1,221.0460,286.8190,0.000141
FILLER_71_437,VSS,Metal1,216.4680,286.9030,0.000174
FILLER_71_430,VSS,Metal1,213.8460,286.8190,0.000180
FILLER_71_423,VSS,Metal1,210.4860,286.8190,0.000187
FILLER_71_416,VSS,Metal1,207.1260,286.8190,0.000190
FILLER_71_409,VSS,Metal1,203.7660,286.8190,0.000186
FILLER_71_362,VSS,Metal1,179.7600,287.2800,0.000051
FILLER_71_355,VSS,Metal1,177.8460,286.8190,0.000046
FILLER_71_349,VSS,Metal1,173.5200,287.2800,0.000104
FILLER_71_345,VSS,Metal1,172.3080,286.9030,0.000107
FILLER_71_340,VSS,Metal1,169.4400,287.2800,0.000113
FILLER_71_336,VSS,Metal1,167.9880,286.9030,0.000117
FILLER_71_320,VSS,Metal1,159.8400,287.2800,0.000188
FILLER_71_313,VSS,Metal1,157.6860,286.8190,0.000235
FILLER_71_307,VSS,Metal1,153.3600,287.2800,0.000260
FILLER_71_305,VSS,Metal1,152.6400,287.2800,0.000260
FILLER_71_298,VSS,Metal1,150.4860,286.8190,0.000261
FILLER_71_292,VSS,Metal1,146.1600,287.2800,0.000245
FILLER_71_290,VSS,Metal1,145.4400,287.2800,0.000245
FILLER_71_283,VSS,Metal1,143.2860,286.8190,0.000245
FILLER_71_229,VSS,Metal1,117.3660,286.8190,0.000090
FILLER_71_222,VSS,Metal1,114.0060,286.8190,0.000086
FILLER_71_215,VSS,Metal1,110.6460,286.8190,0.000084
FILLER_71_194,VSS,Metal1,100.5660,286.8190,0.000044
FILLER_71_188,VSS,Metal1,96.4800,287.2800,0.000105
FILLER_71_184,VSS,Metal1,95.0280,286.9030,0.000136
FILLER_71_177,VSS,Metal1,92.4060,286.8190,0.000147
FILLER_71_170,VSS,Metal1,89.0460,286.8190,0.000147
FILLER_71_163,VSS,Metal1,85.6860,286.8190,0.000147
FILLER_71_156,VSS,Metal1,82.3260,286.8190,0.000147
FILLER_71_148,VSS,Metal1,77.2800,287.2800,0.000601
FILLER_71_137,VSS,Metal1,72.0000,287.2800,0.000605
FILLER_71_126,VSS,Metal1,66.4800,287.2800,0.000605
FILLER_71_119,VSS,Metal1,64.5660,286.8190,0.000605
FILLER_71_112,VSS,Metal1,61.2060,286.8190,0.000589
FILLER_71_106,VSS,Metal1,56.8800,287.2800,0.000402
FILLER_71_102,VSS,Metal1,55.6680,286.9030,0.000402
FILLER_71_97,VSS,Metal1,52.5600,287.2800,0.000263
FILLER_71_79,VSS,Metal1,43.9200,287.2800,0.000153
FILLER_71_69,VSS,Metal1,39.1200,287.2800,0.000153
FILLER_71_67,VSS,Metal1,38.4000,287.2800,0.000153
FILLER_71_60,VSS,Metal1,36.2460,286.8190,0.000147
FILLER_71_36,VSS,Metal1,23.2800,287.2800,0.000089
FILLER_71_34,VSS,Metal1,22.5600,287.2800,0.000092
FILLER_71_0,VSS,Metal1,7.4460,286.8190,0.000094
FILLER_70_617,VSS,Metal1,302.4000,279.7200,0.002477
FILLER_70_605,VSS,Metal1,297.8460,280.1800,0.002431
FILLER_70_598,VSS,Metal1,294.4860,280.1800,0.002239
FILLER_70_591,VSS,Metal1,291.1260,280.1800,0.002082
FILLER_70_586,VSS,Metal1,287.5200,279.7200,0.001975
FILLER_70_579,VSS,Metal1,285.3660,280.1800,0.001823
FILLER_70_570,VSS,Metal1,279.6000,279.7200,0.000568
FILLER_70_563,VSS,Metal1,277.6860,280.1800,0.000568
FILLER_70_556,VSS,Metal1,274.3260,280.1800,0.000568
FILLER_70_522,VSS,Metal1,256.5600,279.7200,0.000115
FILLER_70_515,VSS,Metal1,254.6460,280.1800,0.000109
FILLER_70_508,VSS,Metal1,251.2860,280.1800,0.000104
FILLER_70_497,VSS,Metal1,244.5600,279.7200,0.000277
FILLER_70_493,VSS,Metal1,243.3480,280.0960,0.000277
FILLER_70_486,VSS,Metal1,240.7260,280.1800,0.000377
FILLER_70_479,VSS,Metal1,237.3660,280.1800,0.000510
FILLER_70_446,VSS,Metal1,220.0800,279.7200,0.000570
FILLER_70_434,VSS,Metal1,214.3200,279.7200,0.000557
FILLER_70_427,VSS,Metal1,212.4060,280.1800,0.000554
FILLER_70_420,VSS,Metal1,209.0460,280.1800,0.000534
FILLER_70_413,VSS,Metal1,205.6860,280.1800,0.000449
FILLER_70_406,VSS,Metal1,202.3260,280.1800,0.000449
FILLER_70_397,VSS,Metal1,196.8000,279.7200,0.000342
FILLER_70_393,VSS,Metal1,195.3480,280.0960,0.000276
FILLER_70_386,VSS,Metal1,192.7260,280.1800,0.000274
FILLER_70_379,VSS,Metal1,189.3660,280.1800,0.000273
FILLER_70_366,VSS,Metal1,181.6800,279.7200,0.000159
FILLER_70_362,VSS,Metal1,180.4680,280.0960,0.000083
FILLER_70_355,VSS,Metal1,177.8460,280.1800,0.000051
FILLER_70_348,VSS,Metal1,174.4860,280.1800,0.000093
FILLER_70_341,VSS,Metal1,171.1260,280.1800,0.000159
FILLER_70_329,VSS,Metal1,163.9200,279.7200,0.000459
FILLER_70_325,VSS,Metal1,162.7080,280.0960,0.000459
FILLER_70_318,VSS,Metal1,160.0860,280.1800,0.000510
FILLER_70_311,VSS,Metal1,156.7260,280.1800,0.000563
FILLER_70_264,VSS,Metal1,133.4280,280.0960,0.000594
FILLER_70_257,VSS,Metal1,130.8060,280.1800,0.000554
FILLER_70_250,VSS,Metal1,127.4460,280.1800,0.000509
FILLER_70_246,VSS,Metal1,124.0800,279.7200,0.000443
FILLER_70_242,VSS,Metal1,122.8680,280.0960,0.000440
FILLER_70_235,VSS,Metal1,120.2460,280.1800,0.000389
FILLER_70_228,VSS,Metal1,116.8860,280.1800,0.000334
FILLER_70_221,VSS,Metal1,113.5260,280.1800,0.000260
FILLER_70_214,VSS,Metal1,110.1660,280.1800,0.000186
FILLER_70_207,VSS,Metal1,105.3600,279.7200,0.000154
FILLER_70_203,VSS,Metal1,104.1480,280.0960,0.000150
FILLER_70_196,VSS,Metal1,101.5260,280.1800,0.000150
FILLER_70_189,VSS,Metal1,98.1660,280.1800,0.000150
FILLER_70_182,VSS,Metal1,94.8060,280.1800,0.000324
FILLER_70_168,VSS,Metal1,86.6400,279.7200,0.000396
FILLER_70_166,VSS,Metal1,85.9200,279.7200,0.000399
FILLER_70_148,VSS,Metal1,77.0400,279.7200,0.000425
FILLER_70_134,VSS,Metal1,71.0280,280.0960,0.000423
FILLER_70_127,VSS,Metal1,68.4060,280.1800,0.000418
FILLER_70_120,VSS,Metal1,65.0460,280.1800,0.000410
FILLER_70_91,VSS,Metal1,49.9200,279.7200,0.000347
FILLER_70_84,VSS,Metal1,47.7660,280.1800,0.000317
FILLER_70_77,VSS,Metal1,43.2000,279.7200,0.000215
FILLER_70_73,VSS,Metal1,41.7480,280.0960,0.000198
FILLER_70_66,VSS,Metal1,39.1260,280.1800,0.000198
FILLER_70_59,VSS,Metal1,35.7660,280.1800,0.000183
FILLER_70_54,VSS,Metal1,31.9200,279.7200,0.000129
FILLER_70_52,VSS,Metal1,31.2000,279.7200,0.000129
FILLER_70_34,VSS,Metal1,23.7660,280.1800,0.000068
FILLER_70_27,VSS,Metal1,20.4060,280.1800,0.000165
FILLER_70_20,VSS,Metal1,17.0460,280.1800,0.000165
FILLER_70_10,VSS,Metal1,10.8000,279.7200,0.000165
FILLER_70_8,VSS,Metal1,10.0800,279.7200,0.000177
FILLER_69_647,VSS,Metal1,316.5600,279.7200,0.002528
FILLER_69_643,VSS,Metal1,315.3480,279.3430,0.002528
FILLER_69_613,VSS,Metal1,300.2400,279.7200,0.002471
FILLER_69_606,VSS,Metal1,298.3260,279.2590,0.002435
FILLER_69_599,VSS,Metal1,294.9660,279.2590,0.002243
FILLER_69_589,VSS,Metal1,288.7200,279.7200,0.001984
FILLER_69_585,VSS,Metal1,287.5080,279.3430,0.001975
FILLER_69_579,VSS,Metal1,283.9200,279.7200,0.001823
FILLER_69_572,VSS,Metal1,282.0060,279.2590,0.001602
FILLER_69_565,VSS,Metal1,278.6460,279.2590,0.000568
FILLER_69_558,VSS,Metal1,275.2860,279.2590,0.000568
FILLER_69_551,VSS,Metal1,271.9260,279.2590,0.000568
FILLER_69_525,VSS,Metal1,258.2400,279.7200,0.000124
FILLER_69_518,VSS,Metal1,256.0860,279.2590,0.000115
FILLER_69_511,VSS,Metal1,252.7260,279.2590,0.000109
FILLER_69_505,VSS,Metal1,248.6400,279.7200,0.000218
FILLER_69_501,VSS,Metal1,247.1880,279.3430,0.000231
FILLER_69_494,VSS,Metal1,244.5660,279.2590,0.000277
FILLER_69_487,VSS,Metal1,241.2060,279.2590,0.000374
FILLER_69_467,VSS,Metal1,230.4000,279.7200,0.000543
FILLER_69_463,VSS,Metal1,228.9480,279.3430,0.000543
FILLER_69_451,VSS,Metal1,222.7200,279.7200,0.000569
FILLER_69_444,VSS,Metal1,220.5660,279.2590,0.000570
FILLER_69_419,VSS,Metal1,207.1200,279.7200,0.000449
FILLER_69_415,VSS,Metal1,205.9080,279.3430,0.000449
FILLER_69_408,VSS,Metal1,203.2860,279.2590,0.000449
FILLER_69_396,VSS,Metal1,197.5260,279.2590,0.000342
FILLER_69_389,VSS,Metal1,194.1660,279.2590,0.000276
FILLER_69_382,VSS,Metal1,190.8060,279.2590,0.000274
FILLER_69_372,VSS,Metal1,186.0060,279.2590,0.000174
FILLER_69_365,VSS,Metal1,182.6460,279.2590,0.000159
FILLER_69_361,VSS,Metal1,179.2800,279.7200,0.000051
FILLER_69_357,VSS,Metal1,178.0680,279.3430,0.000051
FILLER_69_345,VSS,Metal1,171.8400,279.7200,0.000159
FILLER_69_338,VSS,Metal1,169.6860,279.2590,0.000161
FILLER_69_331,VSS,Metal1,166.3260,279.2590,0.000173
FILLER_69_324,VSS,Metal1,162.9660,279.2590,0.000459
FILLER_69_317,VSS,Metal1,159.6060,279.2590,0.000511
FILLER_69_313,VSS,Metal1,156.2400,279.7200,0.000563
FILLER_69_311,VSS,Metal1,155.5200,279.7200,0.000563
FILLER_69_304,VSS,Metal1,153.3660,279.2590,0.000608
FILLER_69_279,VSS,Metal1,140.1600,279.7200,0.000605
FILLER_69_272,VSS,Metal1,138.0060,279.2590,0.000596
FILLER_69_265,VSS,Metal1,134.6460,279.2590,0.000594
FILLER_69_258,VSS,Metal1,131.2860,279.2590,0.000555
FILLER_69_234,VSS,Metal1,118.3200,279.7200,0.000334
FILLER_69_227,VSS,Metal1,116.4060,279.2590,0.000333
FILLER_69_220,VSS,Metal1,113.0460,279.2590,0.000259
FILLER_69_208,VSS,Metal1,105.8400,279.7200,0.000171
FILLER_69_190,VSS,Metal1,97.2000,279.7200,0.000150
FILLER_69_186,VSS,Metal1,95.9880,279.3430,0.000324
FILLER_69_164,VSS,Metal1,84.7200,279.7200,0.000423
FILLER_69_132,VSS,Metal1,69.6000,279.7200,0.000418
FILLER_69_128,VSS,Metal1,68.1480,279.3430,0.000418
FILLER_69_121,VSS,Metal1,65.5260,279.2590,0.000410
FILLER_69_102,VSS,Metal1,54.9600,279.7200,0.000404
FILLER_69_85,VSS,Metal1,47.5080,279.3430,0.000317
FILLER_69_78,VSS,Metal1,44.8860,279.2590,0.000227
FILLER_69_71,VSS,Metal1,41.5260,279.2590,0.000198
FILLER_69_51,VSS,Metal1,31.9260,279.2590,0.000129
FILLER_69_46,VSS,Metal1,28.0800,279.7200,0.000069
FILLER_69_44,VSS,Metal1,27.3600,279.7200,0.000069
FILLER_68_651,VSS,Metal1,318.4800,272.1600,0.000529
FILLER_68_644,VSS,Metal1,316.5660,272.6200,0.000529
FILLER_68_637,VSS,Metal1,313.2060,272.6200,0.000529
FILLER_68_630,VSS,Metal1,309.8460,272.6200,0.000519
FILLER_68_620,VSS,Metal1,305.0460,272.6200,0.000519
FILLER_68_613,VSS,Metal1,301.6860,272.6200,0.000519
FILLER_68_608,VSS,Metal1,297.8400,272.1600,0.000457
FILLER_68_601,VSS,Metal1,295.9260,272.6200,0.000454
FILLER_68_594,VSS,Metal1,292.5660,272.6200,0.000426
FILLER_68_558,VSS,Metal1,275.2860,272.6200,0.000248
FILLER_68_551,VSS,Metal1,271.9260,272.6200,0.000218
FILLER_68_544,VSS,Metal1,268.5660,272.6200,0.000187
FILLER_68_527,VSS,Metal1,260.4060,272.6200,0.000118
FILLER_68_520,VSS,Metal1,257.0460,272.6200,0.000115
FILLER_68_509,VSS,Metal1,250.3200,272.1600,0.000340
FILLER_68_507,VSS,Metal1,249.6000,272.1600,0.000348
FILLER_68_491,VSS,Metal1,241.9200,272.1600,0.000586
FILLER_68_487,VSS,Metal1,240.4680,272.5360,0.000782
FILLER_68_480,VSS,Metal1,237.8460,272.6200,0.000783
FILLER_68_473,VSS,Metal1,233.2800,272.1600,0.000801
FILLER_68_466,VSS,Metal1,229.9200,272.1600,0.000823
FILLER_68_459,VSS,Metal1,227.7660,272.6200,0.000839
FILLER_68_452,VSS,Metal1,224.4060,272.6200,0.000839
FILLER_68_445,VSS,Metal1,221.0460,272.6200,0.000839
FILLER_68_438,VSS,Metal1,217.6860,272.6200,0.000839
FILLER_68_431,VSS,Metal1,214.3260,272.6200,0.000839
FILLER_68_426,VSS,Metal1,210.4800,272.1600,0.000839
FILLER_68_424,VSS,Metal1,209.7600,272.1600,0.000853
FILLER_68_401,VSS,Metal1,198.4800,272.1600,0.001226
FILLER_68_397,VSS,Metal1,197.2680,272.5360,0.001226
FILLER_68_390,VSS,Metal1,194.6460,272.6200,0.001104
FILLER_68_383,VSS,Metal1,191.2860,272.6200,0.001096
FILLER_68_378,VSS,Metal1,187.6800,272.1600,0.001072
FILLER_68_374,VSS,Metal1,186.2280,272.5360,0.001072
FILLER_68_364,VSS,Metal1,180.7200,272.1600,0.001065
FILLER_68_357,VSS,Metal1,178.8060,272.6200,0.000346
FILLER_68_350,VSS,Metal1,175.4460,272.6200,0.000038
FILLER_68_343,VSS,Metal1,172.0860,272.6200,0.000039
FILLER_68_336,VSS,Metal1,167.9880,272.5360,0.000193
FILLER_68_329,VSS,Metal1,165.3660,272.6200,0.000193
FILLER_68_318,VSS,Metal1,158.8800,272.1600,0.000224
FILLER_68_310,VSS,Metal1,154.8000,272.1600,0.000240
FILLER_68_308,VSS,Metal1,154.0800,272.1600,0.000240
FILLER_68_301,VSS,Metal1,151.9260,272.6200,0.000240
FILLER_68_294,VSS,Metal1,148.5660,272.6200,0.000241
FILLER_68_287,VSS,Metal1,145.2060,272.6200,0.000242
FILLER_68_280,VSS,Metal1,141.8460,272.6200,0.000242
FILLER_68_273,VSS,Metal1,138.4860,272.6200,0.000242
FILLER_68_244,VSS,Metal1,123.3600,272.1600,0.000240
FILLER_68_229,VSS,Metal1,115.9200,272.1600,0.000129
FILLER_68_227,VSS,Metal1,115.2000,272.1600,0.000129
FILLER_68_220,VSS,Metal1,113.0460,272.6200,0.000129
FILLER_68_213,VSS,Metal1,109.6860,272.6200,0.000125
FILLER_68_207,VSS,Metal1,105.6000,272.1600,0.000124
FILLER_68_203,VSS,Metal1,104.1480,272.5360,0.000124
FILLER_68_193,VSS,Metal1,98.6400,272.1600,0.000252
FILLER_68_161,VSS,Metal1,83.5200,272.1600,0.000257
FILLER_68_154,VSS,Metal1,81.3660,272.6200,0.000257
FILLER_68_147,VSS,Metal1,78.0060,272.6200,0.000258
FILLER_68_140,VSS,Metal1,74.6460,272.6200,0.000259
FILLER_68_133,VSS,Metal1,71.2860,272.6200,0.000260
FILLER_68_126,VSS,Metal1,67.9260,272.6200,0.000270
FILLER_68_119,VSS,Metal1,64.5660,272.6200,0.000271
FILLER_68_112,VSS,Metal1,61.2060,272.6200,0.000271
FILLER_68_105,VSS,Metal1,57.8460,272.6200,0.000177
FILLER_68_98,VSS,Metal1,54.4860,272.6200,0.000177
FILLER_68_91,VSS,Metal1,51.1260,272.6200,0.000177
FILLER_68_84,VSS,Metal1,47.7660,272.6200,0.000177
FILLER_68_77,VSS,Metal1,44.4060,272.6200,0.000177
FILLER_68_70,VSS,Metal1,41.0460,272.6200,0.000177
FILLER_68_39,VSS,Metal1,24.7200,272.1600,0.000086
FILLER_68_32,VSS,Metal1,22.8060,272.6200,0.000086
FILLER_68_25,VSS,Metal1,19.4460,272.6200,0.000086
FILLER_68_19,VSS,Metal1,15.3600,272.1600,0.000089
FILLER_68_6,VSS,Metal1,8.8800,272.1600,0.000104
FILLER_68_4,VSS,Metal1,8.1600,272.1600,0.000104
FILLER_67_600,VSS,Metal1,294.0000,272.1600,0.000426
FILLER_67_598,VSS,Metal1,293.2800,272.1600,0.000426
FILLER_67_591,VSS,Metal1,291.1260,271.6990,0.000425
FILLER_67_560,VSS,Metal1,274.8000,272.1600,0.000248
FILLER_67_558,VSS,Metal1,274.0800,272.1600,0.000248
FILLER_67_551,VSS,Metal1,271.9260,271.6990,0.000218
FILLER_67_544,VSS,Metal1,268.5660,271.6990,0.000187
FILLER_67_537,VSS,Metal1,265.2060,271.6990,0.000129
FILLER_67_530,VSS,Metal1,261.8460,271.6990,0.000122
FILLER_67_523,VSS,Metal1,258.4860,271.6990,0.000118
FILLER_67_516,VSS,Metal1,255.1260,271.6990,0.000115
FILLER_67_493,VSS,Metal1,242.6400,272.1600,0.000586
FILLER_67_491,VSS,Metal1,241.9200,272.1600,0.000586
FILLER_67_484,VSS,Metal1,239.7660,271.6990,0.000783
FILLER_67_477,VSS,Metal1,236.4060,271.6990,0.000785
FILLER_67_461,VSS,Metal1,227.9880,271.7830,0.000839
FILLER_67_454,VSS,Metal1,225.3660,271.6990,0.000839
FILLER_67_447,VSS,Metal1,222.0060,271.6990,0.000839
FILLER_67_440,VSS,Metal1,218.6460,271.6990,0.000839
FILLER_67_433,VSS,Metal1,215.2860,271.6990,0.000839
FILLER_67_426,VSS,Metal1,211.9260,271.6990,0.000839
FILLER_67_419,VSS,Metal1,208.5660,271.6990,0.000853
FILLER_67_405,VSS,Metal1,201.1080,271.7830,0.001227
FILLER_67_398,VSS,Metal1,198.4860,271.6990,0.001226
FILLER_67_380,VSS,Metal1,188.6400,272.1600,0.001089
FILLER_67_373,VSS,Metal1,186.4860,271.6990,0.001072
FILLER_67_361,VSS,Metal1,179.5200,272.1600,0.000346
FILLER_67_357,VSS,Metal1,178.0680,271.7830,0.000346
FILLER_67_353,VSS,Metal1,175.4400,272.1600,0.000038
FILLER_67_351,VSS,Metal1,174.7200,272.1600,0.000038
FILLER_67_347,VSS,Metal1,172.5600,272.1600,0.000039
FILLER_67_343,VSS,Metal1,171.3480,271.7830,0.000039
FILLER_67_331,VSS,Metal1,166.3260,271.6990,0.000193
FILLER_67_324,VSS,Metal1,162.9660,271.6990,0.000193
FILLER_67_317,VSS,Metal1,159.6060,271.6990,0.000224
FILLER_67_312,VSS,Metal1,156.0000,272.1600,0.000231
FILLER_67_305,VSS,Metal1,153.8460,271.6990,0.000240
FILLER_67_298,VSS,Metal1,150.4860,271.6990,0.000241
FILLER_67_293,VSS,Metal1,146.6400,272.1600,0.000242
FILLER_67_291,VSS,Metal1,145.9200,272.1600,0.000242
FILLER_67_284,VSS,Metal1,143.7660,271.6990,0.000242
FILLER_67_277,VSS,Metal1,140.4060,271.6990,0.000242
FILLER_67_270,VSS,Metal1,137.0460,271.6990,0.000242
FILLER_67_260,VSS,Metal1,130.8000,272.1600,0.000242
FILLER_67_232,VSS,Metal1,117.3600,272.1600,0.000165
FILLER_67_225,VSS,Metal1,115.4460,271.6990,0.000129
FILLER_67_193,VSS,Metal1,98.8800,272.1600,0.000252
FILLER_67_186,VSS,Metal1,95.5200,272.1600,0.000255
FILLER_67_179,VSS,Metal1,93.3660,271.6990,0.000255
FILLER_67_172,VSS,Metal1,88.8000,272.1600,0.000256
FILLER_67_165,VSS,Metal1,86.6460,271.6990,0.000255
FILLER_67_158,VSS,Metal1,83.2860,271.6990,0.000257
FILLER_67_151,VSS,Metal1,79.9260,271.6990,0.000258
FILLER_67_144,VSS,Metal1,76.5660,271.6990,0.000259
FILLER_67_137,VSS,Metal1,73.2060,271.6990,0.000260
FILLER_67_103,VSS,Metal1,56.1480,271.7830,0.000177
FILLER_67_96,VSS,Metal1,53.5260,271.6990,0.000177
FILLER_67_89,VSS,Metal1,50.1660,271.6990,0.000177
FILLER_67_82,VSS,Metal1,46.8060,271.6990,0.000177
FILLER_67_75,VSS,Metal1,43.4460,271.6990,0.000177
FILLER_67_68,VSS,Metal1,40.0860,271.6990,0.000177
FILLER_67_44,VSS,Metal1,27.3600,272.1600,0.000119
FILLER_67_37,VSS,Metal1,25.2060,271.6990,0.000086
FILLER_67_30,VSS,Metal1,21.8460,271.6990,0.000086
FILLER_67_23,VSS,Metal1,18.4860,271.6990,0.000086
FILLER_67_16,VSS,Metal1,15.1260,271.6990,0.000089
FILLER_67_11,VSS,Metal1,11.2800,272.1600,0.000102
FILLER_67_4,VSS,Metal1,9.3660,271.6990,0.000104
FILLER_66_651,VSS,Metal1,318.4800,264.6000,0.001205
FILLER_66_631,VSS,Metal1,310.3260,265.0600,0.001205
FILLER_66_626,VSS,Metal1,306.7200,264.6000,0.001179
FILLER_66_622,VSS,Metal1,305.2680,264.9760,0.001176
FILLER_66_615,VSS,Metal1,302.6460,265.0600,0.001131
FILLER_66_596,VSS,Metal1,292.0800,264.6000,0.001089
FILLER_66_594,VSS,Metal1,291.3600,264.6000,0.001089
FILLER_66_587,VSS,Metal1,289.2060,265.0600,0.001089
FILLER_66_580,VSS,Metal1,285.8460,265.0600,0.001089
FILLER_66_574,VSS,Metal1,281.7600,264.6000,0.001073
FILLER_66_565,VSS,Metal1,277.9080,264.9760,0.001073
FILLER_66_558,VSS,Metal1,275.2860,265.0600,0.000949
FILLER_66_551,VSS,Metal1,271.9260,265.0600,0.000822
FILLER_66_544,VSS,Metal1,268.5660,265.0600,0.000695
FILLER_66_537,VSS,Metal1,265.2060,265.0600,0.000568
FILLER_66_530,VSS,Metal1,261.8460,265.0600,0.000442
FILLER_66_523,VSS,Metal1,258.4860,265.0600,0.000315
FILLER_66_516,VSS,Metal1,255.1260,265.0600,0.000188
FILLER_66_509,VSS,Metal1,251.7660,265.0600,0.000061
FILLER_66_499,VSS,Metal1,245.7600,264.6000,0.000194
FILLER_66_495,VSS,Metal1,244.3080,264.9760,0.000196
FILLER_66_488,VSS,Metal1,241.6860,265.0600,0.000197
FILLER_66_475,VSS,Metal1,234.0000,264.6000,0.000287
FILLER_66_468,VSS,Metal1,230.8800,264.6000,0.000301
FILLER_66_464,VSS,Metal1,229.4280,264.9760,0.000301
FILLER_66_457,VSS,Metal1,226.8060,265.0600,0.000318
FILLER_66_450,VSS,Metal1,223.4460,265.0600,0.000336
FILLER_66_443,VSS,Metal1,220.0860,265.0600,0.000337
FILLER_66_436,VSS,Metal1,216.7260,265.0600,0.000341
FILLER_66_427,VSS,Metal1,211.2000,264.6000,0.000342
FILLER_66_423,VSS,Metal1,209.7480,264.9760,0.000342
FILLER_66_416,VSS,Metal1,207.1260,265.0600,0.000342
FILLER_66_409,VSS,Metal1,203.7660,265.0600,0.000342
FILLER_66_402,VSS,Metal1,200.4060,265.0600,0.000342
FILLER_66_393,VSS,Metal1,194.6400,264.6000,0.000341
FILLER_66_386,VSS,Metal1,192.7260,265.0600,0.000341
FILLER_66_379,VSS,Metal1,188.1600,264.6000,0.000300
FILLER_66_372,VSS,Metal1,186.0060,265.0600,0.000299
FILLER_66_363,VSS,Metal1,180.9480,264.9760,0.000197
FILLER_66_333,VSS,Metal1,165.8400,264.6000,0.000085
FILLER_66_331,VSS,Metal1,165.1200,264.6000,0.000085
FILLER_66_324,VSS,Metal1,162.9660,265.0600,0.000152
FILLER_66_312,VSS,Metal1,155.7600,264.6000,0.000728
FILLER_66_273,VSS,Metal1,137.2800,264.6000,0.000698
FILLER_66_269,VSS,Metal1,135.8280,264.9760,0.000427
FILLER_66_262,VSS,Metal1,133.2060,265.0600,0.000398
FILLER_66_255,VSS,Metal1,129.8460,265.0600,0.000398
FILLER_66_243,VSS,Metal1,122.8800,264.6000,0.000318
FILLER_66_236,VSS,Metal1,120.7260,265.0600,0.000313
FILLER_66_229,VSS,Metal1,117.3660,265.0600,0.000114
FILLER_66_222,VSS,Metal1,114.0060,265.0600,0.000065
FILLER_66_207,VSS,Metal1,105.3600,264.6000,0.000058
FILLER_66_195,VSS,Metal1,99.8400,264.6000,0.000103
FILLER_66_188,VSS,Metal1,97.6860,265.0600,0.000110
FILLER_66_181,VSS,Metal1,94.3260,265.0600,0.000140
FILLER_66_174,VSS,Metal1,90.9660,265.0600,0.000236
FILLER_66_167,VSS,Metal1,87.6060,265.0600,0.000361
FILLER_66_154,VSS,Metal1,80.6280,264.9760,0.000361
FILLER_66_147,VSS,Metal1,78.0060,265.0600,0.000361
FILLER_66_123,VSS,Metal1,65.2800,264.6000,0.000365
FILLER_66_119,VSS,Metal1,63.8280,264.9760,0.000365
FILLER_66_108,VSS,Metal1,57.8400,264.6000,0.000322
FILLER_66_104,VSS,Metal1,56.6280,264.9760,0.000305
FILLER_66_72,VSS,Metal1,40.8000,264.6000,0.000243
FILLER_66_65,VSS,Metal1,38.6460,265.0600,0.000220
FILLER_66_58,VSS,Metal1,35.2860,265.0600,0.000212
FILLER_66_51,VSS,Metal1,31.1880,264.9760,0.000213
FILLER_66_44,VSS,Metal1,28.5660,265.0600,0.000212
FILLER_66_37,VSS,Metal1,25.2060,265.0600,0.000128
FILLER_66_27,VSS,Metal1,18.9600,264.6000,0.000373
FILLER_66_23,VSS,Metal1,17.7480,264.9760,0.000373
FILLER_66_16,VSS,Metal1,15.1260,265.0600,0.000373
FILLER_66_11,VSS,Metal1,11.5200,264.6000,0.000375
FILLER_66_7,VSS,Metal1,10.0680,264.9760,0.000375
FILLER_66_0,VSS,Metal1,7.4460,265.0600,0.000377
FILLER_65_623,VSS,Metal1,305.2800,264.6000,0.001176
FILLER_65_619,VSS,Metal1,303.8280,264.2230,0.001131
FILLER_65_612,VSS,Metal1,301.2060,264.1390,0.001129
FILLER_65_592,VSS,Metal1,291.6060,264.1390,0.001089
FILLER_65_585,VSS,Metal1,288.2460,264.1390,0.001089
FILLER_65_578,VSS,Metal1,284.8860,264.1390,0.001089
FILLER_65_571,VSS,Metal1,281.5260,264.1390,0.001073
FILLER_65_564,VSS,Metal1,278.1660,264.1390,0.001073
FILLER_65_557,VSS,Metal1,274.8060,264.1390,0.000946
FILLER_65_550,VSS,Metal1,271.4460,264.1390,0.000819
FILLER_65_543,VSS,Metal1,268.0860,264.1390,0.000693
FILLER_65_536,VSS,Metal1,264.7260,264.1390,0.000566
FILLER_65_529,VSS,Metal1,261.3660,264.1390,0.000439
FILLER_65_522,VSS,Metal1,258.0060,264.1390,0.000312
FILLER_65_515,VSS,Metal1,254.6460,264.1390,0.000186
FILLER_65_498,VSS,Metal1,245.0400,264.6000,0.000196
FILLER_65_491,VSS,Metal1,243.1260,264.1390,0.000196
FILLER_65_484,VSS,Metal1,239.7660,264.1390,0.000197
FILLER_65_477,VSS,Metal1,236.4060,264.1390,0.000277
FILLER_65_470,VSS,Metal1,233.0460,264.1390,0.000287
FILLER_65_463,VSS,Metal1,229.6860,264.1390,0.000301
FILLER_65_456,VSS,Metal1,226.3260,264.1390,0.000318
FILLER_65_446,VSS,Metal1,220.3200,264.6000,0.000337
FILLER_65_442,VSS,Metal1,218.8680,264.2230,0.000337
FILLER_65_435,VSS,Metal1,216.2460,264.1390,0.000341
FILLER_65_428,VSS,Metal1,212.8860,264.1390,0.000343
FILLER_65_421,VSS,Metal1,209.5260,264.1390,0.000342
FILLER_65_414,VSS,Metal1,206.1660,264.1390,0.000342
FILLER_65_407,VSS,Metal1,202.8060,264.1390,0.000342
FILLER_65_400,VSS,Metal1,199.4460,264.1390,0.000342
FILLER_65_393,VSS,Metal1,196.0860,264.1390,0.000341
FILLER_65_386,VSS,Metal1,192.7260,264.1390,0.000341
FILLER_65_381,VSS,Metal1,188.8800,264.6000,0.000300
FILLER_65_379,VSS,Metal1,188.1600,264.6000,0.000300
FILLER_65_372,VSS,Metal1,186.0060,264.1390,0.000299
FILLER_65_361,VSS,Metal1,179.9880,264.2230,0.000197
FILLER_65_348,VSS,Metal1,173.2800,264.6000,0.000082
FILLER_65_342,VSS,Metal1,170.1600,264.6000,0.000082
FILLER_65_330,VSS,Metal1,165.8460,264.1390,0.000085
FILLER_65_323,VSS,Metal1,162.4860,264.1390,0.000153
FILLER_65_311,VSS,Metal1,155.9880,264.2230,0.000728
FILLER_65_304,VSS,Metal1,153.3660,264.1390,0.000766
FILLER_65_291,VSS,Metal1,146.3880,264.2230,0.000766
FILLER_65_287,VSS,Metal1,143.7600,264.6000,0.000766
FILLER_65_283,VSS,Metal1,142.5480,264.2230,0.000759
FILLER_65_276,VSS,Metal1,139.9260,264.1390,0.000745
FILLER_65_270,VSS,Metal1,135.8400,264.6000,0.000427
FILLER_65_266,VSS,Metal1,134.3880,264.2230,0.000398
FILLER_65_247,VSS,Metal1,124.5600,264.6000,0.000365
FILLER_65_245,VSS,Metal1,123.8400,264.6000,0.000318
FILLER_65_232,VSS,Metal1,118.0680,264.2230,0.000116
FILLER_65_227,VSS,Metal1,114.9600,264.6000,0.000065
FILLER_65_225,VSS,Metal1,114.2400,264.6000,0.000065
FILLER_65_218,VSS,Metal1,112.0860,264.1390,0.000065
FILLER_65_211,VSS,Metal1,108.7260,264.1390,0.000058
FILLER_65_204,VSS,Metal1,105.3660,264.1390,0.000058
FILLER_65_197,VSS,Metal1,102.0060,264.1390,0.000060
FILLER_65_186,VSS,Metal1,95.5200,264.6000,0.000140
FILLER_65_182,VSS,Metal1,94.0680,264.2230,0.000140
FILLER_65_175,VSS,Metal1,91.4460,264.1390,0.000234
FILLER_65_137,VSS,Metal1,71.7600,264.6000,0.000377
FILLER_65_135,VSS,Metal1,71.0400,264.6000,0.000377
FILLER_65_128,VSS,Metal1,68.8860,264.1390,0.000365
FILLER_65_111,VSS,Metal1,59.2800,264.6000,0.000325
FILLER_65_107,VSS,Metal1,58.0680,264.2230,0.000322
FILLER_65_97,VSS,Metal1,52.5600,264.6000,0.000304
FILLER_65_85,VSS,Metal1,47.0400,264.6000,0.000303
FILLER_65_81,VSS,Metal1,45.5880,264.2230,0.000303
FILLER_65_41,VSS,Metal1,25.6800,264.6000,0.000060
FILLER_65_37,VSS,Metal1,24.4680,264.2230,0.000128
FILLER_65_6,VSS,Metal1,8.8800,264.6000,0.000377
FILLER_65_4,VSS,Metal1,8.1600,264.6000,0.000377
FILLER_64_648,VSS,Metal1,317.7480,257.4160,0.001111
FILLER_64_623,VSS,Metal1,305.2800,257.0400,0.000972
FILLER_64_617,VSS,Metal1,302.1600,257.0400,0.000959
FILLER_64_612,VSS,Metal1,299.7600,257.0400,0.000923
FILLER_64_602,VSS,Metal1,294.9600,257.0400,0.000793
FILLER_64_595,VSS,Metal1,293.0460,257.5000,0.000719
FILLER_64_588,VSS,Metal1,289.6860,257.5000,0.000705
FILLER_64_581,VSS,Metal1,286.3260,257.5000,0.000690
FILLER_64_574,VSS,Metal1,282.9660,257.5000,0.000675
FILLER_64_567,VSS,Metal1,279.6060,257.5000,0.000577
FILLER_64_561,VSS,Metal1,275.2800,257.0400,0.000544
FILLER_64_557,VSS,Metal1,274.0680,257.4160,0.000540
FILLER_64_550,VSS,Metal1,271.4460,257.5000,0.000446
FILLER_64_536,VSS,Metal1,263.2800,257.0400,0.000092
FILLER_64_524,VSS,Metal1,257.5200,257.0400,0.000073
FILLER_64_522,VSS,Metal1,256.8000,257.0400,0.000073
FILLER_64_515,VSS,Metal1,254.6460,257.5000,0.000067
FILLER_64_508,VSS,Metal1,251.2860,257.5000,0.000067
FILLER_64_497,VSS,Metal1,244.5600,257.0400,0.000157
FILLER_64_495,VSS,Metal1,243.8400,257.0400,0.000157
FILLER_64_488,VSS,Metal1,241.6860,257.5000,0.000192
FILLER_64_481,VSS,Metal1,238.3260,257.5000,0.000222
FILLER_64_467,VSS,Metal1,230.1600,257.0400,0.000503
FILLER_64_437,VSS,Metal1,216.4680,257.4160,0.000584
FILLER_64_429,VSS,Metal1,212.6280,257.4160,0.000704
FILLER_64_422,VSS,Metal1,210.0060,257.5000,0.000705
FILLER_64_416,VSS,Metal1,205.6800,257.0400,0.000736
FILLER_64_406,VSS,Metal1,201.1200,257.0400,0.001056
FILLER_64_402,VSS,Metal1,199.6680,257.4160,0.001056
FILLER_64_395,VSS,Metal1,197.0460,257.5000,0.001024
FILLER_64_386,VSS,Metal1,191.2800,257.0400,0.000996
FILLER_64_371,VSS,Metal1,185.5260,257.5000,0.000816
FILLER_64_361,VSS,Metal1,180.7260,257.5000,0.000764
FILLER_64_354,VSS,Metal1,177.3660,257.5000,0.000049
FILLER_64_347,VSS,Metal1,174.0060,257.5000,0.000050
FILLER_64_340,VSS,Metal1,170.6460,257.5000,0.000052
FILLER_64_333,VSS,Metal1,167.2860,257.5000,0.000148
FILLER_64_326,VSS,Metal1,163.9260,257.5000,0.000172
FILLER_64_320,VSS,Metal1,159.6000,257.0400,0.000191
FILLER_64_318,VSS,Metal1,158.8800,257.0400,0.000194
FILLER_64_311,VSS,Metal1,156.7260,257.5000,0.000194
FILLER_64_304,VSS,Metal1,153.3660,257.5000,0.000194
FILLER_64_297,VSS,Metal1,150.0060,257.5000,0.000199
FILLER_64_290,VSS,Metal1,146.6460,257.5000,0.000215
FILLER_64_276,VSS,Metal1,138.7200,257.0400,0.000243
FILLER_64_272,VSS,Metal1,137.2680,257.4160,0.000244
FILLER_64_240,VSS,Metal1,121.2000,257.0400,0.000187
FILLER_64_236,VSS,Metal1,119.9880,257.4160,0.000184
FILLER_64_220,VSS,Metal1,111.8400,257.0400,0.000181
FILLER_64_213,VSS,Metal1,108.9480,257.4160,0.000181
FILLER_64_206,VSS,Metal1,106.3260,257.5000,0.000114
FILLER_64_199,VSS,Metal1,102.9660,257.5000,0.000085
FILLER_64_162,VSS,Metal1,85.2060,257.5000,0.000126
FILLER_64_155,VSS,Metal1,81.8460,257.5000,0.000126
FILLER_64_151,VSS,Metal1,78.4800,257.0400,0.000126
FILLER_64_139,VSS,Metal1,72.9600,257.0400,0.000481
FILLER_64_135,VSS,Metal1,71.5080,257.4160,0.000481
FILLER_64_128,VSS,Metal1,68.8860,257.5000,0.000541
FILLER_64_121,VSS,Metal1,65.5260,257.5000,0.000615
FILLER_64_115,VSS,Metal1,61.2000,257.0400,0.001014
FILLER_64_69,VSS,Metal1,40.5660,257.5000,0.001027
FILLER_64_55,VSS,Metal1,32.6400,257.0400,0.000461
FILLER_64_44,VSS,Metal1,27.3600,257.0400,0.000037
FILLER_64_37,VSS,Metal1,25.2060,257.5000,0.000039
FILLER_63_641,VSS,Metal1,313.9200,257.0400,0.001110
FILLER_63_618,VSS,Metal1,304.0860,256.5790,0.000972
FILLER_63_597,VSS,Metal1,292.5600,257.0400,0.000719
FILLER_63_595,VSS,Metal1,291.8400,257.0400,0.000719
FILLER_63_588,VSS,Metal1,289.6860,256.5790,0.000705
FILLER_63_581,VSS,Metal1,286.3260,256.5790,0.000690
FILLER_63_574,VSS,Metal1,282.9660,256.5790,0.000675
FILLER_63_556,VSS,Metal1,272.8800,257.0400,0.000446
FILLER_63_554,VSS,Metal1,272.1600,257.0400,0.000446
FILLER_63_527,VSS,Metal1,258.9600,257.0400,0.000076
FILLER_63_517,VSS,Metal1,254.8680,256.6630,0.000067
FILLER_63_510,VSS,Metal1,252.2460,256.5790,0.000067
FILLER_63_488,VSS,Metal1,240.2400,257.0400,0.000192
FILLER_63_486,VSS,Metal1,239.5200,257.0400,0.000222
FILLER_63_465,VSS,Metal1,229.4400,257.0400,0.000503
FILLER_63_461,VSS,Metal1,227.9880,256.6630,0.000523
FILLER_63_454,VSS,Metal1,225.3660,256.5790,0.000523
FILLER_63_442,VSS,Metal1,218.1600,257.0400,0.000582
FILLER_63_426,VSS,Metal1,210.7200,257.0400,0.000705
FILLER_63_412,VSS,Metal1,203.7600,257.0400,0.001055
FILLER_63_410,VSS,Metal1,203.0400,257.0400,0.001055
FILLER_63_398,VSS,Metal1,197.7480,256.6630,0.001024
FILLER_63_388,VSS,Metal1,192.4800,257.0400,0.000998
FILLER_63_367,VSS,Metal1,182.1600,257.0400,0.000764
FILLER_63_365,VSS,Metal1,181.4400,257.0400,0.000764
FILLER_63_359,VSS,Metal1,178.3200,257.0400,0.000049
FILLER_63_357,VSS,Metal1,177.6000,257.0400,0.000049
FILLER_63_350,VSS,Metal1,175.4460,256.5790,0.000049
FILLER_63_343,VSS,Metal1,172.0860,256.5790,0.000050
FILLER_63_337,VSS,Metal1,167.7600,257.0400,0.000148
FILLER_63_335,VSS,Metal1,167.0400,257.0400,0.000148
FILLER_63_313,VSS,Metal1,156.2400,257.0400,0.000194
FILLER_63_306,VSS,Metal1,154.3260,256.5790,0.000194
FILLER_63_295,VSS,Metal1,147.8400,257.0400,0.000215
FILLER_63_288,VSS,Metal1,145.6860,256.5790,0.000215
FILLER_63_268,VSS,Metal1,135.3480,256.6630,0.000239
FILLER_63_210,VSS,Metal1,106.8000,257.0400,0.000114
FILLER_63_171,VSS,Metal1,88.3200,257.0400,0.000112
FILLER_63_164,VSS,Metal1,86.1660,256.5790,0.000126
FILLER_63_157,VSS,Metal1,82.8060,256.5790,0.000126
FILLER_63_150,VSS,Metal1,79.4460,256.5790,0.000126
FILLER_63_143,VSS,Metal1,76.0860,256.5790,0.000481
FILLER_63_136,VSS,Metal1,72.7260,256.5790,0.000481
FILLER_63_124,VSS,Metal1,66.2280,256.6630,0.000614
FILLER_63_117,VSS,Metal1,63.6060,256.5790,0.000615
FILLER_63_111,VSS,Metal1,59.5200,257.0400,0.001018
FILLER_63_105,VSS,Metal1,56.4000,257.0400,0.001025
FILLER_63_101,VSS,Metal1,54.4800,257.0400,0.001051
FILLER_63_99,VSS,Metal1,53.7600,257.0400,0.001051
FILLER_63_85,VSS,Metal1,46.8000,257.0400,0.001051
FILLER_63_78,VSS,Metal1,44.8860,256.5790,0.001051
FILLER_63_71,VSS,Metal1,41.5260,256.5790,0.001027
FILLER_63_47,VSS,Metal1,29.2680,256.6630,0.000053
FILLER_63_40,VSS,Metal1,26.6460,256.5790,0.000037
FILLER_63_33,VSS,Metal1,23.2860,256.5790,0.000039
FILLER_63_7,VSS,Metal1,10.8060,256.5790,0.000061
FILLER_63_0,VSS,Metal1,7.4460,256.5790,0.000061
FILLER_62_642,VSS,Metal1,314.1600,249.4800,0.001397
FILLER_62_640,VSS,Metal1,313.4400,249.4800,0.001396
FILLER_62_633,VSS,Metal1,311.2860,249.9400,0.001391
FILLER_62_626,VSS,Metal1,306.7200,249.4800,0.001379
FILLER_62_619,VSS,Metal1,304.5660,249.9400,0.001371
FILLER_62_593,VSS,Metal1,290.6400,249.4800,0.000854
FILLER_62_591,VSS,Metal1,289.9200,249.4800,0.000854
FILLER_62_584,VSS,Metal1,287.7660,249.9400,0.000840
FILLER_62_577,VSS,Metal1,284.4060,249.9400,0.000825
FILLER_62_570,VSS,Metal1,281.0460,249.9400,0.000797
FILLER_62_556,VSS,Metal1,273.1200,249.4800,0.000596
FILLER_62_552,VSS,Metal1,271.6680,249.8560,0.000596
FILLER_62_520,VSS,Metal1,257.0460,249.9400,0.000174
FILLER_62_511,VSS,Metal1,251.2800,249.4800,0.000067
FILLER_62_509,VSS,Metal1,250.5600,249.4800,0.000075
FILLER_62_502,VSS,Metal1,248.4060,249.9400,0.000075
FILLER_62_497,VSS,Metal1,244.5600,249.4800,0.000075
FILLER_62_495,VSS,Metal1,243.8400,249.4800,0.000084
FILLER_62_488,VSS,Metal1,241.6860,249.9400,0.000084
FILLER_62_481,VSS,Metal1,238.3260,249.9400,0.000084
FILLER_62_466,VSS,Metal1,230.3880,249.8560,0.000171
FILLER_62_459,VSS,Metal1,227.7660,249.9400,0.000174
FILLER_62_452,VSS,Metal1,224.4060,249.9400,0.000193
FILLER_62_445,VSS,Metal1,221.0460,249.9400,0.000196
FILLER_62_438,VSS,Metal1,217.6860,249.9400,0.000212
FILLER_62_431,VSS,Metal1,214.3260,249.9400,0.000214
FILLER_62_425,VSS,Metal1,210.0000,249.4800,0.000217
FILLER_62_416,VSS,Metal1,205.6800,249.4800,0.000219
FILLER_62_414,VSS,Metal1,204.9600,249.4800,0.000220
FILLER_62_407,VSS,Metal1,202.8060,249.9400,0.000220
FILLER_62_400,VSS,Metal1,199.4460,249.9400,0.000220
FILLER_62_393,VSS,Metal1,196.0860,249.9400,0.000275
FILLER_62_368,VSS,Metal1,183.3480,249.8560,0.000131
FILLER_62_361,VSS,Metal1,180.7260,249.9400,0.000056
FILLER_62_354,VSS,Metal1,177.3660,249.9400,0.000056
FILLER_62_349,VSS,Metal1,173.7600,249.4800,0.000077
FILLER_62_342,VSS,Metal1,170.1600,249.4800,0.001127
FILLER_62_324,VSS,Metal1,161.7600,249.4800,0.002984
FILLER_62_312,VSS,Metal1,157.2060,249.9400,0.003129
FILLER_62_278,VSS,Metal1,140.1480,249.8560,0.003223
FILLER_62_259,VSS,Metal1,131.7660,249.9400,0.003297
FILLER_62_252,VSS,Metal1,128.4060,249.9400,0.003297
FILLER_62_215,VSS,Metal1,109.2000,249.4800,0.000111
FILLER_62_208,VSS,Metal1,107.2860,249.9400,0.000107
FILLER_62_198,VSS,Metal1,101.0400,249.4800,0.000092
FILLER_62_194,VSS,Metal1,99.8280,249.8560,0.000131
FILLER_62_180,VSS,Metal1,92.4000,249.4800,0.000645
FILLER_62_173,VSS,Metal1,90.4860,249.9400,0.000676
FILLER_62_166,VSS,Metal1,87.1260,249.9400,0.000719
FILLER_62_127,VSS,Metal1,67.2000,249.4800,0.000747
FILLER_62_123,VSS,Metal1,65.7480,249.8560,0.000744
FILLER_62_108,VSS,Metal1,58.0800,249.4800,0.000669
FILLER_62_101,VSS,Metal1,55.9260,249.9400,0.000650
FILLER_62_94,VSS,Metal1,52.5660,249.9400,0.000630
FILLER_62_87,VSS,Metal1,49.2060,249.9400,0.000612
FILLER_62_80,VSS,Metal1,45.8460,249.9400,0.000594
FILLER_62_73,VSS,Metal1,42.4860,249.9400,0.000576
FILLER_62_49,VSS,Metal1,29.7600,249.4800,0.000295
FILLER_62_42,VSS,Metal1,27.6060,249.9400,0.000242
FILLER_62_35,VSS,Metal1,24.2460,249.9400,0.000050
FILLER_62_22,VSS,Metal1,17.2680,249.8560,0.000212
FILLER_62_11,VSS,Metal1,11.2800,249.4800,0.000212
FILLER_62_4,VSS,Metal1,9.3660,249.9400,0.000222
FILLER_61_642,VSS,Metal1,314.1600,249.4800,0.001397
FILLER_61_633,VSS,Metal1,309.8400,249.4800,0.001391
FILLER_61_626,VSS,Metal1,307.9260,249.0190,0.001379
FILLER_61_619,VSS,Metal1,304.5660,249.0190,0.001371
FILLER_61_602,VSS,Metal1,294.9600,249.4800,0.001311
FILLER_61_598,VSS,Metal1,293.7480,249.1030,0.000870
FILLER_61_591,VSS,Metal1,291.1260,249.0190,0.000854
FILLER_61_584,VSS,Metal1,287.7660,249.0190,0.000840
FILLER_61_577,VSS,Metal1,284.4060,249.0190,0.000825
FILLER_61_560,VSS,Metal1,275.0400,249.4800,0.000742
FILLER_61_553,VSS,Metal1,272.8860,249.0190,0.000596
FILLER_61_548,VSS,Metal1,269.0400,249.4800,0.000345
FILLER_61_546,VSS,Metal1,268.3200,249.4800,0.000342
FILLER_61_539,VSS,Metal1,266.1660,249.0190,0.000324
FILLER_61_532,VSS,Metal1,262.8060,249.0190,0.000308
FILLER_61_525,VSS,Metal1,259.4460,249.0190,0.000174
FILLER_61_518,VSS,Metal1,256.0860,249.0190,0.000174
FILLER_61_511,VSS,Metal1,252.7260,249.0190,0.000067
FILLER_61_504,VSS,Metal1,249.3660,249.0190,0.000075
FILLER_61_497,VSS,Metal1,246.0060,249.0190,0.000075
FILLER_61_490,VSS,Metal1,242.6460,249.0190,0.000084
FILLER_61_483,VSS,Metal1,239.2860,249.0190,0.000084
FILLER_61_476,VSS,Metal1,235.9260,249.0190,0.000084
FILLER_61_466,VSS,Metal1,229.9200,249.4800,0.000171
FILLER_61_459,VSS,Metal1,227.7660,249.0190,0.000174
FILLER_61_449,VSS,Metal1,221.7600,249.4800,0.000196
FILLER_61_445,VSS,Metal1,220.3080,249.1030,0.000196
FILLER_61_438,VSS,Metal1,217.6860,249.0190,0.000212
FILLER_61_431,VSS,Metal1,214.3260,249.0190,0.000214
FILLER_61_424,VSS,Metal1,210.9660,249.0190,0.000217
FILLER_61_411,VSS,Metal1,203.9880,249.1030,0.000220
FILLER_61_404,VSS,Metal1,201.3660,249.0190,0.000220
FILLER_61_388,VSS,Metal1,192.4800,249.4800,0.000275
FILLER_61_367,VSS,Metal1,182.1600,249.4800,0.000056
FILLER_61_363,VSS,Metal1,180.9480,249.1030,0.000056
FILLER_61_356,VSS,Metal1,178.3260,249.0190,0.000056
FILLER_61_347,VSS,Metal1,172.5600,249.4800,0.001005
FILLER_61_343,VSS,Metal1,171.3480,249.1030,0.001005
FILLER_61_334,VSS,Metal1,166.3200,249.4800,0.002038
FILLER_61_327,VSS,Metal1,164.4060,249.0190,0.002041
FILLER_61_320,VSS,Metal1,161.0460,249.0190,0.002984
FILLER_61_313,VSS,Metal1,157.6860,249.0190,0.003127
FILLER_61_306,VSS,Metal1,154.3260,249.0190,0.003196
FILLER_61_299,VSS,Metal1,150.9660,249.0190,0.003219
FILLER_61_292,VSS,Metal1,147.6060,249.0190,0.003219
FILLER_61_285,VSS,Metal1,144.2460,249.0190,0.003219
FILLER_61_278,VSS,Metal1,140.8860,249.0190,0.003223
FILLER_61_271,VSS,Metal1,137.5260,249.0190,0.003283
FILLER_61_264,VSS,Metal1,134.1660,249.0190,0.003297
FILLER_61_250,VSS,Metal1,126.0000,249.4800,0.002772
FILLER_61_246,VSS,Metal1,124.7880,249.1030,0.002767
FILLER_61_236,VSS,Metal1,120.7260,249.0190,0.002703
FILLER_61_225,VSS,Metal1,114.0000,249.4800,0.002696
FILLER_61_218,VSS,Metal1,112.0860,249.0190,0.002696
FILLER_61_211,VSS,Metal1,108.7260,249.0190,0.000111
FILLER_61_204,VSS,Metal1,105.3660,249.0190,0.000107
FILLER_61_197,VSS,Metal1,102.0060,249.0190,0.000092
FILLER_61_190,VSS,Metal1,98.6460,249.0190,0.000131
FILLER_61_183,VSS,Metal1,94.0800,249.4800,0.000634
FILLER_61_179,VSS,Metal1,92.6280,249.1030,0.000645
FILLER_61_172,VSS,Metal1,90.0060,249.0190,0.000677
FILLER_61_165,VSS,Metal1,86.6460,249.0190,0.000720
FILLER_61_158,VSS,Metal1,83.2860,249.0190,0.000777
FILLER_61_147,VSS,Metal1,76.8000,249.4800,0.000777
FILLER_61_126,VSS,Metal1,66.4800,249.4800,0.000744
FILLER_61_121,VSS,Metal1,64.0800,249.4800,0.000726
FILLER_61_107,VSS,Metal1,57.3600,249.4800,0.000650
FILLER_61_103,VSS,Metal1,56.1480,249.1030,0.000650
FILLER_61_87,VSS,Metal1,49.2060,249.0190,0.000612
FILLER_61_80,VSS,Metal1,45.8460,249.0190,0.000594
FILLER_61_73,VSS,Metal1,42.4860,249.0190,0.000576
FILLER_61_66,VSS,Metal1,39.1260,249.0190,0.000541
FILLER_61_46,VSS,Metal1,28.3200,249.4800,0.000242
FILLER_61_42,VSS,Metal1,26.8680,249.1030,0.000242
FILLER_61_35,VSS,Metal1,24.2460,249.0190,0.000050
FILLER_60_648,VSS,Metal1,317.7480,242.2960,0.001621
FILLER_60_641,VSS,Metal1,315.1260,242.3800,0.001621
FILLER_60_634,VSS,Metal1,311.7660,242.3800,0.001621
FILLER_60_627,VSS,Metal1,308.4060,242.3800,0.001621
FILLER_60_621,VSS,Metal1,304.0800,241.9200,0.000793
FILLER_60_595,VSS,Metal1,293.0460,242.3800,0.000760
FILLER_60_588,VSS,Metal1,289.6860,242.3800,0.000758
FILLER_60_581,VSS,Metal1,286.3260,242.3800,0.000756
FILLER_60_574,VSS,Metal1,282.9660,242.3800,0.000755
FILLER_60_567,VSS,Metal1,279.6060,242.3800,0.000696
FILLER_60_560,VSS,Metal1,276.2460,242.3800,0.000679
FILLER_60_553,VSS,Metal1,272.8860,242.3800,0.000283
FILLER_60_546,VSS,Metal1,269.5260,242.3800,0.000280
FILLER_60_539,VSS,Metal1,266.1660,242.3800,0.000061
FILLER_60_532,VSS,Metal1,262.8060,242.3800,0.000058
FILLER_60_525,VSS,Metal1,259.4460,242.3800,0.000054
FILLER_60_518,VSS,Metal1,256.0860,242.3800,0.000051
FILLER_60_511,VSS,Metal1,252.7260,242.3800,0.000051
FILLER_60_504,VSS,Metal1,249.3660,242.3800,0.000232
FILLER_60_497,VSS,Metal1,246.0060,242.3800,0.000274
FILLER_60_487,VSS,Metal1,239.7600,241.9200,0.000287
FILLER_60_480,VSS,Metal1,237.8460,242.3800,0.000286
FILLER_60_473,VSS,Metal1,234.4860,242.3800,0.000286
FILLER_60_466,VSS,Metal1,231.1260,242.3800,0.000286
FILLER_60_459,VSS,Metal1,227.7660,242.3800,0.000286
FILLER_60_452,VSS,Metal1,224.4060,242.3800,0.000285
FILLER_60_445,VSS,Metal1,221.0460,242.3800,0.000280
FILLER_60_438,VSS,Metal1,217.6860,242.3800,0.000276
FILLER_60_431,VSS,Metal1,214.3260,242.3800,0.000263
FILLER_60_412,VSS,Metal1,204.0000,241.9200,0.000221
FILLER_60_403,VSS,Metal1,200.1480,242.2960,0.000201
FILLER_60_396,VSS,Metal1,197.5260,242.3800,0.000201
FILLER_60_389,VSS,Metal1,194.1660,242.3800,0.000200
FILLER_60_382,VSS,Metal1,190.8060,242.3800,0.000200
FILLER_60_372,VSS,Metal1,184.8000,241.9200,0.000198
FILLER_60_365,VSS,Metal1,182.6460,242.3800,0.000142
FILLER_60_358,VSS,Metal1,179.2860,242.3800,0.000085
FILLER_60_351,VSS,Metal1,175.9260,242.3800,0.000028
FILLER_60_346,VSS,Metal1,172.0800,241.9200,0.000410
FILLER_60_342,VSS,Metal1,170.8680,242.2960,0.000410
FILLER_60_335,VSS,Metal1,168.2460,242.3800,0.000411
FILLER_60_328,VSS,Metal1,164.8860,242.3800,0.000411
FILLER_60_308,VSS,Metal1,154.0800,241.9200,0.000389
FILLER_60_301,VSS,Metal1,151.9260,242.3800,0.000389
FILLER_60_294,VSS,Metal1,148.5660,242.3800,0.000389
FILLER_60_287,VSS,Metal1,145.2060,242.3800,0.000389
FILLER_60_280,VSS,Metal1,141.8460,242.3800,0.000382
FILLER_60_273,VSS,Metal1,138.4860,242.3800,0.000379
FILLER_60_266,VSS,Metal1,135.1260,242.3800,0.000366
FILLER_60_259,VSS,Metal1,131.7660,242.3800,0.000323
FILLER_60_252,VSS,Metal1,128.4060,242.3800,0.000312
FILLER_60_245,VSS,Metal1,125.0460,242.3800,0.000311
FILLER_60_238,VSS,Metal1,121.6860,242.3800,0.000274
FILLER_60_231,VSS,Metal1,118.3260,242.3800,0.000224
FILLER_60_224,VSS,Metal1,114.9660,242.3800,0.000175
FILLER_60_217,VSS,Metal1,111.6060,242.3800,0.000125
FILLER_60_210,VSS,Metal1,108.2460,242.3800,0.000109
FILLER_60_194,VSS,Metal1,99.1200,241.9200,0.000100
FILLER_60_187,VSS,Metal1,96.0000,241.9200,0.000196
FILLER_60_177,VSS,Metal1,90.9600,241.9200,0.000218
FILLER_60_166,VSS,Metal1,85.6800,241.9200,0.000218
FILLER_60_159,VSS,Metal1,83.7660,242.3800,0.000218
FILLER_60_152,VSS,Metal1,80.4060,242.3800,0.000240
FILLER_60_145,VSS,Metal1,77.0460,242.3800,0.000240
FILLER_60_138,VSS,Metal1,73.6860,242.3800,0.000240
FILLER_60_82,VSS,Metal1,45.6000,241.9200,0.000208
FILLER_60_78,VSS,Metal1,44.1480,242.2960,0.000208
FILLER_60_71,VSS,Metal1,41.5260,242.3800,0.000173
FILLER_60_65,VSS,Metal1,37.2000,241.9200,0.000125
FILLER_60_63,VSS,Metal1,36.4800,241.9200,0.000122
FILLER_60_8,VSS,Metal1,9.8400,241.9200,0.000082
FILLER_60_4,VSS,Metal1,8.6280,242.2960,0.000082
FILLER_59_621,VSS,Metal1,304.0800,241.9200,0.000793
FILLER_59_606,VSS,Metal1,296.8800,241.9200,0.000760
FILLER_59_599,VSS,Metal1,294.9660,241.4590,0.000760
FILLER_59_592,VSS,Metal1,291.6060,241.4590,0.000758
FILLER_59_585,VSS,Metal1,288.2460,241.4590,0.000756
FILLER_59_578,VSS,Metal1,284.8860,241.4590,0.000755
FILLER_59_556,VSS,Metal1,273.5880,241.5430,0.000285
FILLER_59_549,VSS,Metal1,270.9660,241.4590,0.000283
FILLER_59_542,VSS,Metal1,266.4000,241.9200,0.000061
FILLER_59_535,VSS,Metal1,264.2460,241.4590,0.000061
FILLER_59_528,VSS,Metal1,260.8860,241.4590,0.000058
FILLER_59_521,VSS,Metal1,257.5260,241.4590,0.000054
FILLER_59_484,VSS,Metal1,238.5600,241.9200,0.000286
FILLER_59_480,VSS,Metal1,237.1080,241.5430,0.000286
FILLER_59_473,VSS,Metal1,234.4860,241.4590,0.000286
FILLER_59_466,VSS,Metal1,231.1260,241.4590,0.000286
FILLER_59_450,VSS,Metal1,222.0000,241.9200,0.000280
FILLER_59_443,VSS,Metal1,218.8800,241.9200,0.000276
FILLER_59_439,VSS,Metal1,217.4280,241.5430,0.000276
FILLER_59_432,VSS,Metal1,214.8060,241.4590,0.000263
FILLER_59_425,VSS,Metal1,211.4460,241.4590,0.000251
FILLER_59_419,VSS,Metal1,207.1200,241.9200,0.000224
FILLER_59_415,VSS,Metal1,205.9080,241.5430,0.000224
FILLER_59_410,VSS,Metal1,202.8000,241.9200,0.000214
FILLER_59_406,VSS,Metal1,201.5880,241.5430,0.000213
FILLER_59_399,VSS,Metal1,198.9660,241.4590,0.000201
FILLER_59_392,VSS,Metal1,195.6060,241.4590,0.000201
FILLER_59_385,VSS,Metal1,192.2460,241.4590,0.000200
FILLER_59_378,VSS,Metal1,188.8860,241.4590,0.000200
FILLER_59_371,VSS,Metal1,185.5260,241.4590,0.000198
FILLER_59_364,VSS,Metal1,182.1660,241.4590,0.000141
FILLER_59_357,VSS,Metal1,178.8060,241.4590,0.000084
FILLER_59_340,VSS,Metal1,169.2000,241.9200,0.000411
FILLER_59_338,VSS,Metal1,168.4800,241.9200,0.000411
FILLER_59_331,VSS,Metal1,166.3260,241.4590,0.000411
FILLER_59_310,VSS,Metal1,154.8000,241.9200,0.000390
FILLER_59_306,VSS,Metal1,153.5880,241.5430,0.000389
FILLER_59_299,VSS,Metal1,150.9660,241.4590,0.000389
FILLER_59_292,VSS,Metal1,147.6060,241.4590,0.000389
FILLER_59_287,VSS,Metal1,144.0000,241.9200,0.000389
FILLER_59_282,VSS,Metal1,141.3600,241.9200,0.000382
FILLER_59_267,VSS,Metal1,134.1600,241.9200,0.000366
FILLER_59_255,VSS,Metal1,128.6400,241.9200,0.000312
FILLER_59_248,VSS,Metal1,126.4860,241.4590,0.000312
FILLER_59_244,VSS,Metal1,123.1200,241.9200,0.000274
FILLER_59_237,VSS,Metal1,121.2060,241.4590,0.000273
FILLER_59_230,VSS,Metal1,117.8460,241.4590,0.000223
FILLER_59_223,VSS,Metal1,114.4860,241.4590,0.000174
FILLER_59_211,VSS,Metal1,107.5200,241.9200,0.000109
FILLER_59_204,VSS,Metal1,105.3660,241.4590,0.000053
FILLER_59_187,VSS,Metal1,95.7600,241.9200,0.000196
FILLER_59_185,VSS,Metal1,95.0400,241.9200,0.000196
FILLER_59_154,VSS,Metal1,79.9200,241.9200,0.000240
FILLER_59_150,VSS,Metal1,78.7080,241.5430,0.000240
FILLER_59_143,VSS,Metal1,76.0860,241.4590,0.000240
FILLER_59_136,VSS,Metal1,72.7260,241.4590,0.000240
FILLER_59_129,VSS,Metal1,69.3660,241.4590,0.000271
FILLER_59_122,VSS,Metal1,66.0060,241.4590,0.000271
FILLER_59_115,VSS,Metal1,62.6460,241.4590,0.000271
FILLER_59_111,VSS,Metal1,59.2800,241.9200,0.000275
FILLER_59_107,VSS,Metal1,58.0680,241.5430,0.000276
FILLER_59_100,VSS,Metal1,55.4460,241.4590,0.000276
FILLER_59_93,VSS,Metal1,52.0860,241.4590,0.000276
FILLER_59_86,VSS,Metal1,47.9880,241.5430,0.000276
FILLER_59_79,VSS,Metal1,45.3660,241.4590,0.000208
FILLER_59_53,VSS,Metal1,32.8860,241.4590,0.000119
FILLER_59_48,VSS,Metal1,29.0400,241.9200,0.000115
FILLER_59_44,VSS,Metal1,27.8280,241.5430,0.000107
FILLER_59_37,VSS,Metal1,25.2060,241.4590,0.000048
FILLER_59_23,VSS,Metal1,17.7480,241.5430,0.000063
FILLER_59_16,VSS,Metal1,15.1260,241.4590,0.000063
FILLER_59_11,VSS,Metal1,11.2800,241.9200,0.000080
FILLER_59_4,VSS,Metal1,9.3660,241.4590,0.000082
FILLER_58_651,VSS,Metal1,318.4800,234.3600,0.000473
FILLER_58_644,VSS,Metal1,316.5660,234.8200,0.000473
FILLER_58_637,VSS,Metal1,313.2060,234.8200,0.000465
FILLER_58_630,VSS,Metal1,309.8460,234.8200,0.000458
FILLER_58_623,VSS,Metal1,306.4860,234.8200,0.000450
FILLER_58_616,VSS,Metal1,301.9200,234.3600,0.000435
FILLER_58_611,VSS,Metal1,299.2800,234.3600,0.000434
FILLER_58_609,VSS,Metal1,298.5600,234.3600,0.000420
FILLER_58_602,VSS,Metal1,296.4060,234.8200,0.000413
FILLER_58_595,VSS,Metal1,293.0460,234.8200,0.000413
FILLER_58_588,VSS,Metal1,289.6860,234.8200,0.000412
FILLER_58_581,VSS,Metal1,286.3260,234.8200,0.000411
FILLER_58_556,VSS,Metal1,274.3260,234.8200,0.000401
FILLER_58_536,VSS,Metal1,263.5200,234.3600,0.000316
FILLER_58_514,VSS,Metal1,252.7200,234.3600,0.000039
FILLER_58_512,VSS,Metal1,252.0000,234.3600,0.000039
FILLER_58_477,VSS,Metal1,235.2000,234.3600,0.000482
FILLER_58_473,VSS,Metal1,233.7480,234.7360,0.000482
FILLER_58_466,VSS,Metal1,231.1260,234.8200,0.000527
FILLER_58_459,VSS,Metal1,227.7660,234.8200,0.000532
FILLER_58_435,VSS,Metal1,216.2460,234.8200,0.000622
FILLER_58_428,VSS,Metal1,212.8860,234.8200,0.000628
FILLER_58_421,VSS,Metal1,209.5260,234.8200,0.000634
FILLER_58_414,VSS,Metal1,206.1660,234.8200,0.000639
FILLER_58_407,VSS,Metal1,202.8060,234.8200,0.000669
FILLER_58_400,VSS,Metal1,199.4460,234.8200,0.000669
FILLER_58_393,VSS,Metal1,196.0860,234.8200,0.000669
FILLER_58_386,VSS,Metal1,192.7260,234.8200,0.000656
FILLER_58_379,VSS,Metal1,189.3660,234.8200,0.000655
FILLER_58_372,VSS,Metal1,186.0060,234.8200,0.000147
FILLER_58_365,VSS,Metal1,182.6460,234.8200,0.000101
FILLER_58_358,VSS,Metal1,179.2860,234.8200,0.000084
FILLER_58_351,VSS,Metal1,175.9260,234.8200,0.000084
FILLER_58_344,VSS,Metal1,172.5660,234.8200,0.000084
FILLER_58_334,VSS,Metal1,167.7660,234.8200,0.000240
FILLER_58_327,VSS,Metal1,164.4060,234.8200,0.000283
FILLER_58_320,VSS,Metal1,159.8400,234.3600,0.000326
FILLER_58_313,VSS,Metal1,157.6860,234.8200,0.000326
FILLER_58_285,VSS,Metal1,142.8000,234.3600,0.000332
FILLER_58_244,VSS,Metal1,123.1200,234.3600,0.000279
FILLER_58_201,VSS,Metal1,102.4800,234.3600,0.000074
FILLER_58_199,VSS,Metal1,101.7600,234.3600,0.000069
FILLER_58_181,VSS,Metal1,92.8800,234.3600,0.000543
FILLER_58_149,VSS,Metal1,77.7600,234.3600,0.000817
FILLER_58_142,VSS,Metal1,75.6060,234.8200,0.000827
FILLER_58_135,VSS,Metal1,72.2460,234.8200,0.000868
FILLER_58_125,VSS,Metal1,66.0000,234.3600,0.000868
FILLER_58_121,VSS,Metal1,64.7880,234.7360,0.000868
FILLER_58_116,VSS,Metal1,61.9200,234.3600,0.000845
FILLER_58_109,VSS,Metal1,59.7660,234.8200,0.000837
FILLER_58_102,VSS,Metal1,56.4060,234.8200,0.000835
FILLER_58_95,VSS,Metal1,53.0460,234.8200,0.000798
FILLER_58_88,VSS,Metal1,49.6860,234.8200,0.000526
FILLER_58_81,VSS,Metal1,46.3260,234.8200,0.000508
FILLER_58_53,VSS,Metal1,31.4400,234.3600,0.000338
FILLER_58_46,VSS,Metal1,29.5260,234.8200,0.000294
FILLER_58_36,VSS,Metal1,23.2800,234.3600,0.000073
FILLER_58_29,VSS,Metal1,21.3660,234.8200,0.000154
FILLER_58_22,VSS,Metal1,18.0060,234.8200,0.000154
FILLER_58_4,VSS,Metal1,8.1600,234.3600,0.000178
FILLER_57_647,VSS,Metal1,316.5600,234.3600,0.000473
FILLER_57_645,VSS,Metal1,315.8400,234.3600,0.000473
FILLER_57_638,VSS,Metal1,313.6860,233.8990,0.000465
FILLER_57_631,VSS,Metal1,310.3260,233.8990,0.000458
FILLER_57_624,VSS,Metal1,306.9660,233.8990,0.000450
FILLER_57_607,VSS,Metal1,297.3600,234.3600,0.000413
FILLER_57_605,VSS,Metal1,296.6400,234.3600,0.000413
FILLER_57_598,VSS,Metal1,294.4860,233.8990,0.000413
FILLER_57_591,VSS,Metal1,291.1260,233.8990,0.000413
FILLER_57_584,VSS,Metal1,287.7660,233.8990,0.000412
FILLER_57_565,VSS,Metal1,277.2000,234.3600,0.000401
FILLER_57_558,VSS,Metal1,275.2860,233.8990,0.000401
FILLER_57_551,VSS,Metal1,271.9260,233.8990,0.000401
FILLER_57_544,VSS,Metal1,268.5660,233.8990,0.000353
FILLER_57_538,VSS,Metal1,264.4800,234.3600,0.000350
FILLER_57_531,VSS,Metal1,262.3260,233.8990,0.000316
FILLER_57_524,VSS,Metal1,258.9660,233.8990,0.000210
FILLER_57_517,VSS,Metal1,255.6060,233.8990,0.000039
FILLER_57_510,VSS,Metal1,252.2460,233.8990,0.000039
FILLER_57_503,VSS,Metal1,248.8860,233.8990,0.000439
FILLER_57_487,VSS,Metal1,240.0000,234.3600,0.000476
FILLER_57_480,VSS,Metal1,237.8460,233.8990,0.000476
FILLER_57_473,VSS,Metal1,234.4860,233.8990,0.000482
FILLER_57_466,VSS,Metal1,231.1260,233.8990,0.000527
FILLER_57_459,VSS,Metal1,227.7660,233.8990,0.000532
FILLER_57_453,VSS,Metal1,223.4400,234.3600,0.000586
FILLER_57_446,VSS,Metal1,221.5260,233.8990,0.000586
FILLER_57_440,VSS,Metal1,217.2000,234.3600,0.000622
FILLER_57_436,VSS,Metal1,215.9880,233.9830,0.000622
FILLER_57_429,VSS,Metal1,213.3660,233.8990,0.000628
FILLER_57_422,VSS,Metal1,210.0060,233.8990,0.000634
FILLER_57_415,VSS,Metal1,206.6460,233.8990,0.000639
FILLER_57_394,VSS,Metal1,195.3600,234.3600,0.000669
FILLER_57_387,VSS,Metal1,193.2060,233.8990,0.000656
FILLER_57_377,VSS,Metal1,186.9600,234.3600,0.000147
FILLER_57_365,VSS,Metal1,181.4400,234.3600,0.000101
FILLER_57_360,VSS,Metal1,178.8000,234.3600,0.000084
FILLER_57_356,VSS,Metal1,177.5880,233.9830,0.000084
FILLER_57_349,VSS,Metal1,174.9660,233.8990,0.000084
FILLER_57_333,VSS,Metal1,166.0800,234.3600,0.000258
FILLER_57_329,VSS,Metal1,164.6280,233.9830,0.000283
FILLER_57_322,VSS,Metal1,162.0060,233.8990,0.000284
FILLER_57_315,VSS,Metal1,158.6460,233.8990,0.000326
FILLER_57_308,VSS,Metal1,155.2860,233.8990,0.000326
FILLER_57_297,VSS,Metal1,148.8000,234.3600,0.000332
FILLER_57_271,VSS,Metal1,136.3200,234.3600,0.000332
FILLER_57_243,VSS,Metal1,122.6400,234.3600,0.000279
FILLER_57_236,VSS,Metal1,120.7260,233.8990,0.000190
FILLER_57_226,VSS,Metal1,114.4800,234.3600,0.000190
FILLER_57_224,VSS,Metal1,113.7600,234.3600,0.000190
FILLER_57_212,VSS,Metal1,107.7600,234.3600,0.000163
FILLER_57_210,VSS,Metal1,107.0400,234.3600,0.000163
FILLER_57_202,VSS,Metal1,103.2000,234.3600,0.000127
FILLER_57_191,VSS,Metal1,97.6800,234.3600,0.000502
FILLER_57_175,VSS,Metal1,90.2400,234.3600,0.000768
FILLER_57_171,VSS,Metal1,88.7880,233.9830,0.000768
FILLER_57_160,VSS,Metal1,83.0400,234.3600,0.000769
FILLER_57_156,VSS,Metal1,81.5880,233.9830,0.000768
FILLER_57_149,VSS,Metal1,78.9660,233.8990,0.000817
FILLER_57_145,VSS,Metal1,75.6000,234.3600,0.000827
FILLER_57_143,VSS,Metal1,74.8800,234.3600,0.000827
FILLER_57_105,VSS,Metal1,56.4000,234.3600,0.000835
FILLER_57_101,VSS,Metal1,55.1880,233.9830,0.000835
FILLER_57_89,VSS,Metal1,48.7200,234.3600,0.000526
FILLER_57_87,VSS,Metal1,48.0000,234.3600,0.000518
FILLER_57_80,VSS,Metal1,45.8460,233.8990,0.000507
FILLER_57_65,VSS,Metal1,37.4400,234.3600,0.000471
FILLER_57_51,VSS,Metal1,30.4800,234.3600,0.000294
FILLER_57_47,VSS,Metal1,29.2680,233.9830,0.000294
FILLER_57_40,VSS,Metal1,26.6460,233.8990,0.000073
FILLER_57_6,VSS,Metal1,8.8800,234.3600,0.000178
FILLER_57_4,VSS,Metal1,8.1600,234.3600,0.000178
FILLER_56_604,VSS,Metal1,296.6280,227.1760,0.001034
FILLER_56_597,VSS,Metal1,294.0060,227.2600,0.000951
FILLER_56_590,VSS,Metal1,290.6460,227.2600,0.000837
FILLER_56_572,VSS,Metal1,280.5600,226.8000,0.000573
FILLER_56_565,VSS,Metal1,278.6460,227.2600,0.000573
FILLER_56_558,VSS,Metal1,275.2860,227.2600,0.000556
FILLER_56_551,VSS,Metal1,271.9260,227.2600,0.000434
FILLER_56_544,VSS,Metal1,268.5660,227.2600,0.000311
FILLER_56_533,VSS,Metal1,261.8400,226.8000,0.000121
FILLER_56_526,VSS,Metal1,259.9260,227.2600,0.000121
FILLER_56_519,VSS,Metal1,256.5660,227.2600,0.000059
FILLER_56_514,VSS,Metal1,252.7200,226.8000,0.000058
FILLER_56_512,VSS,Metal1,252.0000,226.8000,0.000075
FILLER_56_505,VSS,Metal1,249.8460,227.2600,0.000186
FILLER_56_496,VSS,Metal1,244.7880,227.1760,0.000261
FILLER_56_489,VSS,Metal1,242.1660,227.2600,0.000282
FILLER_56_482,VSS,Metal1,238.8060,227.2600,0.000303
FILLER_56_477,VSS,Metal1,234.9600,226.8000,0.000335
FILLER_56_470,VSS,Metal1,233.0460,227.2600,0.000335
FILLER_56_463,VSS,Metal1,229.6860,227.2600,0.000335
FILLER_56_449,VSS,Metal1,222.2280,227.1760,0.000339
FILLER_56_443,VSS,Metal1,218.8800,226.8000,0.000340
FILLER_56_439,VSS,Metal1,217.4280,227.1760,0.000340
FILLER_56_421,VSS,Metal1,208.3200,226.8000,0.000319
FILLER_56_404,VSS,Metal1,199.9200,226.8000,0.000313
FILLER_56_400,VSS,Metal1,198.7080,227.1760,0.000313
FILLER_56_383,VSS,Metal1,189.8400,226.8000,0.000280
FILLER_56_374,VSS,Metal1,185.5200,226.8000,0.000236
FILLER_56_365,VSS,Metal1,181.4400,226.8000,0.000070
FILLER_56_356,VSS,Metal1,176.8800,226.8000,0.000063
FILLER_56_349,VSS,Metal1,174.9660,227.2600,0.000226
FILLER_56_308,VSS,Metal1,154.0800,226.8000,0.001361
FILLER_56_304,VSS,Metal1,152.6280,227.1760,0.001284
FILLER_56_297,VSS,Metal1,150.0060,227.2600,0.001284
FILLER_56_290,VSS,Metal1,146.6460,227.2600,0.001273
FILLER_56_283,VSS,Metal1,143.2860,227.2600,0.001273
FILLER_56_276,VSS,Metal1,139.9260,227.2600,0.001272
FILLER_56_269,VSS,Metal1,136.5660,227.2600,0.000985
FILLER_56_259,VSS,Metal1,130.3200,226.8000,0.000951
FILLER_56_255,VSS,Metal1,128.4000,226.8000,0.000943
FILLER_56_251,VSS,Metal1,127.1880,227.1760,0.000943
FILLER_56_237,VSS,Metal1,119.7600,226.8000,0.000721
FILLER_56_230,VSS,Metal1,117.8460,227.2600,0.000716
FILLER_56_223,VSS,Metal1,114.4860,227.2600,0.000558
FILLER_56_216,VSS,Metal1,111.1260,227.2600,0.000437
FILLER_56_209,VSS,Metal1,107.7660,227.2600,0.000316
FILLER_56_202,VSS,Metal1,104.4060,227.2600,0.000217
FILLER_56_189,VSS,Metal1,97.4280,227.1760,0.000243
FILLER_56_184,VSS,Metal1,94.3200,226.8000,0.000970
FILLER_56_177,VSS,Metal1,92.4060,227.2600,0.001309
FILLER_56_170,VSS,Metal1,89.0460,227.2600,0.001375
FILLER_56_163,VSS,Metal1,85.6860,227.2600,0.001900
FILLER_56_134,VSS,Metal1,71.0280,227.1760,0.001926
FILLER_56_128,VSS,Metal1,67.6800,226.8000,0.001955
FILLER_56_118,VSS,Metal1,62.6400,226.8000,0.001966
FILLER_56_90,VSS,Metal1,49.2000,226.8000,0.001943
FILLER_56_83,VSS,Metal1,47.2860,227.2600,0.001934
FILLER_56_76,VSS,Metal1,43.9260,227.2600,0.001889
FILLER_56_70,VSS,Metal1,39.6000,226.8000,0.001860
FILLER_56_66,VSS,Metal1,37.6800,226.8000,0.001780
FILLER_56_62,VSS,Metal1,36.4680,227.1760,0.001777
FILLER_56_55,VSS,Metal1,33.8460,227.2600,0.001777
FILLER_56_48,VSS,Metal1,30.4860,227.2600,0.001777
FILLER_56_41,VSS,Metal1,27.1260,227.2600,0.001777
FILLER_56_34,VSS,Metal1,23.7660,227.2600,0.000057
FILLER_56_27,VSS,Metal1,20.4060,227.2600,0.000087
FILLER_56_20,VSS,Metal1,17.0460,227.2600,0.000087
FILLER_56_14,VSS,Metal1,12.7200,226.8000,0.000087
FILLER_56_7,VSS,Metal1,10.8060,227.2600,0.000087
FILLER_56_0,VSS,Metal1,7.4460,227.2600,0.000088
FILLER_55_651,VSS,Metal1,318.4800,226.8000,0.001243
FILLER_55_625,VSS,Metal1,306.0000,226.8000,0.001232
FILLER_55_621,VSS,Metal1,304.7880,226.4230,0.001232
FILLER_55_616,VSS,Metal1,301.9200,226.8000,0.001186
FILLER_55_612,VSS,Metal1,300.4680,226.4230,0.001182
FILLER_55_605,VSS,Metal1,297.8460,226.3390,0.001034
FILLER_55_598,VSS,Metal1,294.4860,226.3390,0.000953
FILLER_55_591,VSS,Metal1,291.1260,226.3390,0.000840
FILLER_55_584,VSS,Metal1,287.7660,226.3390,0.000726
FILLER_55_569,VSS,Metal1,280.5660,226.3390,0.000573
FILLER_55_559,VSS,Metal1,274.5600,226.8000,0.000556
FILLER_55_552,VSS,Metal1,272.4060,226.3390,0.000436
FILLER_55_545,VSS,Metal1,269.0460,226.3390,0.000314
FILLER_55_525,VSS,Metal1,258.0000,226.8000,0.000059
FILLER_55_521,VSS,Metal1,256.7880,226.4230,0.000059
FILLER_55_512,VSS,Metal1,251.7600,226.8000,0.000075
FILLER_55_508,VSS,Metal1,250.5480,226.4230,0.000185
FILLER_55_501,VSS,Metal1,247.9260,226.3390,0.000186
FILLER_55_490,VSS,Metal1,241.2000,226.8000,0.000282
FILLER_55_486,VSS,Metal1,239.9880,226.4230,0.000303
FILLER_55_479,VSS,Metal1,237.3660,226.3390,0.000304
FILLER_55_472,VSS,Metal1,234.0060,226.3390,0.000335
FILLER_55_465,VSS,Metal1,230.6460,226.3390,0.000335
FILLER_55_447,VSS,Metal1,220.5600,226.8000,0.000339
FILLER_55_445,VSS,Metal1,219.8400,226.8000,0.000339
FILLER_55_438,VSS,Metal1,217.6860,226.3390,0.000340
FILLER_55_432,VSS,Metal1,213.3600,226.8000,0.000339
FILLER_55_428,VSS,Metal1,212.1480,226.4230,0.000339
FILLER_55_419,VSS,Metal1,207.1200,226.8000,0.000316
FILLER_55_415,VSS,Metal1,205.9080,226.4230,0.000316
FILLER_55_408,VSS,Metal1,203.2860,226.3390,0.000314
FILLER_55_401,VSS,Metal1,199.9260,226.3390,0.000313
FILLER_55_394,VSS,Metal1,196.5660,226.3390,0.000305
FILLER_55_387,VSS,Metal1,192.0000,226.8000,0.000287
FILLER_55_362,VSS,Metal1,181.2060,226.3390,0.000070
FILLER_55_355,VSS,Metal1,177.8460,226.3390,0.000063
FILLER_55_348,VSS,Metal1,174.4860,226.3390,0.000230
FILLER_55_341,VSS,Metal1,171.1260,226.3390,0.001636
FILLER_55_332,VSS,Metal1,166.0680,226.4230,0.001644
FILLER_55_320,VSS,Metal1,159.6000,226.8000,0.001956
FILLER_55_308,VSS,Metal1,154.0800,226.8000,0.001361
FILLER_55_301,VSS,Metal1,151.9260,226.3390,0.001284
FILLER_55_292,VSS,Metal1,146.4000,226.8000,0.001273
FILLER_55_280,VSS,Metal1,141.8460,226.3390,0.001272
FILLER_55_274,VSS,Metal1,137.5200,226.8000,0.000985
FILLER_55_267,VSS,Metal1,135.6060,226.3390,0.000985
FILLER_55_258,VSS,Metal1,129.8400,226.8000,0.000951
FILLER_55_217,VSS,Metal1,111.6060,226.3390,0.000440
FILLER_55_210,VSS,Metal1,108.2460,226.3390,0.000319
FILLER_55_199,VSS,Metal1,101.7600,226.8000,0.000126
FILLER_55_195,VSS,Metal1,100.3080,226.4230,0.000126
FILLER_55_174,VSS,Metal1,89.5200,226.8000,0.001375
FILLER_55_170,VSS,Metal1,88.3080,226.4230,0.001375
FILLER_55_129,VSS,Metal1,68.1600,226.8000,0.001955
FILLER_55_125,VSS,Metal1,66.7080,226.4230,0.001957
FILLER_55_113,VSS,Metal1,60.9480,226.4230,0.001967
FILLER_55_106,VSS,Metal1,58.3260,226.3390,0.001968
FILLER_55_101,VSS,Metal1,54.7200,226.8000,0.001968
FILLER_55_91,VSS,Metal1,49.6800,226.8000,0.001943
FILLER_55_89,VSS,Metal1,48.9600,226.8000,0.001943
FILLER_55_82,VSS,Metal1,46.8060,226.3390,0.001933
FILLER_55_75,VSS,Metal1,43.4460,226.3390,0.001888
FILLER_55_4,VSS,Metal1,8.1600,226.8000,0.000088
FILLER_54_637,VSS,Metal1,312.0000,219.2400,0.000798
FILLER_54_622,VSS,Metal1,304.5600,219.2400,0.000709
FILLER_54_618,VSS,Metal1,303.3480,219.6160,0.000706
FILLER_54_611,VSS,Metal1,300.7260,219.7000,0.000613
FILLER_54_604,VSS,Metal1,297.3660,219.7000,0.000613
FILLER_54_597,VSS,Metal1,294.0060,219.7000,0.000613
FILLER_54_590,VSS,Metal1,290.6460,219.7000,0.000613
FILLER_54_570,VSS,Metal1,279.8400,219.2400,0.000558
FILLER_54_563,VSS,Metal1,277.6860,219.7000,0.000534
FILLER_54_556,VSS,Metal1,274.3260,219.7000,0.000419
FILLER_54_549,VSS,Metal1,270.9660,219.7000,0.000304
FILLER_54_542,VSS,Metal1,267.6060,219.7000,0.000188
FILLER_54_535,VSS,Metal1,264.2460,219.7000,0.000152
FILLER_54_529,VSS,Metal1,259.9200,219.2400,0.000114
FILLER_54_527,VSS,Metal1,259.2000,219.2400,0.000097
FILLER_54_520,VSS,Metal1,255.8400,219.2400,0.000059
FILLER_54_513,VSS,Metal1,253.6860,219.7000,0.000034
FILLER_54_506,VSS,Metal1,250.3260,219.7000,0.000062
FILLER_54_490,VSS,Metal1,241.9080,219.6160,0.000139
FILLER_54_474,VSS,Metal1,234.9660,219.7000,0.000148
FILLER_54_467,VSS,Metal1,231.6060,219.7000,0.000153
FILLER_54_460,VSS,Metal1,228.2460,219.7000,0.000181
FILLER_54_455,VSS,Metal1,224.6400,219.2400,0.000185
FILLER_54_448,VSS,Metal1,222.4860,219.7000,0.000182
FILLER_54_441,VSS,Metal1,219.1260,219.7000,0.000182
FILLER_54_434,VSS,Metal1,215.7660,219.7000,0.000182
FILLER_54_427,VSS,Metal1,212.4060,219.7000,0.000182
FILLER_54_417,VSS,Metal1,206.1600,219.2400,0.000171
FILLER_54_415,VSS,Metal1,205.4400,219.2400,0.000171
FILLER_54_407,VSS,Metal1,202.0680,219.6160,0.000170
FILLER_54_400,VSS,Metal1,199.4460,219.7000,0.000149
FILLER_54_393,VSS,Metal1,196.0860,219.7000,0.000127
FILLER_54_386,VSS,Metal1,192.7260,219.7000,0.000113
FILLER_54_377,VSS,Metal1,186.9600,219.2400,0.000091
FILLER_54_375,VSS,Metal1,186.2400,219.2400,0.000091
FILLER_54_368,VSS,Metal1,182.6400,219.2400,0.000082
FILLER_54_366,VSS,Metal1,181.9200,219.2400,0.000082
FILLER_54_359,VSS,Metal1,179.7660,219.7000,0.000072
FILLER_54_352,VSS,Metal1,176.4060,219.7000,0.000069
FILLER_54_345,VSS,Metal1,173.0460,219.7000,0.000069
FILLER_54_338,VSS,Metal1,169.6860,219.7000,0.000107
FILLER_54_321,VSS,Metal1,161.5260,219.7000,0.000236
FILLER_54_255,VSS,Metal1,128.6400,219.2400,0.000359
FILLER_54_217,VSS,Metal1,110.4000,219.2400,0.000098
FILLER_54_213,VSS,Metal1,108.9480,219.6160,0.000090
FILLER_54_172,VSS,Metal1,89.2680,219.6160,0.000120
FILLER_54_165,VSS,Metal1,86.6460,219.7000,0.000161
FILLER_54_155,VSS,Metal1,80.4000,219.2400,0.000183
FILLER_54_148,VSS,Metal1,78.4860,219.7000,0.000185
FILLER_54_137,VSS,Metal1,71.7600,219.2400,0.000194
FILLER_54_135,VSS,Metal1,71.0400,219.2400,0.000194
FILLER_54_126,VSS,Metal1,66.4800,219.2400,0.000178
FILLER_54_124,VSS,Metal1,65.7600,219.2400,0.000178
FILLER_54_112,VSS,Metal1,60.4680,219.6160,0.000178
FILLER_54_72,VSS,Metal1,40.5600,219.2400,0.000091
FILLER_54_65,VSS,Metal1,38.6460,219.7000,0.000090
FILLER_54_57,VSS,Metal1,33.3600,219.2400,0.000080
FILLER_54_55,VSS,Metal1,32.6400,219.2400,0.000080
FILLER_54_48,VSS,Metal1,30.4860,219.7000,0.000080
FILLER_54_38,VSS,Metal1,24.2400,219.2400,0.000060
FILLER_54_36,VSS,Metal1,23.5200,219.2400,0.000080
FILLER_54_23,VSS,Metal1,17.7480,219.6160,0.000088
FILLER_54_8,VSS,Metal1,9.8400,219.2400,0.000096
FILLER_54_4,VSS,Metal1,8.6280,219.6160,0.000099
FILLER_53_624,VSS,Metal1,305.5200,219.2400,0.000741
FILLER_53_613,VSS,Metal1,300.4800,219.2400,0.000613
FILLER_53_606,VSS,Metal1,298.3260,218.7790,0.000613
FILLER_53_599,VSS,Metal1,294.9660,218.7790,0.000613
FILLER_53_592,VSS,Metal1,291.6060,218.7790,0.000613
FILLER_53_585,VSS,Metal1,288.2460,218.7790,0.000613
FILLER_53_578,VSS,Metal1,284.8860,218.7790,0.000592
FILLER_53_571,VSS,Metal1,281.5260,218.7790,0.000573
FILLER_53_564,VSS,Metal1,278.1660,218.7790,0.000537
FILLER_53_557,VSS,Metal1,274.8060,218.7790,0.000421
FILLER_53_550,VSS,Metal1,271.4460,218.7790,0.000306
FILLER_53_543,VSS,Metal1,268.0860,218.7790,0.000191
FILLER_53_537,VSS,Metal1,263.7600,219.2400,0.000152
FILLER_53_535,VSS,Metal1,263.0400,219.2400,0.000152
FILLER_53_528,VSS,Metal1,260.8860,218.7790,0.000114
FILLER_53_521,VSS,Metal1,257.5260,218.7790,0.000075
FILLER_53_514,VSS,Metal1,254.1660,218.7790,0.000036
FILLER_53_507,VSS,Metal1,250.8060,218.7790,0.000061
FILLER_53_500,VSS,Metal1,247.4460,218.7790,0.000089
FILLER_53_481,VSS,Metal1,236.8800,219.2400,0.000145
FILLER_53_472,VSS,Metal1,232.5600,219.2400,0.000153
FILLER_53_470,VSS,Metal1,231.8400,219.2400,0.000153
FILLER_53_451,VSS,Metal1,223.1880,218.8630,0.000182
FILLER_53_444,VSS,Metal1,220.5660,218.7790,0.000182
FILLER_53_437,VSS,Metal1,217.2060,218.7790,0.000182
FILLER_53_430,VSS,Metal1,213.8460,218.7790,0.000182
FILLER_53_423,VSS,Metal1,210.4860,218.7790,0.000182
FILLER_53_417,VSS,Metal1,206.4000,219.2400,0.000171
FILLER_53_413,VSS,Metal1,204.9480,218.8630,0.000171
FILLER_53_406,VSS,Metal1,202.3260,218.7790,0.000170
FILLER_53_399,VSS,Metal1,198.9660,218.7790,0.000149
FILLER_53_391,VSS,Metal1,193.6800,219.2400,0.000113
FILLER_53_387,VSS,Metal1,192.4680,218.8630,0.000113
FILLER_53_380,VSS,Metal1,189.8460,218.7790,0.000091
FILLER_53_373,VSS,Metal1,186.4860,218.7790,0.000091
FILLER_53_366,VSS,Metal1,183.1260,218.7790,0.000082
FILLER_53_347,VSS,Metal1,174.0060,218.7790,0.000069
FILLER_53_343,VSS,Metal1,170.6400,219.2400,0.000107
FILLER_53_341,VSS,Metal1,169.9200,219.2400,0.000107
FILLER_53_334,VSS,Metal1,167.7660,218.7790,0.000107
FILLER_53_327,VSS,Metal1,164.4060,218.7790,0.000129
FILLER_53_320,VSS,Metal1,161.0460,218.7790,0.000238
FILLER_53_313,VSS,Metal1,157.6860,218.7790,0.000380
FILLER_53_302,VSS,Metal1,151.2000,219.2400,0.000381
FILLER_53_286,VSS,Metal1,143.5200,219.2400,0.000396
FILLER_53_282,VSS,Metal1,142.0680,218.8630,0.000396
FILLER_53_250,VSS,Metal1,126.0000,219.2400,0.000307
FILLER_53_248,VSS,Metal1,125.2800,219.2400,0.000307
FILLER_53_217,VSS,Metal1,110.1600,219.2400,0.000098
FILLER_53_215,VSS,Metal1,109.4400,219.2400,0.000090
FILLER_53_208,VSS,Metal1,107.2860,218.7790,0.000090
FILLER_53_180,VSS,Metal1,92.4000,219.2400,0.000107
FILLER_53_178,VSS,Metal1,91.6800,219.2400,0.000118
FILLER_53_171,VSS,Metal1,89.5260,218.7790,0.000120
FILLER_53_166,VSS,Metal1,85.6800,219.2400,0.000161
FILLER_53_162,VSS,Metal1,84.4680,218.8630,0.000181
FILLER_53_153,VSS,Metal1,79.4400,219.2400,0.000185
FILLER_53_149,VSS,Metal1,78.2280,218.8630,0.000185
FILLER_53_142,VSS,Metal1,75.6060,218.7790,0.000194
FILLER_53_135,VSS,Metal1,71.0400,219.2400,0.000194
FILLER_53_128,VSS,Metal1,68.8860,218.7790,0.000195
FILLER_53_121,VSS,Metal1,65.5260,218.7790,0.000178
FILLER_53_114,VSS,Metal1,62.1660,218.7790,0.000178
FILLER_53_104,VSS,Metal1,55.9200,219.2400,0.000160
FILLER_53_102,VSS,Metal1,55.2000,219.2400,0.000160
FILLER_53_95,VSS,Metal1,53.0460,218.7790,0.000128
FILLER_53_89,VSS,Metal1,48.7200,219.2400,0.000128
FILLER_53_82,VSS,Metal1,46.8060,218.7790,0.000128
FILLER_53_75,VSS,Metal1,43.4460,218.7790,0.000128
FILLER_53_68,VSS,Metal1,40.0860,218.7790,0.000091
FILLER_53_51,VSS,Metal1,30.4800,219.2400,0.000080
FILLER_53_44,VSS,Metal1,28.5660,218.7790,0.000080
FILLER_53_37,VSS,Metal1,25.2060,218.7790,0.000060
FILLER_53_24,VSS,Metal1,18.2280,218.8630,0.000088
FILLER_53_7,VSS,Metal1,10.8060,218.7790,0.000096
FILLER_53_0,VSS,Metal1,7.4460,218.7790,0.000099
FILLER_52_644,VSS,Metal1,315.8280,212.0560,0.001035
FILLER_52_637,VSS,Metal1,313.2060,212.1400,0.001035
FILLER_52_630,VSS,Metal1,309.8460,212.1400,0.001035
FILLER_52_623,VSS,Metal1,305.7480,212.0560,0.001032
FILLER_52_595,VSS,Metal1,293.0460,212.1400,0.000909
FILLER_52_588,VSS,Metal1,289.6860,212.1400,0.000908
FILLER_52_575,VSS,Metal1,282.0000,211.6800,0.000813
FILLER_52_571,VSS,Metal1,280.7880,212.0560,0.000609
FILLER_52_564,VSS,Metal1,278.1660,212.1400,0.000491
FILLER_52_557,VSS,Metal1,274.8060,212.1400,0.000462
FILLER_52_550,VSS,Metal1,271.4460,212.1400,0.000417
FILLER_52_540,VSS,Metal1,265.2000,211.6800,0.000363
FILLER_52_538,VSS,Metal1,264.4800,211.6800,0.000363
FILLER_52_532,VSS,Metal1,261.3600,211.6800,0.000319
FILLER_52_526,VSS,Metal1,258.4800,211.6800,0.000235
FILLER_52_524,VSS,Metal1,257.7600,211.6800,0.000235
FILLER_52_518,VSS,Metal1,254.8800,211.6800,0.000094
FILLER_52_511,VSS,Metal1,252.7260,212.1400,0.000094
FILLER_52_504,VSS,Metal1,249.3660,212.1400,0.000182
FILLER_52_497,VSS,Metal1,246.0060,212.1400,0.000269
FILLER_52_490,VSS,Metal1,242.6460,212.1400,0.000357
FILLER_52_484,VSS,Metal1,238.5600,211.6800,0.000443
FILLER_52_477,VSS,Metal1,236.4060,212.1400,0.000468
FILLER_52_470,VSS,Metal1,233.0460,212.1400,0.000468
FILLER_52_463,VSS,Metal1,229.6860,212.1400,0.000482
FILLER_52_457,VSS,Metal1,225.6000,211.6800,0.000621
FILLER_52_450,VSS,Metal1,223.4460,212.1400,0.000671
FILLER_52_439,VSS,Metal1,216.7200,211.6800,0.000824
FILLER_52_437,VSS,Metal1,216.0000,211.6800,0.000824
FILLER_52_430,VSS,Metal1,213.8460,212.1400,0.000838
FILLER_52_426,VSS,Metal1,210.4800,211.6800,0.000916
FILLER_52_424,VSS,Metal1,209.7600,211.6800,0.000918
FILLER_52_417,VSS,Metal1,207.6060,212.1400,0.000924
FILLER_52_410,VSS,Metal1,204.2460,212.1400,0.000926
FILLER_52_403,VSS,Metal1,200.8860,212.1400,0.000936
FILLER_52_396,VSS,Metal1,196.3200,211.6800,0.000938
FILLER_52_392,VSS,Metal1,194.8680,212.0560,0.000938
FILLER_52_385,VSS,Metal1,191.0400,211.6800,0.000937
FILLER_52_381,VSS,Metal1,189.5880,212.0560,0.000929
FILLER_52_365,VSS,Metal1,181.2000,211.6800,0.000859
FILLER_52_358,VSS,Metal1,179.2860,212.1400,0.000750
FILLER_52_351,VSS,Metal1,175.9260,212.1400,0.000034
FILLER_52_344,VSS,Metal1,172.5660,212.1400,0.000034
FILLER_52_338,VSS,Metal1,168.2400,211.6800,0.000274
FILLER_52_328,VSS,Metal1,163.6800,211.6800,0.000277
FILLER_52_321,VSS,Metal1,161.5260,212.1400,0.000276
FILLER_52_314,VSS,Metal1,158.1660,212.1400,0.000269
FILLER_52_297,VSS,Metal1,148.5600,211.6800,0.000064
FILLER_52_293,VSS,Metal1,147.3480,212.0560,0.000064
FILLER_52_286,VSS,Metal1,144.7260,212.1400,0.000064
FILLER_52_279,VSS,Metal1,141.3660,212.1400,0.000064
FILLER_52_272,VSS,Metal1,138.0060,212.1400,0.000064
FILLER_52_265,VSS,Metal1,134.6460,212.1400,0.000064
FILLER_52_258,VSS,Metal1,131.2860,212.1400,0.000064
FILLER_52_251,VSS,Metal1,127.9260,212.1400,0.000064
FILLER_52_244,VSS,Metal1,124.5660,212.1400,0.000064
FILLER_52_237,VSS,Metal1,121.2060,212.1400,0.000064
FILLER_52_230,VSS,Metal1,117.8460,212.1400,0.000064
FILLER_52_223,VSS,Metal1,114.4860,212.1400,0.000064
FILLER_52_216,VSS,Metal1,111.1260,212.1400,0.000064
FILLER_52_209,VSS,Metal1,107.7660,212.1400,0.000064
FILLER_52_202,VSS,Metal1,104.4060,212.1400,0.000054
FILLER_52_195,VSS,Metal1,101.0460,212.1400,0.000054
FILLER_52_188,VSS,Metal1,97.6860,212.1400,0.000076
FILLER_52_174,VSS,Metal1,89.5200,211.6800,0.000593
FILLER_52_170,VSS,Metal1,88.3080,212.0560,0.000593
FILLER_52_132,VSS,Metal1,69.3600,211.6800,0.000643
FILLER_52_128,VSS,Metal1,68.1480,212.0560,0.000643
FILLER_52_119,VSS,Metal1,63.1200,211.6800,0.000482
FILLER_52_117,VSS,Metal1,62.4000,211.6800,0.000480
FILLER_52_110,VSS,Metal1,60.2460,212.1400,0.000480
FILLER_52_103,VSS,Metal1,55.4400,211.6800,0.000477
FILLER_52_101,VSS,Metal1,54.7200,211.6800,0.000477
FILLER_52_94,VSS,Metal1,52.5660,212.1400,0.000477
FILLER_52_87,VSS,Metal1,49.2060,212.1400,0.000441
FILLER_52_80,VSS,Metal1,45.8460,212.1400,0.000441
FILLER_52_71,VSS,Metal1,40.3200,211.6800,0.000406
FILLER_52_67,VSS,Metal1,38.8680,212.0560,0.000406
FILLER_52_49,VSS,Metal1,29.5200,211.6800,0.000070
FILLER_52_45,VSS,Metal1,28.3080,212.0560,0.000061
FILLER_52_38,VSS,Metal1,25.6860,212.1400,0.000061
FILLER_52_7,VSS,Metal1,9.3600,211.6800,0.000094
FILLER_52_0,VSS,Metal1,7.4460,212.1400,0.000094
FILLER_51_651,VSS,Metal1,318.4800,211.6800,0.001037
FILLER_51_649,VSS,Metal1,317.7600,211.6800,0.001037
FILLER_51_642,VSS,Metal1,315.6060,211.2190,0.001035
FILLER_51_635,VSS,Metal1,312.2460,211.2190,0.001035
FILLER_51_628,VSS,Metal1,308.8860,211.2190,0.001035
FILLER_51_605,VSS,Metal1,296.4000,211.6800,0.000911
FILLER_51_598,VSS,Metal1,294.4860,211.2190,0.000910
FILLER_51_591,VSS,Metal1,291.1260,211.2190,0.000909
FILLER_51_584,VSS,Metal1,287.7660,211.2190,0.000907
FILLER_51_547,VSS,Metal1,268.5600,211.6800,0.000369
FILLER_51_524,VSS,Metal1,258.9660,211.2190,0.000235
FILLER_51_512,VSS,Metal1,252.4680,211.3030,0.000082
FILLER_51_505,VSS,Metal1,249.8460,211.2190,0.000180
FILLER_51_498,VSS,Metal1,246.4860,211.2190,0.000268
FILLER_51_491,VSS,Metal1,243.1260,211.2190,0.000355
FILLER_51_484,VSS,Metal1,239.7660,211.2190,0.000443
FILLER_51_473,VSS,Metal1,233.2800,211.6800,0.000468
FILLER_51_463,VSS,Metal1,228.9480,211.3030,0.000482
FILLER_51_456,VSS,Metal1,226.3260,211.2190,0.000621
FILLER_51_449,VSS,Metal1,222.9660,211.2190,0.000672
FILLER_51_436,VSS,Metal1,215.2800,211.6800,0.000838
FILLER_51_432,VSS,Metal1,214.0680,211.3030,0.000838
FILLER_51_410,VSS,Metal1,202.8000,211.6800,0.000926
FILLER_51_408,VSS,Metal1,202.0800,211.6800,0.000936
FILLER_51_401,VSS,Metal1,198.4800,211.6800,0.000939
FILLER_51_391,VSS,Metal1,193.9200,211.6800,0.000937
FILLER_51_384,VSS,Metal1,191.7660,211.2190,0.000937
FILLER_51_377,VSS,Metal1,188.4060,211.2190,0.000929
FILLER_51_357,VSS,Metal1,177.3600,211.6800,0.000034
FILLER_51_353,VSS,Metal1,176.1480,211.3030,0.000033
FILLER_51_346,VSS,Metal1,173.5260,211.2190,0.000034
FILLER_51_321,VSS,Metal1,160.0800,211.6800,0.000276
FILLER_51_319,VSS,Metal1,159.3600,211.6800,0.000269
FILLER_51_312,VSS,Metal1,157.2060,211.2190,0.000269
FILLER_51_305,VSS,Metal1,153.8460,211.2190,0.000095
FILLER_51_298,VSS,Metal1,150.4860,211.2190,0.000082
FILLER_51_291,VSS,Metal1,147.1260,211.2190,0.000064
FILLER_51_284,VSS,Metal1,143.7660,211.2190,0.000064
FILLER_51_277,VSS,Metal1,140.4060,211.2190,0.000064
FILLER_51_270,VSS,Metal1,137.0460,211.2190,0.000064
FILLER_51_263,VSS,Metal1,133.6860,211.2190,0.000064
FILLER_51_256,VSS,Metal1,130.3260,211.2190,0.000064
FILLER_51_249,VSS,Metal1,126.9660,211.2190,0.000064
FILLER_51_242,VSS,Metal1,123.6060,211.2190,0.000064
FILLER_51_235,VSS,Metal1,120.2460,211.2190,0.000064
FILLER_51_228,VSS,Metal1,116.8860,211.2190,0.000064
FILLER_51_221,VSS,Metal1,113.5260,211.2190,0.000064
FILLER_51_214,VSS,Metal1,110.1660,211.2190,0.000064
FILLER_51_204,VSS,Metal1,103.9200,211.6800,0.000054
FILLER_51_200,VSS,Metal1,102.7080,211.3030,0.000054
FILLER_51_189,VSS,Metal1,96.7200,211.6800,0.000076
FILLER_51_183,VSS,Metal1,94.0800,211.6800,0.000408
FILLER_51_176,VSS,Metal1,91.9260,211.2190,0.000408
FILLER_51_169,VSS,Metal1,87.1200,211.6800,0.000645
FILLER_51_162,VSS,Metal1,85.2060,211.2190,0.000686
FILLER_51_152,VSS,Metal1,78.9600,211.6800,0.000686
FILLER_51_148,VSS,Metal1,77.7480,211.3030,0.000686
FILLER_51_139,VSS,Metal1,72.9600,211.6800,0.000653
FILLER_51_135,VSS,Metal1,71.5080,211.3030,0.000653
FILLER_51_128,VSS,Metal1,68.8860,211.2190,0.000643
FILLER_51_121,VSS,Metal1,65.5260,211.2190,0.000534
FILLER_51_93,VSS,Metal1,50.6400,211.6800,0.000441
FILLER_51_89,VSS,Metal1,49.4280,211.3030,0.000441
FILLER_51_82,VSS,Metal1,46.8060,211.2190,0.000441
FILLER_51_75,VSS,Metal1,43.4460,211.2190,0.000441
FILLER_51_68,VSS,Metal1,40.0860,211.2190,0.000406
FILLER_51_41,VSS,Metal1,25.6800,211.6800,0.000061
FILLER_51_37,VSS,Metal1,24.4680,211.3030,0.000061
FILLER_51_2,VSS,Metal1,6.9600,211.6800,0.000094
FILLER_51_0,VSS,Metal1,6.2400,211.6800,0.000094
FILLER_50_651,VSS,Metal1,318.4800,204.1200,0.000822
FILLER_50_647,VSS,Metal1,317.2680,204.4960,0.000822
FILLER_50_640,VSS,Metal1,314.6460,204.5800,0.000822
FILLER_50_633,VSS,Metal1,311.2860,204.5800,0.000822
FILLER_50_626,VSS,Metal1,307.9260,204.5800,0.000822
FILLER_50_609,VSS,Metal1,298.3200,204.1200,0.000773
FILLER_50_602,VSS,Metal1,296.4060,204.5800,0.000772
FILLER_50_595,VSS,Metal1,293.0460,204.5800,0.000770
FILLER_50_588,VSS,Metal1,289.6860,204.5800,0.000717
FILLER_50_568,VSS,Metal1,278.8800,204.1200,0.000689
FILLER_50_564,VSS,Metal1,277.4280,204.4960,0.000610
FILLER_50_551,VSS,Metal1,271.1880,204.4960,0.000586
FILLER_50_544,VSS,Metal1,268.5660,204.5800,0.000552
FILLER_50_537,VSS,Metal1,265.2060,204.5800,0.000507
FILLER_50_530,VSS,Metal1,261.8460,204.5800,0.000366
FILLER_50_523,VSS,Metal1,258.4860,204.5800,0.000225
FILLER_50_516,VSS,Metal1,255.1260,204.5800,0.000084
FILLER_50_511,VSS,Metal1,251.2800,204.1200,0.000066
FILLER_50_509,VSS,Metal1,250.5600,204.1200,0.000066
FILLER_50_502,VSS,Metal1,248.4060,204.5800,0.000066
FILLER_50_495,VSS,Metal1,245.0460,204.5800,0.000068
FILLER_50_462,VSS,Metal1,229.2060,204.5800,0.000168
FILLER_50_455,VSS,Metal1,225.8460,204.5800,0.000171
FILLER_50_448,VSS,Metal1,222.4860,204.5800,0.000178
FILLER_50_441,VSS,Metal1,219.1260,204.5800,0.000186
FILLER_50_434,VSS,Metal1,215.7660,204.5800,0.000193
FILLER_50_427,VSS,Metal1,212.4060,204.5800,0.000200
FILLER_50_420,VSS,Metal1,209.0460,204.5800,0.000203
FILLER_50_413,VSS,Metal1,205.6860,204.5800,0.000203
FILLER_50_406,VSS,Metal1,202.3260,204.5800,0.000203
FILLER_50_399,VSS,Metal1,198.9660,204.5800,0.000245
FILLER_50_392,VSS,Metal1,195.6060,204.5800,0.000248
FILLER_50_387,VSS,Metal1,191.7600,204.1200,0.000261
FILLER_50_380,VSS,Metal1,189.8460,204.5800,0.000256
FILLER_50_373,VSS,Metal1,186.4860,204.5800,0.000252
FILLER_50_366,VSS,Metal1,183.1260,204.5800,0.000243
FILLER_50_359,VSS,Metal1,179.7660,204.5800,0.000235
FILLER_50_342,VSS,Metal1,170.8680,204.4960,0.000474
FILLER_50_335,VSS,Metal1,168.2460,204.5800,0.000528
FILLER_50_328,VSS,Metal1,164.8860,204.5800,0.000583
FILLER_50_321,VSS,Metal1,161.5260,204.5800,0.000602
FILLER_50_314,VSS,Metal1,158.1660,204.5800,0.000602
FILLER_50_307,VSS,Metal1,154.8060,204.5800,0.000602
FILLER_50_300,VSS,Metal1,151.4460,204.5800,0.000600
FILLER_50_293,VSS,Metal1,148.0860,204.5800,0.000600
FILLER_50_287,VSS,Metal1,143.7600,204.1200,0.000597
FILLER_50_277,VSS,Metal1,139.2000,204.1200,0.000597
FILLER_50_266,VSS,Metal1,133.9200,204.1200,0.000286
FILLER_50_234,VSS,Metal1,118.3200,204.1200,0.000135
FILLER_50_230,VSS,Metal1,117.1080,204.4960,0.000135
FILLER_50_223,VSS,Metal1,114.4860,204.5800,0.000134
FILLER_50_216,VSS,Metal1,111.1260,204.5800,0.000133
FILLER_50_173,VSS,Metal1,89.0400,204.1200,0.000325
FILLER_50_166,VSS,Metal1,87.1260,204.5800,0.000325
FILLER_50_159,VSS,Metal1,83.7660,204.5800,0.000325
FILLER_50_152,VSS,Metal1,80.4060,204.5800,0.000329
FILLER_50_122,VSS,Metal1,64.5600,204.1200,0.000353
FILLER_50_120,VSS,Metal1,63.8400,204.1200,0.000353
FILLER_50_110,VSS,Metal1,58.8000,204.1200,0.000353
FILLER_50_106,VSS,Metal1,57.5880,204.4960,0.000311
FILLER_50_92,VSS,Metal1,50.1600,204.1200,0.000302
FILLER_50_85,VSS,Metal1,48.2460,204.5800,0.000302
FILLER_50_78,VSS,Metal1,44.8860,204.5800,0.000301
FILLER_50_71,VSS,Metal1,41.5260,204.5800,0.000301
FILLER_50_64,VSS,Metal1,38.1660,204.5800,0.000294
FILLER_50_50,VSS,Metal1,30.2400,204.1200,0.000095
FILLER_50_43,VSS,Metal1,28.0860,204.5800,0.000056
FILLER_50_36,VSS,Metal1,24.7260,204.5800,0.000016
FILLER_50_23,VSS,Metal1,17.7480,204.4960,0.000043
FILLER_50_11,VSS,Metal1,11.5200,204.1200,0.000046
FILLER_50_4,VSS,Metal1,9.3660,204.5800,0.000046
FILLER_49_612,VSS,Metal1,299.7600,204.1200,0.000773
FILLER_49_605,VSS,Metal1,297.8460,203.6590,0.000773
FILLER_49_598,VSS,Metal1,294.4860,203.6590,0.000772
FILLER_49_576,VSS,Metal1,282.4800,204.1200,0.000692
FILLER_49_574,VSS,Metal1,281.7600,204.1200,0.000692
FILLER_49_567,VSS,Metal1,279.6060,203.6590,0.000689
FILLER_49_560,VSS,Metal1,276.2460,203.6590,0.000610
FILLER_49_553,VSS,Metal1,272.8860,203.6590,0.000586
FILLER_49_543,VSS,Metal1,266.6400,204.1200,0.000507
FILLER_49_536,VSS,Metal1,264.7260,203.6590,0.000504
FILLER_49_529,VSS,Metal1,261.3660,203.6590,0.000363
FILLER_49_522,VSS,Metal1,258.0060,203.6590,0.000222
FILLER_49_505,VSS,Metal1,248.6400,204.1200,0.000066
FILLER_49_498,VSS,Metal1,246.4860,203.6590,0.000066
FILLER_49_491,VSS,Metal1,243.1260,203.6590,0.000068
FILLER_49_484,VSS,Metal1,239.7660,203.6590,0.000096
FILLER_49_463,VSS,Metal1,228.2400,204.1200,0.000168
FILLER_49_461,VSS,Metal1,227.5200,204.1200,0.000169
FILLER_49_454,VSS,Metal1,225.3660,203.6590,0.000171
FILLER_49_447,VSS,Metal1,222.0060,203.6590,0.000178
FILLER_49_440,VSS,Metal1,218.6460,203.6590,0.000186
FILLER_49_433,VSS,Metal1,215.2860,203.6590,0.000193
FILLER_49_428,VSS,Metal1,211.4400,204.1200,0.000200
FILLER_49_424,VSS,Metal1,210.2280,203.7430,0.000203
FILLER_49_417,VSS,Metal1,207.6060,203.6590,0.000203
FILLER_49_410,VSS,Metal1,204.2460,203.6590,0.000203
FILLER_49_398,VSS,Metal1,198.4860,203.6590,0.000245
FILLER_49_391,VSS,Metal1,195.1260,203.6590,0.000248
FILLER_49_380,VSS,Metal1,189.8460,203.6590,0.000256
FILLER_49_373,VSS,Metal1,186.4860,203.6590,0.000252
FILLER_49_367,VSS,Metal1,182.1600,204.1200,0.000243
FILLER_49_365,VSS,Metal1,181.4400,204.1200,0.000240
FILLER_49_348,VSS,Metal1,173.0400,204.1200,0.000189
FILLER_49_341,VSS,Metal1,171.1260,203.6590,0.000474
FILLER_49_334,VSS,Metal1,167.7660,203.6590,0.000529
FILLER_49_226,VSS,Metal1,114.4800,204.1200,0.000134
FILLER_49_149,VSS,Metal1,77.7600,204.1200,0.000353
FILLER_49_117,VSS,Metal1,62.4000,204.1200,0.000353
FILLER_49_110,VSS,Metal1,60.2460,203.6590,0.000353
FILLER_49_103,VSS,Metal1,56.8860,203.6590,0.000310
FILLER_49_96,VSS,Metal1,53.5260,203.6590,0.000310
FILLER_49_89,VSS,Metal1,50.1660,203.6590,0.000302
FILLER_49_82,VSS,Metal1,46.8060,203.6590,0.000301
FILLER_49_75,VSS,Metal1,43.4460,203.6590,0.000301
FILLER_49_56,VSS,Metal1,32.8800,204.1200,0.000270
FILLER_49_49,VSS,Metal1,30.9660,203.6590,0.000095
FILLER_49_42,VSS,Metal1,27.6060,203.6590,0.000055
FILLER_49_35,VSS,Metal1,24.2460,203.6590,0.000015
FILLER_49_28,VSS,Metal1,20.8860,203.6590,0.000037
FILLER_49_21,VSS,Metal1,17.5260,203.6590,0.000043
FILLER_49_14,VSS,Metal1,14.1660,203.6590,0.000043
FILLER_49_7,VSS,Metal1,10.8060,203.6590,0.000046
FILLER_49_0,VSS,Metal1,7.4460,203.6590,0.000046
FILLER_48_639,VSS,Metal1,312.7200,196.5600,0.001567
FILLER_48_637,VSS,Metal1,312.0000,196.5600,0.001567
FILLER_48_627,VSS,Metal1,306.9600,196.5600,0.001551
FILLER_48_616,VSS,Metal1,301.9200,196.5600,0.001516
FILLER_48_609,VSS,Metal1,299.7660,197.0200,0.001516
FILLER_48_602,VSS,Metal1,296.4060,197.0200,0.001516
FILLER_48_595,VSS,Metal1,293.0460,197.0200,0.001515
FILLER_48_589,VSS,Metal1,288.7200,196.5600,0.001497
FILLER_48_574,VSS,Metal1,281.5200,196.5600,0.000869
FILLER_48_572,VSS,Metal1,280.8000,196.5600,0.000869
FILLER_48_565,VSS,Metal1,278.6460,197.0200,0.000869
FILLER_48_558,VSS,Metal1,275.2860,197.0200,0.000846
FILLER_48_529,VSS,Metal1,261.3660,197.0200,0.000629
FILLER_48_506,VSS,Metal1,248.8800,196.5600,0.000155
FILLER_48_499,VSS,Metal1,246.9660,197.0200,0.000155
FILLER_48_491,VSS,Metal1,241.9200,196.5600,0.000155
FILLER_48_487,VSS,Metal1,240.4680,196.9360,0.000173
FILLER_48_462,VSS,Metal1,228.4680,196.9360,0.000323
FILLER_48_455,VSS,Metal1,225.8460,197.0200,0.000323
FILLER_48_433,VSS,Metal1,213.8400,196.5600,0.000327
FILLER_48_424,VSS,Metal1,209.7600,196.5600,0.000328
FILLER_48_420,VSS,Metal1,208.3080,196.9360,0.000328
FILLER_48_402,VSS,Metal1,199.2000,196.5600,0.000277
FILLER_48_392,VSS,Metal1,194.1600,196.5600,0.000240
FILLER_48_390,VSS,Metal1,193.4400,196.5600,0.000240
FILLER_48_383,VSS,Metal1,191.2860,197.0200,0.000240
FILLER_48_376,VSS,Metal1,187.9260,197.0200,0.000239
FILLER_48_364,VSS,Metal1,180.7200,196.5600,0.000034
FILLER_48_357,VSS,Metal1,178.8060,197.0200,0.000034
FILLER_48_350,VSS,Metal1,175.4460,197.0200,0.000034
FILLER_48_343,VSS,Metal1,172.0860,197.0200,0.000034
FILLER_48_336,VSS,Metal1,168.7260,197.0200,0.000034
FILLER_48_329,VSS,Metal1,165.3660,197.0200,0.000034
FILLER_48_314,VSS,Metal1,156.7200,196.5600,0.000053
FILLER_48_312,VSS,Metal1,156.0000,196.5600,0.000053
FILLER_48_301,VSS,Metal1,150.4800,196.5600,0.000120
FILLER_48_297,VSS,Metal1,149.2680,196.9360,0.000120
FILLER_48_286,VSS,Metal1,143.5200,196.5600,0.000186
FILLER_48_282,VSS,Metal1,142.0680,196.9360,0.000186
FILLER_48_267,VSS,Metal1,134.1600,196.5600,0.000210
FILLER_48_265,VSS,Metal1,133.4400,196.5600,0.000210
FILLER_48_234,VSS,Metal1,118.3200,196.5600,0.000205
FILLER_48_230,VSS,Metal1,117.1080,196.9360,0.000205
FILLER_48_223,VSS,Metal1,114.4860,197.0200,0.000153
FILLER_48_207,VSS,Metal1,106.8060,197.0200,0.000074
FILLER_48_192,VSS,Metal1,98.4000,196.5600,0.000031
FILLER_48_184,VSS,Metal1,95.0280,196.9360,0.000035
FILLER_48_178,VSS,Metal1,91.6800,196.5600,0.000077
FILLER_48_166,VSS,Metal1,87.1260,197.0200,0.000102
FILLER_48_159,VSS,Metal1,83.7660,197.0200,0.000122
FILLER_48_152,VSS,Metal1,80.4060,197.0200,0.000142
FILLER_48_145,VSS,Metal1,77.0460,197.0200,0.000163
FILLER_48_138,VSS,Metal1,73.6860,197.0200,0.000183
FILLER_48_131,VSS,Metal1,70.3260,197.0200,0.000203
FILLER_48_124,VSS,Metal1,66.9660,197.0200,0.000223
FILLER_48_93,VSS,Metal1,50.6400,196.5600,0.000208
FILLER_48_89,VSS,Metal1,49.4280,196.9360,0.000208
FILLER_48_81,VSS,Metal1,44.8800,196.5600,0.000179
FILLER_48_79,VSS,Metal1,44.1600,196.5600,0.000147
FILLER_48_73,VSS,Metal1,41.0400,196.5600,0.000132
FILLER_48_66,VSS,Metal1,39.1260,197.0200,0.000129
FILLER_48_60,VSS,Metal1,34.8000,196.5600,0.000081
FILLER_48_58,VSS,Metal1,34.0800,196.5600,0.000052
FILLER_48_37,VSS,Metal1,24.0000,196.5600,0.000050
FILLER_48_23,VSS,Metal1,17.2800,196.5600,0.000050
FILLER_48_16,VSS,Metal1,14.3880,196.9360,0.000053
FILLER_48_11,VSS,Metal1,11.5200,196.5600,0.000054
FILLER_48_7,VSS,Metal1,10.0680,196.9360,0.000054
FILLER_48_0,VSS,Metal1,7.4460,197.0200,0.000054
FILLER_47_641,VSS,Metal1,315.1260,196.0990,0.001573
FILLER_47_625,VSS,Metal1,306.7080,196.1830,0.001551
FILLER_47_618,VSS,Metal1,304.0860,196.0990,0.001551
FILLER_47_611,VSS,Metal1,300.7260,196.0990,0.001516
FILLER_47_604,VSS,Metal1,297.3660,196.0990,0.001516
FILLER_47_597,VSS,Metal1,294.0060,196.0990,0.001515
FILLER_47_590,VSS,Metal1,290.6460,196.0990,0.001515
FILLER_47_583,VSS,Metal1,287.2860,196.0990,0.001497
FILLER_47_576,VSS,Metal1,283.9260,196.0990,0.000993
FILLER_47_569,VSS,Metal1,280.5660,196.0990,0.000869
FILLER_47_563,VSS,Metal1,276.4800,196.5600,0.000846
FILLER_47_553,VSS,Metal1,271.6800,196.5600,0.000846
FILLER_47_542,VSS,Metal1,266.4000,196.5600,0.000767
FILLER_47_535,VSS,Metal1,264.2460,196.0990,0.000746
FILLER_47_528,VSS,Metal1,260.8860,196.0990,0.000626
FILLER_47_521,VSS,Metal1,257.5260,196.0990,0.000079
FILLER_47_515,VSS,Metal1,253.4400,196.5600,0.000040
FILLER_47_504,VSS,Metal1,249.3660,196.0990,0.000155
FILLER_47_497,VSS,Metal1,246.0060,196.0990,0.000155
FILLER_47_490,VSS,Metal1,242.6460,196.0990,0.000155
FILLER_47_483,VSS,Metal1,239.2860,196.0990,0.000173
FILLER_47_477,VSS,Metal1,234.9600,196.5600,0.000320
FILLER_47_464,VSS,Metal1,230.1660,196.0990,0.000323
FILLER_47_457,VSS,Metal1,226.8060,196.0990,0.000323
FILLER_47_450,VSS,Metal1,223.4460,196.0990,0.000323
FILLER_47_430,VSS,Metal1,212.4000,196.5600,0.000328
FILLER_47_426,VSS,Metal1,211.1880,196.1830,0.000328
FILLER_47_419,VSS,Metal1,208.5660,196.0990,0.000328
FILLER_47_412,VSS,Metal1,205.2060,196.0990,0.000326
FILLER_47_400,VSS,Metal1,198.2400,196.5600,0.000277
FILLER_47_393,VSS,Metal1,196.0860,196.0990,0.000272
FILLER_47_386,VSS,Metal1,192.7260,196.0990,0.000240
FILLER_47_379,VSS,Metal1,189.3660,196.0990,0.000240
FILLER_47_366,VSS,Metal1,181.6800,196.5600,0.000233
FILLER_47_362,VSS,Metal1,180.4680,196.1830,0.000034
FILLER_47_355,VSS,Metal1,177.8460,196.0990,0.000034
FILLER_47_348,VSS,Metal1,174.4860,196.0990,0.000034
FILLER_47_341,VSS,Metal1,171.1260,196.0990,0.000034
FILLER_47_334,VSS,Metal1,167.7660,196.0990,0.000034
FILLER_47_327,VSS,Metal1,164.4060,196.0990,0.000034
FILLER_47_317,VSS,Metal1,158.4000,196.5600,0.000053
FILLER_47_311,VSS,Metal1,155.2800,196.5600,0.000069
FILLER_47_304,VSS,Metal1,153.3660,196.0990,0.000113
FILLER_47_297,VSS,Metal1,150.0060,196.0990,0.000120
FILLER_47_290,VSS,Metal1,146.6460,196.0990,0.000178
FILLER_47_280,VSS,Metal1,140.6400,196.5600,0.000200
FILLER_47_275,VSS,Metal1,138.0000,196.5600,0.000201
FILLER_47_271,VSS,Metal1,136.7880,196.1830,0.000201
FILLER_47_264,VSS,Metal1,134.1660,196.0990,0.000210
FILLER_47_257,VSS,Metal1,130.8060,196.0990,0.000218
FILLER_47_250,VSS,Metal1,127.4460,196.0990,0.000218
FILLER_47_243,VSS,Metal1,124.0860,196.0990,0.000218
FILLER_47_236,VSS,Metal1,120.7260,196.0990,0.000216
FILLER_47_229,VSS,Metal1,117.3660,196.0990,0.000205
FILLER_47_222,VSS,Metal1,114.0060,196.0990,0.000152
FILLER_47_215,VSS,Metal1,110.6460,196.0990,0.000108
FILLER_47_206,VSS,Metal1,104.8800,196.5600,0.000052
FILLER_47_202,VSS,Metal1,103.6680,196.1830,0.000033
FILLER_47_195,VSS,Metal1,101.0460,196.0990,0.000025
FILLER_47_188,VSS,Metal1,97.6860,196.0990,0.000031
FILLER_47_179,VSS,Metal1,92.6280,196.1830,0.000075
FILLER_47_172,VSS,Metal1,90.0060,196.0990,0.000082
FILLER_47_165,VSS,Metal1,86.6460,196.0990,0.000102
FILLER_47_158,VSS,Metal1,83.2860,196.0990,0.000123
FILLER_47_151,VSS,Metal1,79.9260,196.0990,0.000143
FILLER_47_144,VSS,Metal1,76.5660,196.0990,0.000163
FILLER_47_137,VSS,Metal1,73.2060,196.0990,0.000183
FILLER_47_130,VSS,Metal1,69.8460,196.0990,0.000203
FILLER_47_123,VSS,Metal1,66.4860,196.0990,0.000224
FILLER_47_113,VSS,Metal1,60.2400,196.5600,0.000229
FILLER_47_109,VSS,Metal1,59.0280,196.1830,0.000229
FILLER_47_95,VSS,Metal1,52.3080,196.1830,0.000219
FILLER_47_88,VSS,Metal1,49.6860,196.0990,0.000208
FILLER_47_78,VSS,Metal1,43.4400,196.5600,0.000147
FILLER_47_74,VSS,Metal1,42.2280,196.1830,0.000143
FILLER_47_63,VSS,Metal1,37.6860,196.0990,0.000128
FILLER_47_58,VSS,Metal1,33.8400,196.5600,0.000052
FILLER_47_54,VSS,Metal1,32.6280,196.1830,0.000048
FILLER_47_47,VSS,Metal1,30.0060,196.0990,0.000048
FILLER_47_0,VSS,Metal1,7.4460,196.0990,0.000054
FILLER_46_651,VSS,Metal1,318.4800,189.0000,0.002262
FILLER_46_644,VSS,Metal1,316.5660,189.4600,0.002262
FILLER_46_637,VSS,Metal1,313.2060,189.4600,0.002262
FILLER_46_630,VSS,Metal1,309.8460,189.4600,0.002262
FILLER_46_625,VSS,Metal1,306.2400,189.0000,0.002231
FILLER_46_616,VSS,Metal1,302.3880,189.3760,0.002215
FILLER_46_609,VSS,Metal1,299.7660,189.4600,0.001904
FILLER_46_602,VSS,Metal1,296.4060,189.4600,0.001904
FILLER_46_595,VSS,Metal1,293.0460,189.4600,0.001904
FILLER_46_581,VSS,Metal1,284.8800,189.0000,0.001768
FILLER_46_579,VSS,Metal1,284.1600,189.0000,0.001763
FILLER_46_568,VSS,Metal1,278.6400,189.0000,0.001469
FILLER_46_557,VSS,Metal1,274.8060,189.4600,0.001430
FILLER_46_550,VSS,Metal1,271.4460,189.4600,0.001419
FILLER_46_544,VSS,Metal1,267.1200,189.0000,0.000054
FILLER_46_540,VSS,Metal1,265.9080,189.3760,0.000054
FILLER_46_533,VSS,Metal1,263.2860,189.4600,0.000054
FILLER_46_526,VSS,Metal1,259.9260,189.4600,0.000054
FILLER_46_519,VSS,Metal1,256.5660,189.4600,0.000054
FILLER_46_505,VSS,Metal1,248.4000,189.0000,0.000175
FILLER_46_498,VSS,Metal1,246.4860,189.4600,0.000175
FILLER_46_491,VSS,Metal1,243.1260,189.4600,0.000176
FILLER_46_484,VSS,Metal1,239.7660,189.4600,0.000176
FILLER_46_477,VSS,Metal1,236.4060,189.4600,0.000177
FILLER_46_470,VSS,Metal1,233.0460,189.4600,0.000178
FILLER_46_463,VSS,Metal1,229.6860,189.4600,0.000179
FILLER_46_456,VSS,Metal1,226.3260,189.4600,0.000185
FILLER_46_449,VSS,Metal1,222.9660,189.4600,0.000241
FILLER_46_442,VSS,Metal1,219.6060,189.4600,0.000244
FILLER_46_435,VSS,Metal1,216.2460,189.4600,0.000245
FILLER_46_428,VSS,Metal1,212.8860,189.4600,0.000245
FILLER_46_421,VSS,Metal1,209.5260,189.4600,0.000245
FILLER_46_414,VSS,Metal1,206.1660,189.4600,0.000245
FILLER_46_407,VSS,Metal1,202.8060,189.4600,0.000247
FILLER_46_400,VSS,Metal1,199.4460,189.4600,0.000247
FILLER_46_377,VSS,Metal1,187.2000,189.0000,0.000103
FILLER_46_373,VSS,Metal1,185.7480,189.3760,0.000080
FILLER_46_366,VSS,Metal1,183.1260,189.4600,0.000071
FILLER_46_359,VSS,Metal1,179.7660,189.4600,0.000060
FILLER_46_352,VSS,Metal1,176.4060,189.4600,0.000024
FILLER_46_345,VSS,Metal1,173.0460,189.4600,0.000030
FILLER_46_338,VSS,Metal1,168.4800,189.0000,0.000084
FILLER_46_322,VSS,Metal1,160.5600,189.0000,0.000354
FILLER_46_318,VSS,Metal1,159.3480,189.3760,0.000357
FILLER_46_311,VSS,Metal1,156.7260,189.4600,0.000361
FILLER_46_304,VSS,Metal1,153.3660,189.4600,0.000380
FILLER_46_297,VSS,Metal1,150.0060,189.4600,0.000380
FILLER_46_290,VSS,Metal1,146.6460,189.4600,0.000380
FILLER_46_283,VSS,Metal1,143.2860,189.4600,0.000380
FILLER_46_276,VSS,Metal1,139.9260,189.4600,0.000378
FILLER_46_269,VSS,Metal1,136.5660,189.4600,0.000378
FILLER_46_262,VSS,Metal1,133.2060,189.4600,0.000378
FILLER_46_257,VSS,Metal1,129.3600,189.0000,0.000348
FILLER_46_251,VSS,Metal1,126.4800,189.0000,0.000323
FILLER_46_241,VSS,Metal1,121.6800,189.0000,0.000323
FILLER_46_237,VSS,Metal1,120.4680,189.3760,0.000323
FILLER_46_223,VSS,Metal1,113.7480,189.3760,0.000289
FILLER_46_216,VSS,Metal1,111.1260,189.4600,0.000222
FILLER_46_209,VSS,Metal1,107.7660,189.4600,0.000114
FILLER_46_194,VSS,Metal1,99.3600,189.0000,0.000137
FILLER_46_188,VSS,Metal1,96.2400,189.0000,0.000399
FILLER_46_186,VSS,Metal1,95.5200,189.0000,0.000399
FILLER_46_175,VSS,Metal1,90.2400,189.0000,0.000479
FILLER_46_167,VSS,Metal1,86.1600,189.0000,0.000479
FILLER_46_165,VSS,Metal1,85.4400,189.0000,0.000479
FILLER_46_158,VSS,Metal1,83.2860,189.4600,0.000479
FILLER_46_151,VSS,Metal1,79.9260,189.4600,0.000481
FILLER_46_146,VSS,Metal1,76.3200,189.0000,0.000511
FILLER_46_139,VSS,Metal1,74.1660,189.4600,0.000518
FILLER_46_132,VSS,Metal1,70.8060,189.4600,0.000563
FILLER_46_125,VSS,Metal1,67.4460,189.4600,0.000565
FILLER_46_111,VSS,Metal1,59.2800,189.0000,0.000624
FILLER_46_107,VSS,Metal1,58.0680,189.3760,0.000627
FILLER_46_100,VSS,Metal1,55.4460,189.4600,0.000627
FILLER_46_93,VSS,Metal1,52.0860,189.4600,0.000630
FILLER_46_82,VSS,Metal1,45.3600,189.0000,0.000593
FILLER_46_47,VSS,Metal1,28.8000,189.0000,0.000132
FILLER_46_43,VSS,Metal1,27.3480,189.3760,0.000097
FILLER_46_36,VSS,Metal1,24.7260,189.4600,0.000059
FILLER_46_29,VSS,Metal1,21.3660,189.4600,0.000124
FILLER_46_0,VSS,Metal1,6.2400,189.0000,0.000205
FILLER_45_604,VSS,Metal1,297.3660,188.5390,0.001904
FILLER_45_597,VSS,Metal1,294.0060,188.5390,0.001904
FILLER_45_590,VSS,Metal1,290.6460,188.5390,0.001904
FILLER_45_567,VSS,Metal1,278.4000,189.0000,0.001469
FILLER_45_562,VSS,Metal1,275.7600,189.0000,0.001430
FILLER_45_560,VSS,Metal1,275.0400,189.0000,0.001430
FILLER_45_550,VSS,Metal1,270.2400,189.0000,0.001419
FILLER_45_542,VSS,Metal1,266.8680,188.6230,0.000054
FILLER_45_535,VSS,Metal1,264.2460,188.5390,0.000054
FILLER_45_528,VSS,Metal1,260.8860,188.5390,0.000054
FILLER_45_521,VSS,Metal1,257.5260,188.5390,0.000054
FILLER_45_506,VSS,Metal1,249.1200,189.0000,0.000167
FILLER_45_502,VSS,Metal1,247.6680,188.6230,0.000175
FILLER_45_495,VSS,Metal1,245.0460,188.5390,0.000176
FILLER_45_488,VSS,Metal1,241.6860,188.5390,0.000176
FILLER_45_481,VSS,Metal1,238.3260,188.5390,0.000177
FILLER_45_474,VSS,Metal1,234.9660,188.5390,0.000178
FILLER_45_467,VSS,Metal1,231.6060,188.5390,0.000179
FILLER_45_453,VSS,Metal1,223.4400,189.0000,0.000241
FILLER_45_451,VSS,Metal1,222.7200,189.0000,0.000241
FILLER_45_431,VSS,Metal1,214.3260,188.5390,0.000245
FILLER_45_424,VSS,Metal1,210.9660,188.5390,0.000245
FILLER_45_417,VSS,Metal1,207.6060,188.5390,0.000245
FILLER_45_387,VSS,Metal1,192.0000,189.0000,0.000243
FILLER_45_383,VSS,Metal1,190.5480,188.6230,0.000242
FILLER_45_376,VSS,Metal1,187.9260,188.5390,0.000103
FILLER_45_350,VSS,Metal1,174.0000,189.0000,0.000030
FILLER_45_343,VSS,Metal1,172.0860,188.5390,0.000030
FILLER_45_336,VSS,Metal1,168.7260,188.5390,0.000084
FILLER_45_329,VSS,Metal1,165.3660,188.5390,0.000352
FILLER_45_322,VSS,Metal1,162.0060,188.5390,0.000354
FILLER_45_309,VSS,Metal1,154.3200,189.0000,0.000380
FILLER_45_302,VSS,Metal1,152.4060,188.5390,0.000380
FILLER_45_287,VSS,Metal1,144.0000,189.0000,0.000380
FILLER_45_283,VSS,Metal1,142.5480,188.6230,0.000380
FILLER_45_276,VSS,Metal1,139.9260,188.5390,0.000378
FILLER_45_262,VSS,Metal1,132.0000,189.0000,0.000378
FILLER_45_253,VSS,Metal1,128.1480,188.6230,0.000347
FILLER_45_218,VSS,Metal1,110.6400,189.0000,0.000222
FILLER_45_216,VSS,Metal1,109.9200,189.0000,0.000222
FILLER_45_197,VSS,Metal1,100.8000,189.0000,0.000067
FILLER_45_138,VSS,Metal1,72.9480,188.6230,0.000518
FILLER_45_105,VSS,Metal1,57.1080,188.6230,0.000627
FILLER_45_77,VSS,Metal1,43.2000,189.0000,0.000541
FILLER_45_70,VSS,Metal1,41.0460,188.5390,0.000500
FILLER_45_63,VSS,Metal1,37.6860,188.5390,0.000500
FILLER_45_54,VSS,Metal1,32.6280,188.6230,0.000500
FILLER_45_30,VSS,Metal1,20.4000,189.0000,0.000124
FILLER_45_28,VSS,Metal1,19.6800,189.0000,0.000141
FILLER_45_21,VSS,Metal1,17.5260,188.5390,0.000205
FILLER_45_14,VSS,Metal1,14.1660,188.5390,0.000205
FILLER_45_7,VSS,Metal1,10.8060,188.5390,0.000205
FILLER_45_0,VSS,Metal1,7.4460,188.5390,0.000205
FILLER_44_641,VSS,Metal1,313.9200,181.4400,0.000646
FILLER_44_632,VSS,Metal1,309.3600,181.4400,0.000640
FILLER_44_628,VSS,Metal1,308.1480,181.8160,0.000640
FILLER_44_605,VSS,Metal1,296.4000,181.4400,0.000393
FILLER_44_603,VSS,Metal1,295.6800,181.4400,0.000393
FILLER_44_596,VSS,Metal1,293.5260,181.9000,0.000393
FILLER_44_589,VSS,Metal1,290.1660,181.9000,0.000393
FILLER_44_582,VSS,Metal1,286.8060,181.9000,0.000393
FILLER_44_575,VSS,Metal1,283.4460,181.9000,0.000393
FILLER_44_568,VSS,Metal1,280.0860,181.9000,0.000393
FILLER_44_561,VSS,Metal1,276.7260,181.9000,0.000393
FILLER_44_554,VSS,Metal1,273.3660,181.9000,0.000393
FILLER_44_547,VSS,Metal1,270.0060,181.9000,0.000393
FILLER_44_540,VSS,Metal1,266.6460,181.9000,0.000393
FILLER_44_533,VSS,Metal1,263.2860,181.9000,0.000392
FILLER_44_526,VSS,Metal1,259.9260,181.9000,0.000172
FILLER_44_519,VSS,Metal1,256.5660,181.9000,0.000147
FILLER_44_500,VSS,Metal1,246.2400,181.4400,0.000126
FILLER_44_496,VSS,Metal1,244.7880,181.8160,0.000127
FILLER_44_473,VSS,Metal1,234.4860,181.9000,0.000154
FILLER_44_466,VSS,Metal1,231.1260,181.9000,0.000157
FILLER_44_440,VSS,Metal1,217.4400,181.4400,0.000171
FILLER_44_433,VSS,Metal1,215.2860,181.9000,0.000171
FILLER_44_427,VSS,Metal1,211.2000,181.4400,0.000107
FILLER_44_420,VSS,Metal1,209.0460,181.9000,0.000102
FILLER_44_413,VSS,Metal1,205.6860,181.9000,0.000102
FILLER_44_403,VSS,Metal1,199.6800,181.4400,0.000097
FILLER_44_399,VSS,Metal1,198.2280,181.8160,0.000072
FILLER_44_392,VSS,Metal1,195.6060,181.9000,0.000071
FILLER_44_385,VSS,Metal1,192.2460,181.9000,0.000070
FILLER_44_378,VSS,Metal1,188.8860,181.9000,0.000070
FILLER_44_371,VSS,Metal1,185.5260,181.9000,0.000069
FILLER_44_352,VSS,Metal1,175.2000,181.4400,0.000090
FILLER_44_345,VSS,Metal1,173.0460,181.9000,0.000090
FILLER_44_338,VSS,Metal1,169.6860,181.9000,0.000478
FILLER_44_331,VSS,Metal1,166.3260,181.9000,0.000502
FILLER_44_324,VSS,Metal1,162.9660,181.9000,0.000504
FILLER_44_281,VSS,Metal1,141.1200,181.4400,0.000513
FILLER_44_248,VSS,Metal1,125.0400,181.4400,0.000321
FILLER_44_219,VSS,Metal1,111.3600,181.4400,0.000204
FILLER_44_170,VSS,Metal1,88.3080,181.8160,0.000244
FILLER_44_163,VSS,Metal1,84.4800,181.4400,0.000282
FILLER_44_159,VSS,Metal1,83.0280,181.8160,0.000282
FILLER_44_131,VSS,Metal1,68.8800,181.4400,0.000500
FILLER_44_103,VSS,Metal1,56.1480,181.8160,0.000346
FILLER_44_72,VSS,Metal1,40.5600,181.4400,0.000293
FILLER_44_65,VSS,Metal1,38.6460,181.9000,0.000263
FILLER_44_58,VSS,Metal1,35.2860,181.9000,0.000263
FILLER_44_51,VSS,Metal1,31.9260,181.9000,0.000263
FILLER_44_38,VSS,Metal1,24.2400,181.4400,0.000130
FILLER_44_36,VSS,Metal1,23.5200,181.4400,0.000130
FILLER_44_26,VSS,Metal1,18.4800,181.4400,0.000155
FILLER_44_22,VSS,Metal1,16.5600,181.4400,0.000157
FILLER_44_18,VSS,Metal1,14.6400,181.4400,0.000156
FILLER_44_16,VSS,Metal1,13.9200,181.4400,0.000156
FILLER_44_11,VSS,Metal1,11.5200,181.4400,0.000156
FILLER_44_7,VSS,Metal1,10.0680,181.8160,0.000156
FILLER_44_0,VSS,Metal1,7.4460,181.9000,0.000156
FILLER_43_646,VSS,Metal1,316.3200,181.4400,0.000649
FILLER_43_642,VSS,Metal1,314.8680,181.0630,0.000649
FILLER_43_635,VSS,Metal1,312.2460,180.9790,0.000642
FILLER_43_628,VSS,Metal1,308.8860,180.9790,0.000640
FILLER_43_621,VSS,Metal1,305.5260,180.9790,0.000586
FILLER_43_608,VSS,Metal1,298.5480,181.0630,0.000556
FILLER_43_601,VSS,Metal1,295.9260,180.9790,0.000393
FILLER_43_594,VSS,Metal1,292.5660,180.9790,0.000393
FILLER_43_587,VSS,Metal1,289.2060,180.9790,0.000393
FILLER_43_580,VSS,Metal1,285.8460,180.9790,0.000393
FILLER_43_573,VSS,Metal1,282.4860,180.9790,0.000393
FILLER_43_566,VSS,Metal1,279.1260,180.9790,0.000393
FILLER_43_559,VSS,Metal1,275.7660,180.9790,0.000393
FILLER_43_552,VSS,Metal1,272.4060,180.9790,0.000393
FILLER_43_545,VSS,Metal1,269.0460,180.9790,0.000393
FILLER_43_538,VSS,Metal1,265.6860,180.9790,0.000392
FILLER_43_524,VSS,Metal1,257.7600,181.4400,0.000147
FILLER_43_517,VSS,Metal1,255.6060,180.9790,0.000147
FILLER_43_509,VSS,Metal1,250.3200,181.4400,0.000080
FILLER_43_507,VSS,Metal1,249.6000,181.4400,0.000080
FILLER_43_497,VSS,Metal1,244.5600,181.4400,0.000127
FILLER_43_490,VSS,Metal1,242.6460,180.9790,0.000142
FILLER_43_471,VSS,Metal1,232.0800,181.4400,0.000157
FILLER_43_467,VSS,Metal1,230.8680,181.0630,0.000157
FILLER_43_460,VSS,Metal1,228.2460,180.9790,0.000174
FILLER_43_451,VSS,Metal1,223.1880,181.0630,0.000176
FILLER_43_447,VSS,Metal1,220.5600,181.4400,0.000176
FILLER_43_445,VSS,Metal1,219.8400,181.4400,0.000174
FILLER_43_438,VSS,Metal1,217.6860,180.9790,0.000171
FILLER_43_431,VSS,Metal1,214.3260,180.9790,0.000171
FILLER_43_416,VSS,Metal1,207.1260,180.9790,0.000102
FILLER_43_409,VSS,Metal1,203.7660,180.9790,0.000102
FILLER_43_402,VSS,Metal1,200.4060,180.9790,0.000097
FILLER_43_395,VSS,Metal1,197.0460,180.9790,0.000072
FILLER_43_388,VSS,Metal1,193.6860,180.9790,0.000071
FILLER_43_381,VSS,Metal1,190.3260,180.9790,0.000070
FILLER_43_374,VSS,Metal1,186.9660,180.9790,0.000070
FILLER_43_367,VSS,Metal1,183.6060,180.9790,0.000069
FILLER_43_360,VSS,Metal1,180.2460,180.9790,0.000061
FILLER_43_354,VSS,Metal1,175.9200,181.4400,0.000073
FILLER_43_347,VSS,Metal1,174.0060,180.9790,0.000090
FILLER_43_337,VSS,Metal1,167.7600,181.4400,0.000502
FILLER_43_335,VSS,Metal1,167.0400,181.4400,0.000502
FILLER_43_328,VSS,Metal1,164.8860,180.9790,0.000504
FILLER_43_319,VSS,Metal1,159.1200,181.4400,0.000520
FILLER_43_305,VSS,Metal1,152.4000,181.4400,0.000521
FILLER_43_295,VSS,Metal1,147.6000,181.4400,0.000521
FILLER_43_291,VSS,Metal1,146.3880,181.0630,0.000521
FILLER_43_286,VSS,Metal1,143.2800,181.4400,0.000519
FILLER_43_284,VSS,Metal1,142.5600,181.4400,0.000519
FILLER_43_270,VSS,Metal1,135.6000,181.4400,0.000503
FILLER_43_266,VSS,Metal1,134.3880,181.0630,0.000503
FILLER_43_246,VSS,Metal1,125.5260,180.9790,0.000321
FILLER_43_236,VSS,Metal1,119.2800,181.4400,0.000313
FILLER_43_232,VSS,Metal1,118.0680,181.0630,0.000313
FILLER_43_217,VSS,Metal1,110.4000,181.4400,0.000154
FILLER_43_210,VSS,Metal1,108.2460,180.9790,0.000151
FILLER_43_175,VSS,Metal1,90.0000,181.4400,0.000239
FILLER_43_173,VSS,Metal1,89.2800,181.4400,0.000239
FILLER_43_166,VSS,Metal1,87.1260,180.9790,0.000244
FILLER_43_159,VSS,Metal1,83.7660,180.9790,0.000282
FILLER_43_121,VSS,Metal1,64.0800,181.4400,0.000500
FILLER_43_67,VSS,Metal1,38.1600,181.4400,0.000263
FILLER_43_60,VSS,Metal1,36.2460,180.9790,0.000263
FILLER_43_53,VSS,Metal1,32.8860,180.9790,0.000263
FILLER_43_46,VSS,Metal1,29.5260,180.9790,0.000263
FILLER_43_39,VSS,Metal1,26.1660,180.9790,0.000083
FILLER_43_33,VSS,Metal1,22.0800,181.4400,0.000154
FILLER_43_4,VSS,Metal1,8.1600,181.4400,0.000156
FILLER_43_0,VSS,Metal1,6.7080,181.0630,0.000156
FILLER_42_639,VSS,Metal1,313.4280,174.2560,0.005183
FILLER_42_632,VSS,Metal1,310.8060,174.3400,0.005183
FILLER_42_604,VSS,Metal1,295.9200,173.8800,0.004312
FILLER_42_602,VSS,Metal1,295.2000,173.8800,0.004275
FILLER_42_595,VSS,Metal1,293.0460,174.3400,0.004275
FILLER_42_588,VSS,Metal1,289.6860,174.3400,0.003407
FILLER_42_568,VSS,Metal1,278.8800,173.8800,0.001376
FILLER_42_545,VSS,Metal1,267.8400,173.8800,0.000430
FILLER_42_538,VSS,Metal1,265.6860,174.3400,0.000378
FILLER_42_531,VSS,Metal1,262.3260,174.3400,0.000378
FILLER_42_522,VSS,Metal1,256.5600,173.8800,0.000059
FILLER_42_520,VSS,Metal1,255.8400,173.8800,0.000059
FILLER_42_513,VSS,Metal1,253.6860,174.3400,0.000059
FILLER_42_507,VSS,Metal1,249.3600,173.8800,0.000067
FILLER_42_505,VSS,Metal1,248.6400,173.8800,0.000067
FILLER_42_498,VSS,Metal1,246.4860,174.3400,0.000093
FILLER_42_491,VSS,Metal1,243.1260,174.3400,0.000120
FILLER_42_484,VSS,Metal1,239.7660,174.3400,0.000146
FILLER_42_476,VSS,Metal1,235.1880,174.2560,0.000157
FILLER_42_469,VSS,Metal1,232.5660,174.3400,0.000207
FILLER_42_462,VSS,Metal1,229.2060,174.3400,0.000228
FILLER_42_455,VSS,Metal1,225.8460,174.3400,0.000249
FILLER_42_447,VSS,Metal1,220.8000,173.8800,0.000288
FILLER_42_440,VSS,Metal1,218.6460,174.3400,0.000288
FILLER_42_431,VSS,Metal1,212.8800,173.8800,0.000445
FILLER_42_424,VSS,Metal1,210.9660,174.3400,0.000445
FILLER_42_417,VSS,Metal1,207.6060,174.3400,0.000446
FILLER_42_410,VSS,Metal1,204.2460,174.3400,0.000446
FILLER_42_403,VSS,Metal1,200.8860,174.3400,0.000448
FILLER_42_396,VSS,Metal1,196.0800,173.8800,0.000488
FILLER_42_386,VSS,Metal1,191.9880,174.2560,0.000430
FILLER_42_379,VSS,Metal1,189.3660,174.3400,0.000430
FILLER_42_370,VSS,Metal1,184.3080,174.2560,0.000316
FILLER_42_345,VSS,Metal1,171.8400,173.8800,0.000069
FILLER_42_328,VSS,Metal1,164.8860,174.3400,0.000069
FILLER_42_321,VSS,Metal1,161.5260,174.3400,0.000072
FILLER_42_309,VSS,Metal1,155.0280,174.2560,0.000073
FILLER_42_302,VSS,Metal1,152.4060,174.3400,0.000073
FILLER_42_295,VSS,Metal1,149.0460,174.3400,0.000073
FILLER_42_288,VSS,Metal1,145.6860,174.3400,0.000073
FILLER_42_281,VSS,Metal1,142.3260,174.3400,0.000073
FILLER_42_274,VSS,Metal1,138.9660,174.3400,0.000073
FILLER_42_265,VSS,Metal1,133.2000,173.8800,0.000073
FILLER_42_263,VSS,Metal1,132.4800,173.8800,0.000073
FILLER_42_256,VSS,Metal1,130.3260,174.3400,0.000072
FILLER_42_249,VSS,Metal1,126.9660,174.3400,0.000068
FILLER_42_238,VSS,Metal1,120.4800,173.8800,0.000068
FILLER_42_231,VSS,Metal1,118.3260,174.3400,0.000068
FILLER_42_224,VSS,Metal1,114.9660,174.3400,0.000049
FILLER_42_217,VSS,Metal1,111.6060,174.3400,0.000049
FILLER_42_210,VSS,Metal1,108.2460,174.3400,0.000049
FILLER_42_203,VSS,Metal1,104.8860,174.3400,0.000049
FILLER_42_193,VSS,Metal1,98.6400,173.8800,0.000051
FILLER_42_191,VSS,Metal1,97.9200,173.8800,0.000051
FILLER_42_179,VSS,Metal1,92.6280,174.2560,0.000422
FILLER_42_172,VSS,Metal1,90.0060,174.3400,0.000429
FILLER_42_165,VSS,Metal1,86.6460,174.3400,0.000431
FILLER_42_158,VSS,Metal1,83.2860,174.3400,0.000433
FILLER_42_151,VSS,Metal1,79.9260,174.3400,0.000434
FILLER_42_138,VSS,Metal1,72.9480,174.2560,0.000428
FILLER_42_134,VSS,Metal1,70.3200,173.8800,0.000425
FILLER_42_130,VSS,Metal1,69.1080,174.2560,0.000425
FILLER_42_119,VSS,Metal1,64.5660,174.3400,0.000411
FILLER_42_112,VSS,Metal1,61.2060,174.3400,0.000400
FILLER_42_105,VSS,Metal1,57.8460,174.3400,0.000131
FILLER_42_98,VSS,Metal1,54.4860,174.3400,0.000077
FILLER_42_91,VSS,Metal1,51.1260,174.3400,0.000077
FILLER_42_77,VSS,Metal1,43.6680,174.2560,0.000060
FILLER_42_70,VSS,Metal1,41.0460,174.3400,0.000060
FILLER_42_63,VSS,Metal1,37.6860,174.3400,0.000060
FILLER_42_56,VSS,Metal1,34.3260,174.3400,0.000060
FILLER_42_49,VSS,Metal1,30.9660,174.3400,0.000046
FILLER_42_21,VSS,Metal1,16.0800,173.8800,0.000063
FILLER_42_16,VSS,Metal1,13.6800,173.8800,0.000075
FILLER_42_6,VSS,Metal1,8.8800,173.8800,0.000101
FILLER_42_4,VSS,Metal1,8.1600,173.8800,0.000102
FILLER_41_623,VSS,Metal1,305.2800,173.8800,0.004404
FILLER_41_604,VSS,Metal1,297.3660,173.4190,0.004312
FILLER_41_597,VSS,Metal1,294.0060,173.4190,0.004275
FILLER_41_574,VSS,Metal1,281.5200,173.8800,0.001406
FILLER_41_558,VSS,Metal1,273.8400,173.8800,0.001142
FILLER_41_552,VSS,Metal1,270.9600,173.8800,0.000476
FILLER_41_536,VSS,Metal1,264.7260,173.4190,0.000378
FILLER_41_529,VSS,Metal1,261.3660,173.4190,0.000378
FILLER_41_518,VSS,Metal1,256.0860,173.4190,0.000059
FILLER_41_511,VSS,Metal1,252.7260,173.4190,0.000059
FILLER_41_504,VSS,Metal1,249.3660,173.4190,0.000067
FILLER_41_497,VSS,Metal1,246.0060,173.4190,0.000094
FILLER_41_490,VSS,Metal1,242.6460,173.4190,0.000120
FILLER_41_483,VSS,Metal1,239.2860,173.4190,0.000146
FILLER_41_476,VSS,Metal1,235.9260,173.4190,0.000157
FILLER_41_470,VSS,Metal1,231.6000,173.8800,0.000207
FILLER_41_463,VSS,Metal1,229.6860,173.4190,0.000228
FILLER_41_456,VSS,Metal1,226.3260,173.4190,0.000249
FILLER_41_449,VSS,Metal1,222.9660,173.4190,0.000270
FILLER_41_442,VSS,Metal1,219.6060,173.4190,0.000288
FILLER_41_437,VSS,Metal1,215.7600,173.8800,0.000445
FILLER_41_435,VSS,Metal1,215.0400,173.8800,0.000445
FILLER_41_428,VSS,Metal1,212.8860,173.4190,0.000445
FILLER_41_421,VSS,Metal1,209.5260,173.4190,0.000446
FILLER_41_414,VSS,Metal1,206.1660,173.4190,0.000446
FILLER_41_383,VSS,Metal1,191.2860,173.4190,0.000430
FILLER_41_369,VSS,Metal1,183.8280,173.5030,0.000316
FILLER_41_362,VSS,Metal1,181.2060,173.4190,0.000117
FILLER_41_329,VSS,Metal1,163.9200,173.8800,0.000069
FILLER_41_325,VSS,Metal1,162.7080,173.5030,0.000072
FILLER_41_318,VSS,Metal1,160.0860,173.4190,0.000072
FILLER_41_311,VSS,Metal1,156.7260,173.4190,0.000073
FILLER_41_304,VSS,Metal1,153.3660,173.4190,0.000073
FILLER_41_297,VSS,Metal1,150.0060,173.4190,0.000073
FILLER_41_290,VSS,Metal1,146.6460,173.4190,0.000073
FILLER_41_283,VSS,Metal1,143.2860,173.4190,0.000073
FILLER_41_276,VSS,Metal1,139.9260,173.4190,0.000073
FILLER_41_272,VSS,Metal1,136.5600,173.8800,0.000073
FILLER_41_270,VSS,Metal1,135.8400,173.8800,0.000073
FILLER_41_263,VSS,Metal1,133.6860,173.4190,0.000073
FILLER_41_256,VSS,Metal1,130.3260,173.4190,0.000072
FILLER_41_236,VSS,Metal1,120.7260,173.4190,0.000068
FILLER_41_222,VSS,Metal1,113.2680,173.5030,0.000049
FILLER_41_215,VSS,Metal1,110.6460,173.4190,0.000049
FILLER_41_208,VSS,Metal1,107.2860,173.4190,0.000049
FILLER_41_201,VSS,Metal1,103.9260,173.4190,0.000049
FILLER_41_194,VSS,Metal1,100.5660,173.4190,0.000042
FILLER_41_187,VSS,Metal1,97.2060,173.4190,0.000051
FILLER_41_178,VSS,Metal1,91.6800,173.8800,0.000425
FILLER_41_174,VSS,Metal1,90.2280,173.5030,0.000429
FILLER_41_164,VSS,Metal1,84.7200,173.8800,0.000433
FILLER_41_160,VSS,Metal1,83.5080,173.5030,0.000433
FILLER_41_143,VSS,Metal1,76.0860,173.4190,0.000436
FILLER_41_136,VSS,Metal1,72.7260,173.4190,0.000428
FILLER_41_129,VSS,Metal1,69.3660,173.4190,0.000425
FILLER_41_122,VSS,Metal1,66.0060,173.4190,0.000411
FILLER_41_110,VSS,Metal1,59.0400,173.8800,0.000131
FILLER_41_106,VSS,Metal1,57.5880,173.5030,0.000131
FILLER_41_100,VSS,Metal1,54.2400,173.8800,0.000077
FILLER_41_96,VSS,Metal1,52.7880,173.5030,0.000077
FILLER_41_89,VSS,Metal1,50.1660,173.4190,0.000077
FILLER_41_82,VSS,Metal1,46.8060,173.4190,0.000076
FILLER_41_75,VSS,Metal1,43.4460,173.4190,0.000060
FILLER_41_68,VSS,Metal1,40.0860,173.4190,0.000060
FILLER_41_61,VSS,Metal1,36.7260,173.4190,0.000060
FILLER_41_53,VSS,Metal1,31.4400,173.8800,0.000046
FILLER_41_46,VSS,Metal1,29.5260,173.4190,0.000046
FILLER_41_35,VSS,Metal1,23.0400,173.8800,0.000046
FILLER_41_31,VSS,Metal1,21.5880,173.5030,0.000046
FILLER_41_20,VSS,Metal1,15.6000,173.8800,0.000063
FILLER_40_612,VSS,Metal1,300.4680,166.6960,0.002036
FILLER_40_605,VSS,Metal1,297.8460,166.7800,0.001922
FILLER_40_598,VSS,Metal1,294.4860,166.7800,0.001806
FILLER_40_591,VSS,Metal1,291.1260,166.7800,0.001690
FILLER_40_581,VSS,Metal1,284.8800,166.3200,0.000697
FILLER_40_575,VSS,Metal1,282.0000,166.3200,0.000653
FILLER_40_566,VSS,Metal1,277.6800,166.3200,0.000538
FILLER_40_559,VSS,Metal1,275.7660,166.7800,0.000538
FILLER_40_553,VSS,Metal1,271.6800,166.3200,0.000458
FILLER_40_542,VSS,Metal1,266.1600,166.3200,0.000383
FILLER_40_535,VSS,Metal1,264.2460,166.7800,0.000382
FILLER_40_528,VSS,Metal1,260.8860,166.7800,0.000159
FILLER_40_521,VSS,Metal1,257.5260,166.7800,0.000106
FILLER_40_511,VSS,Metal1,251.5200,166.3200,0.000085
FILLER_40_504,VSS,Metal1,249.3660,166.7800,0.000159
FILLER_40_497,VSS,Metal1,246.0060,166.7800,0.000172
FILLER_40_490,VSS,Metal1,242.6460,166.7800,0.000230
FILLER_40_483,VSS,Metal1,239.2860,166.7800,0.000288
FILLER_40_460,VSS,Metal1,226.8000,166.3200,0.000466
FILLER_40_456,VSS,Metal1,225.5880,166.6960,0.000498
FILLER_40_449,VSS,Metal1,222.9660,166.7800,0.000503
FILLER_40_422,VSS,Metal1,208.5600,166.3200,0.000433
FILLER_40_418,VSS,Metal1,207.3480,166.6960,0.000433
FILLER_40_411,VSS,Metal1,204.7260,166.7800,0.000433
FILLER_40_404,VSS,Metal1,201.3660,166.7800,0.000433
FILLER_40_398,VSS,Metal1,197.0400,166.3200,0.000371
FILLER_40_392,VSS,Metal1,194.1600,166.3200,0.000370
FILLER_40_388,VSS,Metal1,192.9480,166.6960,0.000370
FILLER_40_381,VSS,Metal1,190.3260,166.7800,0.000322
FILLER_40_374,VSS,Metal1,186.9660,166.7800,0.000257
FILLER_40_367,VSS,Metal1,183.6060,166.7800,0.000193
FILLER_40_360,VSS,Metal1,180.2460,166.7800,0.000128
FILLER_40_354,VSS,Metal1,175.9200,166.3200,0.000065
FILLER_40_352,VSS,Metal1,175.2000,166.3200,0.000100
FILLER_40_345,VSS,Metal1,173.0460,166.7800,0.000100
FILLER_40_339,VSS,Metal1,168.7200,166.3200,0.000213
FILLER_40_332,VSS,Metal1,166.8060,166.7800,0.000333
FILLER_40_322,VSS,Metal1,160.5600,166.3200,0.000333
FILLER_40_315,VSS,Metal1,158.6460,166.7800,0.000333
FILLER_40_306,VSS,Metal1,152.8800,166.3200,0.000729
FILLER_40_304,VSS,Metal1,152.1600,166.3200,0.000729
FILLER_40_297,VSS,Metal1,148.8000,166.3200,0.000734
FILLER_40_256,VSS,Metal1,129.5880,166.6960,0.000692
FILLER_40_249,VSS,Metal1,126.9660,166.7800,0.000609
FILLER_40_215,VSS,Metal1,109.2000,166.3200,0.000497
FILLER_40_208,VSS,Metal1,107.2860,166.7800,0.000453
FILLER_40_201,VSS,Metal1,103.9260,166.7800,0.000145
FILLER_40_176,VSS,Metal1,90.7200,166.3200,0.000212
FILLER_40_142,VSS,Metal1,74.8680,166.6960,0.000220
FILLER_40_135,VSS,Metal1,72.2460,166.7800,0.000230
FILLER_40_128,VSS,Metal1,68.8860,166.7800,0.000267
FILLER_40_80,VSS,Metal1,44.4000,166.3200,0.000360
FILLER_40_44,VSS,Metal1,27.1200,166.3200,0.000030
FILLER_40_42,VSS,Metal1,26.4000,166.3200,0.000030
FILLER_40_35,VSS,Metal1,24.2460,166.7800,0.000028
FILLER_40_4,VSS,Metal1,7.9200,166.3200,0.000058
FILLER_40_0,VSS,Metal1,6.7080,166.6960,0.000059
FILLER_39_647,VSS,Metal1,316.5600,166.3200,0.002257
FILLER_39_645,VSS,Metal1,315.8400,166.3200,0.002257
FILLER_39_639,VSS,Metal1,312.7200,166.3200,0.002171
FILLER_39_633,VSS,Metal1,309.8400,166.3200,0.002162
FILLER_39_629,VSS,Metal1,308.6280,165.9430,0.002162
FILLER_39_625,VSS,Metal1,306.0000,166.3200,0.002136
FILLER_39_618,VSS,Metal1,304.0860,165.8590,0.002036
FILLER_39_611,VSS,Metal1,300.7260,165.8590,0.002036
FILLER_39_604,VSS,Metal1,297.3660,165.8590,0.001920
FILLER_39_597,VSS,Metal1,294.0060,165.8590,0.001804
FILLER_39_579,VSS,Metal1,284.1600,166.3200,0.000697
FILLER_39_575,VSS,Metal1,282.7080,165.9430,0.000654
FILLER_39_570,VSS,Metal1,279.6000,166.3200,0.000587
FILLER_39_563,VSS,Metal1,277.6860,165.8590,0.000538
FILLER_39_556,VSS,Metal1,274.3260,165.8590,0.000535
FILLER_39_550,VSS,Metal1,270.0000,166.3200,0.000428
FILLER_39_546,VSS,Metal1,268.7880,165.9430,0.000422
FILLER_39_539,VSS,Metal1,266.1660,165.8590,0.000383
FILLER_39_525,VSS,Metal1,258.0000,166.3200,0.000106
FILLER_39_523,VSS,Metal1,257.2800,166.3200,0.000106
FILLER_39_491,VSS,Metal1,243.1260,165.8590,0.000229
FILLER_39_484,VSS,Metal1,239.7660,165.8590,0.000287
FILLER_39_477,VSS,Metal1,236.4060,165.8590,0.000345
FILLER_39_455,VSS,Metal1,224.4000,166.3200,0.000503
FILLER_39_453,VSS,Metal1,223.6800,166.3200,0.000503
FILLER_39_446,VSS,Metal1,221.5260,165.8590,0.000504
FILLER_39_439,VSS,Metal1,218.1660,165.8590,0.000515
FILLER_39_420,VSS,Metal1,208.3080,165.9430,0.000433
FILLER_39_413,VSS,Metal1,205.6860,165.8590,0.000433
FILLER_39_406,VSS,Metal1,202.3260,165.8590,0.000433
FILLER_39_401,VSS,Metal1,198.4800,166.3200,0.000408
FILLER_39_396,VSS,Metal1,196.0800,166.3200,0.000370
FILLER_39_389,VSS,Metal1,194.1660,165.8590,0.000370
FILLER_39_382,VSS,Metal1,190.8060,165.8590,0.000323
FILLER_39_375,VSS,Metal1,187.4460,165.8590,0.000259
FILLER_39_368,VSS,Metal1,184.0860,165.8590,0.000194
FILLER_39_361,VSS,Metal1,180.7260,165.8590,0.000129
FILLER_39_354,VSS,Metal1,177.3660,165.8590,0.000065
FILLER_39_347,VSS,Metal1,174.0060,165.8590,0.000100
FILLER_39_340,VSS,Metal1,170.6460,165.8590,0.000100
FILLER_39_289,VSS,Metal1,144.9600,166.3200,0.000735
FILLER_39_278,VSS,Metal1,139.6800,166.3200,0.000736
FILLER_39_257,VSS,Metal1,129.3600,166.3200,0.000692
FILLER_39_213,VSS,Metal1,108.4800,166.3200,0.000453
FILLER_39_209,VSS,Metal1,107.0280,165.9430,0.000453
FILLER_39_166,VSS,Metal1,85.6800,166.3200,0.000212
FILLER_39_164,VSS,Metal1,84.9600,166.3200,0.000212
FILLER_39_132,VSS,Metal1,69.6000,166.3200,0.000267
FILLER_39_97,VSS,Metal1,52.8000,166.3200,0.000316
FILLER_39_93,VSS,Metal1,51.3480,165.9430,0.000316
FILLER_39_84,VSS,Metal1,46.3200,166.3200,0.000350
FILLER_39_77,VSS,Metal1,44.4060,165.8590,0.000360
FILLER_39_66,VSS,Metal1,37.9200,166.3200,0.000360
FILLER_39_38,VSS,Metal1,24.2400,166.3200,0.000028
FILLER_39_36,VSS,Metal1,23.5200,166.3200,0.000028
FILLER_39_25,VSS,Metal1,18.2400,166.3200,0.000054
FILLER_39_8,VSS,Metal1,11.2860,165.8590,0.000055
FILLER_38_643,VSS,Metal1,314.6400,158.7600,0.000462
FILLER_38_639,VSS,Metal1,313.4280,159.1360,0.000462
FILLER_38_632,VSS,Metal1,310.8060,159.2200,0.000462
FILLER_38_621,VSS,Metal1,304.7880,159.1360,0.000432
FILLER_38_604,VSS,Metal1,297.3660,159.2200,0.000349
FILLER_38_597,VSS,Metal1,294.0060,159.2200,0.000349
FILLER_38_590,VSS,Metal1,290.6460,159.2200,0.000349
FILLER_38_583,VSS,Metal1,287.2860,159.2200,0.000349
FILLER_38_576,VSS,Metal1,283.9260,159.2200,0.000318
FILLER_38_569,VSS,Metal1,280.5660,159.2200,0.000314
FILLER_38_562,VSS,Metal1,277.2060,159.2200,0.000312
FILLER_38_555,VSS,Metal1,273.8460,159.2200,0.000220
FILLER_38_548,VSS,Metal1,270.4860,159.2200,0.000219
FILLER_38_540,VSS,Metal1,265.4400,158.7600,0.000186
FILLER_38_527,VSS,Metal1,258.9600,158.7600,0.000124
FILLER_38_525,VSS,Metal1,258.2400,158.7600,0.000120
FILLER_38_502,VSS,Metal1,246.9600,158.7600,0.000079
FILLER_38_495,VSS,Metal1,245.0460,159.2200,0.000080
FILLER_38_477,VSS,Metal1,235.2000,158.7600,0.000133
FILLER_38_473,VSS,Metal1,233.7480,159.1360,0.000133
FILLER_38_468,VSS,Metal1,230.6400,158.7600,0.000427
FILLER_38_464,VSS,Metal1,229.4280,159.1360,0.000427
FILLER_38_457,VSS,Metal1,226.8060,159.2200,0.000545
FILLER_38_450,VSS,Metal1,223.4460,159.2200,0.000545
FILLER_38_443,VSS,Metal1,220.0860,159.2200,0.000545
FILLER_38_436,VSS,Metal1,216.7260,159.2200,0.000546
FILLER_38_429,VSS,Metal1,213.3660,159.2200,0.000736
FILLER_38_422,VSS,Metal1,210.0060,159.2200,0.000749
FILLER_38_415,VSS,Metal1,206.6460,159.2200,0.000755
FILLER_38_385,VSS,Metal1,191.0400,158.7600,0.000657
FILLER_38_381,VSS,Metal1,189.5880,159.1360,0.000655
FILLER_38_374,VSS,Metal1,186.9660,159.2200,0.000477
FILLER_38_367,VSS,Metal1,183.6060,159.2200,0.000476
FILLER_38_344,VSS,Metal1,171.1200,158.7600,0.000056
FILLER_38_340,VSS,Metal1,169.9080,159.1360,0.000091
FILLER_38_333,VSS,Metal1,167.2860,159.2200,0.000092
FILLER_38_326,VSS,Metal1,163.9260,159.2200,0.000092
FILLER_38_319,VSS,Metal1,160.5660,159.2200,0.000125
FILLER_38_315,VSS,Metal1,157.2000,158.7600,0.000148
FILLER_38_292,VSS,Metal1,147.6060,159.2200,0.000174
FILLER_38_285,VSS,Metal1,144.2460,159.2200,0.000182
FILLER_38_278,VSS,Metal1,140.8860,159.2200,0.000191
FILLER_38_263,VSS,Metal1,132.2400,158.7600,0.000191
FILLER_38_256,VSS,Metal1,130.3260,159.2200,0.000191
FILLER_38_250,VSS,Metal1,126.2400,158.7600,0.000183
FILLER_38_246,VSS,Metal1,124.7880,159.1360,0.000183
FILLER_38_241,VSS,Metal1,121.9200,158.7600,0.000173
FILLER_38_234,VSS,Metal1,119.7660,159.2200,0.000117
FILLER_38_223,VSS,Metal1,113.0400,158.7600,0.000090
FILLER_38_221,VSS,Metal1,112.3200,158.7600,0.000090
FILLER_38_214,VSS,Metal1,110.1660,159.2200,0.000075
FILLER_38_207,VSS,Metal1,106.8060,159.2200,0.000075
FILLER_38_200,VSS,Metal1,103.4460,159.2200,0.000074
FILLER_38_193,VSS,Metal1,100.0860,159.2200,0.000073
FILLER_38_186,VSS,Metal1,96.7260,159.2200,0.000074
FILLER_38_171,VSS,Metal1,89.5260,159.2200,0.000189
FILLER_38_164,VSS,Metal1,86.1660,159.2200,0.000195
FILLER_38_151,VSS,Metal1,79.1880,159.1360,0.000242
FILLER_38_137,VSS,Metal1,72.4680,159.1360,0.000253
FILLER_38_130,VSS,Metal1,69.8460,159.2200,0.000253
FILLER_38_120,VSS,Metal1,63.6000,158.7600,0.000255
FILLER_38_116,VSS,Metal1,62.3880,159.1360,0.000255
FILLER_38_99,VSS,Metal1,54.9660,159.2200,0.000254
FILLER_38_92,VSS,Metal1,51.6060,159.2200,0.000253
FILLER_38_85,VSS,Metal1,48.2460,159.2200,0.000250
FILLER_38_78,VSS,Metal1,44.8860,159.2200,0.000246
FILLER_38_60,VSS,Metal1,35.0400,158.7600,0.000173
FILLER_38_37,VSS,Metal1,23.7600,158.7600,0.000133
FILLER_38_24,VSS,Metal1,18.2280,159.1360,0.000136
FILLER_38_4,VSS,Metal1,8.1600,158.7600,0.000146
FILLER_37_606,VSS,Metal1,296.8800,158.7600,0.000349
FILLER_37_599,VSS,Metal1,294.9660,158.2990,0.000349
FILLER_37_592,VSS,Metal1,291.6060,158.2990,0.000349
FILLER_37_585,VSS,Metal1,288.2460,158.2990,0.000349
FILLER_37_581,VSS,Metal1,284.8800,158.7600,0.000318
FILLER_37_577,VSS,Metal1,283.6680,158.3830,0.000318
FILLER_37_572,VSS,Metal1,280.8000,158.7600,0.000314
FILLER_37_565,VSS,Metal1,278.6460,158.2990,0.000314
FILLER_37_559,VSS,Metal1,274.5600,158.7600,0.000220
FILLER_37_552,VSS,Metal1,272.4060,158.2990,0.000219
FILLER_37_545,VSS,Metal1,269.0460,158.2990,0.000217
FILLER_37_538,VSS,Metal1,265.6860,158.2990,0.000186
FILLER_37_529,VSS,Metal1,259.9200,158.7600,0.000156
FILLER_37_523,VSS,Metal1,257.0400,158.7600,0.000115
FILLER_37_502,VSS,Metal1,246.9600,158.7600,0.000079
FILLER_37_495,VSS,Metal1,245.0460,158.2990,0.000080
FILLER_37_487,VSS,Metal1,240.0000,158.7600,0.000093
FILLER_37_483,VSS,Metal1,238.5480,158.3830,0.000093
FILLER_37_459,VSS,Metal1,226.3200,158.7600,0.000545
FILLER_37_452,VSS,Metal1,224.4060,158.2990,0.000545
FILLER_37_445,VSS,Metal1,221.0460,158.2990,0.000545
FILLER_37_438,VSS,Metal1,217.6860,158.2990,0.000546
FILLER_37_423,VSS,Metal1,209.0400,158.7600,0.000749
FILLER_37_416,VSS,Metal1,207.1260,158.2990,0.000755
FILLER_37_391,VSS,Metal1,193.6800,158.7600,0.000713
FILLER_37_381,VSS,Metal1,188.8800,158.7600,0.000655
FILLER_37_377,VSS,Metal1,187.6680,158.3830,0.000478
FILLER_37_370,VSS,Metal1,185.0460,158.2990,0.000477
FILLER_37_363,VSS,Metal1,181.6860,158.2990,0.000476
FILLER_37_356,VSS,Metal1,178.3260,158.2990,0.000064
FILLER_37_350,VSS,Metal1,174.2400,158.7600,0.000054
FILLER_37_343,VSS,Metal1,172.0860,158.2990,0.000056
FILLER_37_336,VSS,Metal1,168.7260,158.2990,0.000091
FILLER_37_329,VSS,Metal1,164.1600,158.7600,0.000092
FILLER_37_325,VSS,Metal1,162.7080,158.3830,0.000092
FILLER_37_318,VSS,Metal1,160.0860,158.2990,0.000126
FILLER_37_311,VSS,Metal1,156.7260,158.2990,0.000148
FILLER_37_304,VSS,Metal1,153.3660,158.2990,0.000162
FILLER_37_293,VSS,Metal1,146.8800,158.7600,0.000174
FILLER_37_286,VSS,Metal1,144.7260,158.2990,0.000181
FILLER_37_275,VSS,Metal1,138.0000,158.7600,0.000191
FILLER_37_273,VSS,Metal1,137.2800,158.7600,0.000191
FILLER_37_266,VSS,Metal1,135.1260,158.2990,0.000191
FILLER_37_259,VSS,Metal1,131.7660,158.2990,0.000191
FILLER_37_250,VSS,Metal1,126.2400,158.7600,0.000183
FILLER_37_237,VSS,Metal1,120.4680,158.3830,0.000118
FILLER_37_226,VSS,Metal1,114.4800,158.7600,0.000117
FILLER_37_224,VSS,Metal1,113.7600,158.7600,0.000090
FILLER_37_220,VSS,Metal1,111.6000,158.7600,0.000075
FILLER_37_218,VSS,Metal1,110.8800,158.7600,0.000075
FILLER_37_211,VSS,Metal1,108.7260,158.2990,0.000075
FILLER_37_204,VSS,Metal1,105.3660,158.2990,0.000074
FILLER_37_197,VSS,Metal1,102.0060,158.2990,0.000073
FILLER_37_190,VSS,Metal1,98.6460,158.2990,0.000074
FILLER_37_184,VSS,Metal1,94.3200,158.7600,0.000077
FILLER_37_182,VSS,Metal1,93.6000,158.7600,0.000077
FILLER_37_174,VSS,Metal1,90.2280,158.3830,0.000188
FILLER_37_167,VSS,Metal1,86.1600,158.7600,0.000195
FILLER_37_163,VSS,Metal1,84.9480,158.3830,0.000195
FILLER_37_156,VSS,Metal1,82.3260,158.2990,0.000227
FILLER_37_149,VSS,Metal1,78.9660,158.2990,0.000242
FILLER_37_142,VSS,Metal1,75.6060,158.2990,0.000243
FILLER_37_135,VSS,Metal1,72.2460,158.2990,0.000253
FILLER_37_128,VSS,Metal1,68.8860,158.2990,0.000253
FILLER_37_121,VSS,Metal1,65.5260,158.2990,0.000254
FILLER_37_110,VSS,Metal1,60.2460,158.2990,0.000255
FILLER_37_103,VSS,Metal1,56.8860,158.2990,0.000254
FILLER_37_96,VSS,Metal1,53.5260,158.2990,0.000253
FILLER_37_91,VSS,Metal1,49.6800,158.7600,0.000250
FILLER_37_85,VSS,Metal1,46.8000,158.7600,0.000250
FILLER_37_78,VSS,Metal1,44.8860,158.2990,0.000246
FILLER_37_40,VSS,Metal1,25.2000,158.7600,0.000063
FILLER_37_38,VSS,Metal1,24.4800,158.7600,0.000133
FILLER_37_7,VSS,Metal1,9.3600,158.7600,0.000145
FILLER_37_0,VSS,Metal1,7.4460,158.2990,0.000146
FILLER_36_625,VSS,Metal1,306.2400,151.2000,0.003301
FILLER_36_591,VSS,Metal1,291.1260,151.6600,0.002640
FILLER_36_584,VSS,Metal1,287.7660,151.6600,0.002638
FILLER_36_546,VSS,Metal1,269.5260,151.6600,0.001449
FILLER_36_539,VSS,Metal1,266.1660,151.6600,0.000386
FILLER_36_532,VSS,Metal1,261.3600,151.2000,0.000315
FILLER_36_528,VSS,Metal1,260.1480,151.5760,0.000315
FILLER_36_521,VSS,Metal1,257.5260,151.6600,0.000157
FILLER_36_514,VSS,Metal1,254.1660,151.6600,0.000103
FILLER_36_507,VSS,Metal1,250.8060,151.6600,0.000103
FILLER_36_500,VSS,Metal1,247.4460,151.6600,0.000103
FILLER_36_493,VSS,Metal1,244.0860,151.6600,0.000103
FILLER_36_486,VSS,Metal1,240.7260,151.6600,0.000103
FILLER_36_479,VSS,Metal1,235.9200,151.2000,0.000131
FILLER_36_466,VSS,Metal1,230.3880,151.5760,0.000160
FILLER_36_459,VSS,Metal1,227.7660,151.6600,0.000202
FILLER_36_452,VSS,Metal1,224.4060,151.6600,0.000245
FILLER_36_445,VSS,Metal1,221.0460,151.6600,0.000288
FILLER_36_432,VSS,Metal1,213.6000,151.2000,0.000309
FILLER_36_416,VSS,Metal1,206.3880,151.5760,0.000323
FILLER_36_409,VSS,Metal1,203.7660,151.6600,0.000323
FILLER_36_402,VSS,Metal1,200.4060,151.6600,0.000323
FILLER_36_395,VSS,Metal1,197.0460,151.6600,0.000323
FILLER_36_389,VSS,Metal1,192.9600,151.2000,0.000314
FILLER_36_382,VSS,Metal1,190.8060,151.6600,0.000305
FILLER_36_375,VSS,Metal1,187.4460,151.6600,0.000236
FILLER_36_364,VSS,Metal1,180.9600,151.2000,0.000161
FILLER_36_360,VSS,Metal1,179.5080,151.5760,0.000075
FILLER_36_354,VSS,Metal1,175.9200,151.2000,0.000039
FILLER_36_352,VSS,Metal1,175.2000,151.2000,0.000060
FILLER_36_344,VSS,Metal1,171.8280,151.5760,0.000105
FILLER_36_327,VSS,Metal1,162.9600,151.2000,0.000146
FILLER_36_317,VSS,Metal1,158.1600,151.2000,0.000237
FILLER_36_310,VSS,Metal1,156.2460,151.6600,0.000292
FILLER_36_279,VSS,Metal1,139.9200,151.2000,0.000275
FILLER_36_251,VSS,Metal1,126.4800,151.2000,0.000176
FILLER_36_223,VSS,Metal1,113.0400,151.2000,0.000130
FILLER_36_213,VSS,Metal1,108.2400,151.2000,0.000130
FILLER_36_211,VSS,Metal1,107.5200,151.2000,0.000130
FILLER_36_192,VSS,Metal1,98.4000,151.2000,0.000152
FILLER_36_169,VSS,Metal1,87.1200,151.2000,0.000207
FILLER_36_167,VSS,Metal1,86.4000,151.2000,0.000209
FILLER_36_160,VSS,Metal1,84.2460,151.6600,0.000209
FILLER_36_111,VSS,Metal1,59.9880,151.5760,0.000265
FILLER_36_104,VSS,Metal1,57.3660,151.6600,0.000268
FILLER_36_62,VSS,Metal1,35.7600,151.2000,0.000224
FILLER_36_56,VSS,Metal1,33.1200,151.2000,0.000198
FILLER_36_52,VSS,Metal1,31.6680,151.5760,0.000198
FILLER_36_45,VSS,Metal1,29.0460,151.6600,0.000118
FILLER_36_38,VSS,Metal1,25.6860,151.6600,0.000037
FILLER_36_7,VSS,Metal1,9.3600,151.2000,0.000061
FILLER_36_0,VSS,Metal1,7.4460,151.6600,0.000061
FILLER_35_635,VSS,Metal1,311.0400,151.2000,0.003316
FILLER_35_631,VSS,Metal1,309.5880,150.8230,0.003303
FILLER_35_624,VSS,Metal1,306.9660,150.7390,0.003301
FILLER_35_617,VSS,Metal1,303.6060,150.7390,0.002941
FILLER_35_608,VSS,Metal1,297.8400,151.2000,0.002900
FILLER_35_601,VSS,Metal1,295.9260,150.7390,0.002876
FILLER_35_594,VSS,Metal1,292.5660,150.7390,0.002641
FILLER_35_587,VSS,Metal1,289.2060,150.7390,0.002640
FILLER_35_576,VSS,Metal1,283.1880,150.8230,0.002090
FILLER_35_570,VSS,Metal1,279.8400,151.2000,0.002072
FILLER_35_566,VSS,Metal1,278.3880,150.8230,0.001594
FILLER_35_559,VSS,Metal1,275.7660,150.7390,0.001594
FILLER_35_552,VSS,Metal1,272.4060,150.7390,0.001586
FILLER_35_534,VSS,Metal1,262.5600,151.2000,0.000321
FILLER_35_527,VSS,Metal1,260.4060,150.7390,0.000315
FILLER_35_520,VSS,Metal1,255.8400,151.2000,0.000134
FILLER_35_516,VSS,Metal1,254.3880,150.8230,0.000103
FILLER_35_509,VSS,Metal1,251.7660,150.7390,0.000103
FILLER_35_502,VSS,Metal1,248.4060,150.7390,0.000103
FILLER_35_495,VSS,Metal1,245.0460,150.7390,0.000103
FILLER_35_488,VSS,Metal1,241.6860,150.7390,0.000103
FILLER_35_481,VSS,Metal1,237.5880,150.8230,0.000110
FILLER_35_465,VSS,Metal1,230.6460,150.7390,0.000160
FILLER_35_458,VSS,Metal1,227.2860,150.7390,0.000203
FILLER_35_451,VSS,Metal1,223.9260,150.7390,0.000246
FILLER_35_444,VSS,Metal1,220.5660,150.7390,0.000288
FILLER_35_437,VSS,Metal1,215.7600,151.2000,0.000299
FILLER_35_435,VSS,Metal1,215.0400,151.2000,0.000299
FILLER_35_426,VSS,Metal1,211.1880,150.8230,0.000325
FILLER_35_419,VSS,Metal1,208.5660,150.7390,0.000325
FILLER_35_412,VSS,Metal1,205.2060,150.7390,0.000323
FILLER_35_405,VSS,Metal1,201.8460,150.7390,0.000323
FILLER_35_389,VSS,Metal1,193.4280,150.8230,0.000314
FILLER_35_378,VSS,Metal1,188.1480,150.8230,0.000236
FILLER_35_371,VSS,Metal1,185.5260,150.7390,0.000236
FILLER_35_361,VSS,Metal1,179.5200,151.2000,0.000075
FILLER_35_354,VSS,Metal1,177.3660,150.7390,0.000039
FILLER_35_347,VSS,Metal1,174.0060,150.7390,0.000060
FILLER_35_340,VSS,Metal1,170.6460,150.7390,0.000105
FILLER_35_334,VSS,Metal1,166.5600,151.2000,0.000139
FILLER_35_312,VSS,Metal1,155.7600,151.2000,0.000292
FILLER_35_305,VSS,Metal1,153.8460,150.7390,0.000292
FILLER_35_298,VSS,Metal1,150.4860,150.7390,0.000292
FILLER_35_291,VSS,Metal1,147.1260,150.7390,0.000292
FILLER_35_284,VSS,Metal1,143.7660,150.7390,0.000292
FILLER_35_277,VSS,Metal1,140.4060,150.7390,0.000275
FILLER_35_267,VSS,Metal1,134.1600,151.2000,0.000270
FILLER_35_263,VSS,Metal1,132.9480,150.8230,0.000270
FILLER_35_252,VSS,Metal1,126.9600,151.2000,0.000201
FILLER_35_245,VSS,Metal1,125.0460,150.7390,0.000176
FILLER_35_238,VSS,Metal1,121.6860,150.7390,0.000130
FILLER_35_231,VSS,Metal1,118.3260,150.7390,0.000130
FILLER_35_190,VSS,Metal1,97.9080,150.8230,0.000152
FILLER_35_179,VSS,Metal1,91.9200,151.2000,0.000191
FILLER_35_148,VSS,Metal1,77.0400,151.2000,0.000261
FILLER_35_146,VSS,Metal1,76.3200,151.2000,0.000261
FILLER_35_135,VSS,Metal1,70.8000,151.2000,0.000264
FILLER_35_131,VSS,Metal1,69.5880,150.8230,0.000264
FILLER_35_124,VSS,Metal1,66.9660,150.7390,0.000264
FILLER_35_117,VSS,Metal1,62.8680,150.8230,0.000265
FILLER_35_110,VSS,Metal1,60.2460,150.7390,0.000265
FILLER_35_103,VSS,Metal1,56.8860,150.7390,0.000268
FILLER_35_96,VSS,Metal1,53.5260,150.7390,0.000272
FILLER_35_72,VSS,Metal1,42.0060,150.7390,0.000249
FILLER_35_65,VSS,Metal1,38.6460,150.7390,0.000235
FILLER_35_58,VSS,Metal1,35.2860,150.7390,0.000224
FILLER_35_51,VSS,Metal1,31.9260,150.7390,0.000198
FILLER_35_44,VSS,Metal1,28.5660,150.7390,0.000117
FILLER_35_37,VSS,Metal1,25.2060,150.7390,0.000038
FILLER_35_24,VSS,Metal1,18.2280,150.8230,0.000060
FILLER_35_7,VSS,Metal1,10.8060,150.7390,0.000061
FILLER_35_0,VSS,Metal1,7.4460,150.7390,0.000061
FILLER_34_614,VSS,Metal1,300.7200,143.6400,0.000702
FILLER_34_610,VSS,Metal1,299.5080,144.0160,0.000702
FILLER_34_603,VSS,Metal1,296.8860,144.1000,0.000702
FILLER_34_596,VSS,Metal1,293.5260,144.1000,0.000702
FILLER_34_589,VSS,Metal1,290.1660,144.1000,0.000702
FILLER_34_582,VSS,Metal1,286.8060,144.1000,0.000702
FILLER_34_575,VSS,Metal1,283.4460,144.1000,0.000615
FILLER_34_568,VSS,Metal1,280.0860,144.1000,0.000595
FILLER_34_561,VSS,Metal1,276.7260,144.1000,0.000595
FILLER_34_536,VSS,Metal1,263.5200,143.6400,0.000459
FILLER_34_526,VSS,Metal1,258.7200,143.6400,0.000329
FILLER_34_522,VSS,Metal1,257.2680,144.0160,0.000329
FILLER_34_515,VSS,Metal1,254.6460,144.1000,0.000186
FILLER_34_508,VSS,Metal1,251.2860,144.1000,0.000039
FILLER_34_501,VSS,Metal1,247.9260,144.1000,0.000271
FILLER_34_494,VSS,Metal1,244.5660,144.1000,0.000279
FILLER_34_487,VSS,Metal1,241.2060,144.1000,0.000287
FILLER_34_478,VSS,Metal1,235.4400,143.6400,0.000289
FILLER_34_469,VSS,Metal1,231.1200,143.6400,0.000294
FILLER_34_465,VSS,Metal1,229.9080,144.0160,0.000307
FILLER_34_458,VSS,Metal1,227.2860,144.1000,0.000309
FILLER_34_451,VSS,Metal1,223.9260,144.1000,0.000320
FILLER_34_444,VSS,Metal1,220.5660,144.1000,0.000320
FILLER_34_432,VSS,Metal1,213.6000,143.6400,0.000322
FILLER_34_425,VSS,Metal1,210.2400,143.6400,0.000320
FILLER_34_418,VSS,Metal1,208.0860,144.1000,0.000320
FILLER_34_412,VSS,Metal1,203.7600,143.6400,0.000281
FILLER_34_405,VSS,Metal1,201.8460,144.1000,0.000281
FILLER_34_393,VSS,Metal1,194.6400,143.6400,0.000275
FILLER_34_389,VSS,Metal1,193.4280,144.0160,0.000275
FILLER_34_382,VSS,Metal1,190.8060,144.1000,0.000222
FILLER_34_375,VSS,Metal1,187.4460,144.1000,0.000210
FILLER_34_368,VSS,Metal1,184.0860,144.1000,0.000076
FILLER_34_361,VSS,Metal1,180.7260,144.1000,0.000076
FILLER_34_354,VSS,Metal1,177.3660,144.1000,0.000054
FILLER_34_347,VSS,Metal1,174.0060,144.1000,0.000108
FILLER_34_340,VSS,Metal1,170.6460,144.1000,0.000109
FILLER_34_333,VSS,Metal1,167.2860,144.1000,0.000111
FILLER_34_326,VSS,Metal1,163.9260,144.1000,0.000125
FILLER_34_319,VSS,Metal1,160.5660,144.1000,0.000127
FILLER_34_312,VSS,Metal1,157.2060,144.1000,0.000127
FILLER_34_305,VSS,Metal1,153.8460,144.1000,0.000337
FILLER_34_298,VSS,Metal1,150.4860,144.1000,0.000337
FILLER_34_291,VSS,Metal1,147.1260,144.1000,0.000337
FILLER_34_284,VSS,Metal1,143.7660,144.1000,0.000338
FILLER_34_277,VSS,Metal1,140.4060,144.1000,0.000338
FILLER_34_268,VSS,Metal1,134.6400,143.6400,0.000309
FILLER_34_264,VSS,Metal1,133.4280,144.0160,0.000307
FILLER_34_257,VSS,Metal1,130.8060,144.1000,0.000307
FILLER_34_250,VSS,Metal1,127.4460,144.1000,0.000227
FILLER_34_243,VSS,Metal1,124.0860,144.1000,0.000227
FILLER_34_236,VSS,Metal1,120.7260,144.1000,0.000227
FILLER_34_231,VSS,Metal1,117.1200,143.6400,0.000167
FILLER_34_227,VSS,Metal1,115.6680,144.0160,0.000162
FILLER_34_220,VSS,Metal1,113.0460,144.1000,0.000126
FILLER_34_213,VSS,Metal1,109.6860,144.1000,0.000126
FILLER_34_182,VSS,Metal1,93.3600,143.6400,0.000175
FILLER_34_173,VSS,Metal1,89.0400,143.6400,0.000599
FILLER_34_167,VSS,Metal1,86.1600,143.6400,0.000639
FILLER_34_160,VSS,Metal1,84.2460,144.1000,0.000639
FILLER_34_154,VSS,Metal1,79.9200,143.6400,0.000639
FILLER_34_149,VSS,Metal1,77.7600,143.6400,0.000730
FILLER_34_142,VSS,Metal1,75.6060,144.1000,0.000730
FILLER_34_132,VSS,Metal1,69.3600,143.6400,0.000740
FILLER_34_128,VSS,Metal1,68.1480,144.0160,0.000740
FILLER_34_117,VSS,Metal1,62.1600,143.6400,0.000773
FILLER_34_115,VSS,Metal1,61.4400,143.6400,0.000773
FILLER_34_108,VSS,Metal1,59.2860,144.1000,0.000781
FILLER_34_101,VSS,Metal1,55.9260,144.1000,0.000781
FILLER_34_94,VSS,Metal1,52.5660,144.1000,0.000836
FILLER_34_87,VSS,Metal1,49.2060,144.1000,0.000836
FILLER_34_80,VSS,Metal1,45.8460,144.1000,0.000836
FILLER_34_73,VSS,Metal1,42.4860,144.1000,0.000835
FILLER_34_42,VSS,Metal1,26.1600,143.6400,0.000029
FILLER_34_35,VSS,Metal1,24.2460,144.1000,0.000029
FILLER_34_28,VSS,Metal1,20.8860,144.1000,0.000031
FILLER_34_21,VSS,Metal1,17.5260,144.1000,0.000035
FILLER_34_14,VSS,Metal1,14.1660,144.1000,0.000035
FILLER_34_7,VSS,Metal1,10.8060,144.1000,0.000036
FILLER_34_0,VSS,Metal1,7.4460,144.1000,0.000036
FILLER_33_642,VSS,Metal1,314.1600,143.6400,0.000763
FILLER_33_638,VSS,Metal1,312.9480,143.2630,0.000763
FILLER_33_626,VSS,Metal1,306.4800,143.6400,0.000736
FILLER_33_622,VSS,Metal1,305.2680,143.2630,0.000733
FILLER_33_615,VSS,Metal1,302.6460,143.1790,0.000732
FILLER_33_608,VSS,Metal1,299.2860,143.1790,0.000702
FILLER_33_601,VSS,Metal1,295.9260,143.1790,0.000702
FILLER_33_594,VSS,Metal1,292.5660,143.1790,0.000702
FILLER_33_587,VSS,Metal1,289.2060,143.1790,0.000702
FILLER_33_572,VSS,Metal1,280.5600,143.6400,0.000595
FILLER_33_570,VSS,Metal1,279.8400,143.6400,0.000595
FILLER_33_563,VSS,Metal1,277.6860,143.1790,0.000595
FILLER_33_556,VSS,Metal1,274.3260,143.1790,0.000595
FILLER_33_528,VSS,Metal1,260.8860,143.1790,0.000376
FILLER_33_521,VSS,Metal1,257.5260,143.1790,0.000329
FILLER_33_514,VSS,Metal1,254.1660,143.1790,0.000183
FILLER_33_500,VSS,Metal1,246.2400,143.6400,0.000274
FILLER_33_482,VSS,Metal1,238.8060,143.1790,0.000287
FILLER_33_475,VSS,Metal1,234.2400,143.6400,0.000290
FILLER_33_468,VSS,Metal1,232.0860,143.1790,0.000294
FILLER_33_458,VSS,Metal1,226.5480,143.2630,0.000309
FILLER_33_453,VSS,Metal1,223.4400,143.6400,0.000320
FILLER_33_451,VSS,Metal1,222.7200,143.6400,0.000320
FILLER_33_444,VSS,Metal1,220.5660,143.1790,0.000320
FILLER_33_437,VSS,Metal1,217.2060,143.1790,0.000324
FILLER_33_430,VSS,Metal1,213.8460,143.1790,0.000322
FILLER_33_417,VSS,Metal1,206.1600,143.6400,0.000303
FILLER_33_410,VSS,Metal1,204.2460,143.1790,0.000281
FILLER_33_403,VSS,Metal1,200.8860,143.1790,0.000281
FILLER_33_396,VSS,Metal1,197.5260,143.1790,0.000278
FILLER_33_389,VSS,Metal1,194.1660,143.1790,0.000275
FILLER_33_382,VSS,Metal1,190.8060,143.1790,0.000222
FILLER_33_376,VSS,Metal1,186.7200,143.6400,0.000210
FILLER_33_370,VSS,Metal1,183.8400,143.6400,0.000076
FILLER_33_366,VSS,Metal1,182.3880,143.2630,0.000076
FILLER_33_355,VSS,Metal1,176.6400,143.6400,0.000034
FILLER_33_351,VSS,Metal1,175.1880,143.2630,0.000108
FILLER_33_344,VSS,Metal1,172.5660,143.1790,0.000109
FILLER_33_337,VSS,Metal1,169.2060,143.1790,0.000111
FILLER_33_303,VSS,Metal1,152.1480,143.2630,0.000337
FILLER_33_296,VSS,Metal1,149.5260,143.1790,0.000337
FILLER_33_267,VSS,Metal1,134.4000,143.6400,0.000309
FILLER_33_225,VSS,Metal1,114.2400,143.6400,0.000126
FILLER_33_218,VSS,Metal1,112.0860,143.1790,0.000126
FILLER_33_211,VSS,Metal1,108.7260,143.1790,0.000126
FILLER_33_204,VSS,Metal1,105.3660,143.1790,0.000071
FILLER_33_197,VSS,Metal1,102.0060,143.1790,0.000071
FILLER_33_190,VSS,Metal1,98.6460,143.1790,0.000071
FILLER_33_183,VSS,Metal1,95.2860,143.1790,0.000071
FILLER_33_172,VSS,Metal1,90.0060,143.1790,0.000599
FILLER_33_165,VSS,Metal1,86.6460,143.1790,0.000639
FILLER_33_158,VSS,Metal1,83.2860,143.1790,0.000639
FILLER_33_151,VSS,Metal1,79.9260,143.1790,0.000639
FILLER_33_144,VSS,Metal1,76.5660,143.1790,0.000730
FILLER_33_113,VSS,Metal1,60.2400,143.6400,0.000781
FILLER_33_106,VSS,Metal1,58.3260,143.1790,0.000781
FILLER_33_102,VSS,Metal1,54.9600,143.6400,0.000781
FILLER_33_70,VSS,Metal1,39.8400,143.6400,0.000829
FILLER_33_59,VSS,Metal1,34.5600,143.6400,0.000829
FILLER_33_55,VSS,Metal1,33.1080,143.2630,0.000829
FILLER_33_44,VSS,Metal1,27.1200,143.6400,0.000776
FILLER_33_40,VSS,Metal1,25.9080,143.2630,0.000029
FILLER_33_30,VSS,Metal1,20.4000,143.6400,0.000031
FILLER_33_28,VSS,Metal1,19.6800,143.6400,0.000031
FILLER_33_11,VSS,Metal1,11.2800,143.6400,0.000036
FILLER_33_4,VSS,Metal1,9.3660,143.1790,0.000036
FILLER_32_637,VSS,Metal1,312.0000,136.0800,0.001251
FILLER_32_633,VSS,Metal1,310.5480,136.4560,0.001250
FILLER_32_626,VSS,Metal1,307.9260,136.5400,0.001245
FILLER_32_619,VSS,Metal1,304.5660,136.5400,0.001233
FILLER_32_614,VSS,Metal1,300.7200,136.0800,0.001213
FILLER_32_612,VSS,Metal1,300.0000,136.0800,0.001213
FILLER_32_605,VSS,Metal1,297.8460,136.5400,0.001204
FILLER_32_598,VSS,Metal1,293.7480,136.4560,0.001188
FILLER_32_591,VSS,Metal1,291.1260,136.5400,0.001112
FILLER_32_568,VSS,Metal1,279.3480,136.4560,0.000766
FILLER_32_561,VSS,Metal1,276.7260,136.5400,0.000736
FILLER_32_554,VSS,Metal1,273.3660,136.5400,0.000285
FILLER_32_548,VSS,Metal1,269.0400,136.0800,0.000234
FILLER_32_544,VSS,Metal1,267.8280,136.4560,0.000227
FILLER_32_538,VSS,Metal1,264.2400,136.0800,0.000155
FILLER_32_534,VSS,Metal1,263.0280,136.4560,0.000103
FILLER_32_527,VSS,Metal1,260.4060,136.5400,0.000102
FILLER_32_520,VSS,Metal1,257.0460,136.5400,0.000101
FILLER_32_514,VSS,Metal1,252.9600,136.0800,0.000049
FILLER_32_510,VSS,Metal1,251.5080,136.4560,0.000041
FILLER_32_503,VSS,Metal1,248.8860,136.5400,0.000043
FILLER_32_495,VSS,Metal1,244.3080,136.4560,0.000118
FILLER_32_480,VSS,Metal1,236.6400,136.0800,0.000368
FILLER_32_473,VSS,Metal1,234.4860,136.5400,0.000377
FILLER_32_446,VSS,Metal1,220.3200,136.0800,0.000569
FILLER_32_442,VSS,Metal1,218.8680,136.4560,0.000566
FILLER_32_435,VSS,Metal1,216.2460,136.5400,0.000566
FILLER_32_428,VSS,Metal1,212.8860,136.5400,0.000566
FILLER_32_416,VSS,Metal1,205.9200,136.0800,0.000555
FILLER_32_409,VSS,Metal1,202.5600,136.0800,0.000521
FILLER_32_402,VSS,Metal1,200.4060,136.5400,0.000521
FILLER_32_368,VSS,Metal1,182.6400,136.0800,0.000230
FILLER_32_349,VSS,Metal1,173.5200,136.0800,0.000353
FILLER_32_345,VSS,Metal1,172.3080,136.4560,0.000389
FILLER_32_338,VSS,Metal1,169.6860,136.5400,0.000392
FILLER_32_331,VSS,Metal1,166.3260,136.5400,0.000406
FILLER_32_316,VSS,Metal1,157.6800,136.0800,0.000463
FILLER_32_314,VSS,Metal1,156.9600,136.0800,0.000472
FILLER_32_294,VSS,Metal1,147.3600,136.0800,0.000593
FILLER_32_255,VSS,Metal1,129.8460,136.5400,0.000526
FILLER_32_242,VSS,Metal1,122.1600,136.0800,0.000214
FILLER_32_238,VSS,Metal1,120.9480,136.4560,0.000212
FILLER_32_227,VSS,Metal1,115.2000,136.0800,0.000168
FILLER_32_223,VSS,Metal1,113.7480,136.4560,0.000168
FILLER_32_216,VSS,Metal1,111.1260,136.5400,0.000168
FILLER_32_209,VSS,Metal1,107.7660,136.5400,0.000168
FILLER_32_202,VSS,Metal1,104.4060,136.5400,0.000168
FILLER_32_195,VSS,Metal1,101.0460,136.5400,0.000115
FILLER_32_188,VSS,Metal1,97.6860,136.5400,0.000628
FILLER_32_161,VSS,Metal1,83.5200,136.0800,0.000649
FILLER_32_154,VSS,Metal1,81.3660,136.5400,0.000688
FILLER_32_98,VSS,Metal1,53.7480,136.4560,0.000655
FILLER_32_83,VSS,Metal1,45.8400,136.0800,0.000369
FILLER_32_81,VSS,Metal1,45.1200,136.0800,0.000364
FILLER_32_70,VSS,Metal1,39.6000,136.0800,0.000265
FILLER_32_66,VSS,Metal1,38.3880,136.4560,0.000253
FILLER_32_59,VSS,Metal1,35.7660,136.5400,0.000214
FILLER_32_40,VSS,Metal1,26.6460,136.5400,0.000065
FILLER_32_2,VSS,Metal1,6.9600,136.0800,0.000077
FILLER_32_0,VSS,Metal1,6.2400,136.0800,0.000077
FILLER_31_626,VSS,Metal1,307.9260,135.6190,0.001245
FILLER_31_605,VSS,Metal1,296.4000,136.0800,0.001204
FILLER_31_598,VSS,Metal1,294.4860,135.6190,0.001188
FILLER_31_591,VSS,Metal1,291.1260,135.6190,0.001112
FILLER_31_571,VSS,Metal1,280.3200,136.0800,0.000768
FILLER_31_551,VSS,Metal1,271.1880,135.7030,0.000240
FILLER_31_544,VSS,Metal1,267.3600,136.0800,0.000227
FILLER_31_537,VSS,Metal1,265.2060,135.6190,0.000155
FILLER_31_530,VSS,Metal1,261.8460,135.6190,0.000103
FILLER_31_523,VSS,Metal1,258.4860,135.6190,0.000102
FILLER_31_504,VSS,Metal1,248.6280,135.7030,0.000043
FILLER_31_497,VSS,Metal1,246.0060,135.6190,0.000118
FILLER_31_490,VSS,Metal1,242.6460,135.6190,0.000118
FILLER_31_484,VSS,Metal1,238.3200,136.0800,0.000143
FILLER_31_480,VSS,Metal1,237.1080,135.7030,0.000368
FILLER_31_473,VSS,Metal1,234.4860,135.6190,0.000377
FILLER_31_454,VSS,Metal1,224.6280,135.7030,0.000574
FILLER_31_447,VSS,Metal1,222.0060,135.6190,0.000571
FILLER_31_440,VSS,Metal1,218.6460,135.6190,0.000566
FILLER_31_433,VSS,Metal1,215.2860,135.6190,0.000566
FILLER_31_424,VSS,Metal1,210.2280,135.7030,0.000562
FILLER_31_418,VSS,Metal1,206.8800,136.0800,0.000560
FILLER_31_411,VSS,Metal1,204.7260,135.6190,0.000555
FILLER_31_404,VSS,Metal1,201.3660,135.6190,0.000521
FILLER_31_399,VSS,Metal1,197.5200,136.0800,0.000521
FILLER_31_397,VSS,Metal1,196.8000,136.0800,0.000521
FILLER_31_383,VSS,Metal1,190.0800,136.0800,0.000418
FILLER_31_377,VSS,Metal1,186.9600,136.0800,0.000361
FILLER_31_370,VSS,Metal1,185.0460,135.6190,0.000345
FILLER_31_363,VSS,Metal1,181.6860,135.6190,0.000230
FILLER_31_356,VSS,Metal1,178.3260,135.6190,0.000085
FILLER_31_340,VSS,Metal1,169.2000,136.0800,0.000392
FILLER_31_338,VSS,Metal1,168.4800,136.0800,0.000393
FILLER_31_331,VSS,Metal1,166.3260,135.6190,0.000406
FILLER_31_316,VSS,Metal1,157.9200,136.0800,0.000463
FILLER_31_309,VSS,Metal1,155.7660,135.6190,0.000472
FILLER_31_303,VSS,Metal1,151.6800,136.0800,0.000567
FILLER_31_296,VSS,Metal1,149.5260,135.6190,0.000575
FILLER_31_289,VSS,Metal1,144.7200,136.0800,0.000593
FILLER_31_285,VSS,Metal1,143.5080,135.7030,0.000593
FILLER_31_263,VSS,Metal1,132.9480,135.7030,0.000528
FILLER_31_247,VSS,Metal1,124.8000,136.0800,0.000225
FILLER_31_243,VSS,Metal1,123.3480,135.7030,0.000224
FILLER_31_196,VSS,Metal1,100.7880,135.7030,0.000115
FILLER_31_158,VSS,Metal1,81.8400,136.0800,0.000688
FILLER_31_156,VSS,Metal1,81.1200,136.0800,0.000688
FILLER_31_149,VSS,Metal1,78.9660,135.6190,0.000688
FILLER_31_142,VSS,Metal1,74.4000,136.0800,0.000693
FILLER_31_135,VSS,Metal1,70.8000,136.0800,0.000693
FILLER_31_131,VSS,Metal1,69.5880,135.7030,0.000693
FILLER_31_121,VSS,Metal1,64.0800,136.0800,0.000687
FILLER_31_110,VSS,Metal1,58.8000,136.0800,0.000687
FILLER_31_103,VSS,Metal1,56.8860,135.6190,0.000687
FILLER_31_96,VSS,Metal1,53.5260,135.6190,0.000655
FILLER_31_89,VSS,Metal1,50.1660,135.6190,0.000647
FILLER_31_83,VSS,Metal1,46.0800,136.0800,0.000369
FILLER_31_79,VSS,Metal1,44.6280,135.7030,0.000364
FILLER_31_72,VSS,Metal1,42.0060,135.6190,0.000359
FILLER_31_67,VSS,Metal1,38.1600,136.0800,0.000253
FILLER_31_65,VSS,Metal1,37.4400,136.0800,0.000238
FILLER_31_44,VSS,Metal1,27.1200,136.0800,0.000065
FILLER_31_42,VSS,Metal1,26.4000,136.0800,0.000065
FILLER_31_35,VSS,Metal1,24.2460,135.6190,0.000065
FILLER_31_4,VSS,Metal1,8.6280,135.7030,0.000074
FILLER_30_614,VSS,Metal1,300.9600,128.5200,0.001155
FILLER_30_605,VSS,Metal1,297.1080,128.8960,0.001081
FILLER_30_598,VSS,Metal1,294.4860,128.9800,0.000976
FILLER_30_591,VSS,Metal1,291.1260,128.9800,0.000869
FILLER_30_585,VSS,Metal1,287.0400,128.5200,0.000782
FILLER_30_565,VSS,Metal1,278.6460,128.9800,0.000370
FILLER_30_556,VSS,Metal1,272.8800,128.5200,0.000357
FILLER_30_554,VSS,Metal1,272.1600,128.5200,0.000322
FILLER_30_538,VSS,Metal1,264.4800,128.5200,0.000199
FILLER_30_531,VSS,Metal1,262.3260,128.9800,0.000178
FILLER_30_524,VSS,Metal1,258.9660,128.9800,0.000094
FILLER_30_510,VSS,Metal1,251.5080,128.8960,0.000036
FILLER_30_503,VSS,Metal1,248.8860,128.9800,0.000036
FILLER_30_496,VSS,Metal1,245.5260,128.9800,0.000153
FILLER_30_491,VSS,Metal1,241.6800,128.5200,0.000165
FILLER_30_489,VSS,Metal1,240.9600,128.5200,0.000165
FILLER_30_482,VSS,Metal1,237.6000,128.5200,0.000194
FILLER_30_478,VSS,Metal1,236.1480,128.8960,0.000198
FILLER_30_471,VSS,Metal1,233.5260,128.9800,0.000199
FILLER_30_464,VSS,Metal1,230.1660,128.9800,0.000199
FILLER_30_457,VSS,Metal1,226.8060,128.9800,0.000200
FILLER_30_450,VSS,Metal1,223.4460,128.9800,0.000201
FILLER_30_443,VSS,Metal1,220.0860,128.9800,0.000201
FILLER_30_436,VSS,Metal1,216.7260,128.9800,0.000202
FILLER_30_426,VSS,Metal1,210.4800,128.5200,0.000125
FILLER_30_419,VSS,Metal1,208.5660,128.9800,0.000120
FILLER_30_412,VSS,Metal1,205.2060,128.9800,0.000120
FILLER_30_405,VSS,Metal1,201.8460,128.9800,0.000120
FILLER_30_398,VSS,Metal1,198.4860,128.9800,0.000120
FILLER_30_391,VSS,Metal1,195.1260,128.9800,0.000120
FILLER_30_377,VSS,Metal1,188.4060,128.9800,0.000097
FILLER_30_370,VSS,Metal1,185.0460,128.9800,0.000094
FILLER_30_363,VSS,Metal1,181.6860,128.9800,0.000064
FILLER_30_356,VSS,Metal1,178.3260,128.9800,0.000064
FILLER_30_349,VSS,Metal1,174.9660,128.9800,0.000064
FILLER_30_344,VSS,Metal1,171.1200,128.5200,0.000064
FILLER_30_340,VSS,Metal1,169.9080,128.8960,0.000064
FILLER_30_333,VSS,Metal1,167.2860,128.9800,0.000207
FILLER_30_326,VSS,Metal1,163.9260,128.9800,0.000270
FILLER_30_319,VSS,Metal1,160.5660,128.9800,0.000449
FILLER_30_312,VSS,Metal1,157.2060,128.9800,0.000449
FILLER_30_305,VSS,Metal1,153.8460,128.9800,0.000449
FILLER_30_298,VSS,Metal1,150.4860,128.9800,0.000449
FILLER_30_255,VSS,Metal1,128.6400,128.5200,0.000402
FILLER_30_248,VSS,Metal1,126.4860,128.9800,0.000402
FILLER_30_233,VSS,Metal1,118.0800,128.5200,0.000279
FILLER_30_229,VSS,Metal1,116.6280,128.8960,0.000279
FILLER_30_215,VSS,Metal1,109.9080,128.8960,0.000279
FILLER_30_208,VSS,Metal1,107.2860,128.9800,0.000164
FILLER_30_201,VSS,Metal1,103.9260,128.9800,0.000159
FILLER_30_182,VSS,Metal1,93.3600,128.5200,0.000103
FILLER_30_180,VSS,Metal1,92.6400,128.5200,0.000103
FILLER_30_166,VSS,Metal1,86.3880,128.8960,0.000141
FILLER_30_161,VSS,Metal1,83.2800,128.5200,0.000154
FILLER_30_157,VSS,Metal1,82.0680,128.8960,0.000154
FILLER_30_149,VSS,Metal1,77.7600,128.5200,0.000300
FILLER_30_96,VSS,Metal1,52.0800,128.5200,0.000373
FILLER_30_92,VSS,Metal1,50.8680,128.8960,0.000129
FILLER_30_85,VSS,Metal1,48.2460,128.9800,0.000127
FILLER_30_78,VSS,Metal1,44.8860,128.9800,0.000125
FILLER_30_71,VSS,Metal1,41.5260,128.9800,0.000123
FILLER_30_64,VSS,Metal1,38.1660,128.9800,0.000121
FILLER_30_57,VSS,Metal1,34.8060,128.9800,0.000120
FILLER_30_44,VSS,Metal1,27.8280,128.8960,0.000042
FILLER_30_37,VSS,Metal1,25.2060,128.9800,0.000043
FILLER_30_30,VSS,Metal1,21.8460,128.9800,0.000043
FILLER_30_20,VSS,Metal1,15.6000,128.5200,0.000043
FILLER_30_11,VSS,Metal1,11.2800,128.5200,0.000045
FILLER_30_7,VSS,Metal1,10.0680,128.8960,0.000045
FILLER_30_0,VSS,Metal1,7.4460,128.9800,0.000045
FILLER_29_650,VSS,Metal1,318.2400,128.5200,0.001225
FILLER_29_635,VSS,Metal1,310.8000,128.5200,0.001226
FILLER_29_629,VSS,Metal1,307.9200,128.5200,0.001225
FILLER_29_624,VSS,Metal1,305.7600,128.5200,0.001175
FILLER_29_613,VSS,Metal1,300.2400,128.5200,0.001084
FILLER_29_611,VSS,Metal1,299.5200,128.5200,0.001084
FILLER_29_604,VSS,Metal1,297.3660,128.0590,0.001081
FILLER_29_597,VSS,Metal1,294.0060,128.0590,0.000974
FILLER_29_590,VSS,Metal1,290.6460,128.0590,0.000867
FILLER_29_578,VSS,Metal1,284.1480,128.1430,0.000774
FILLER_29_571,VSS,Metal1,281.5260,128.0590,0.000479
FILLER_29_563,VSS,Metal1,276.9480,128.1430,0.000370
FILLER_29_556,VSS,Metal1,274.3260,128.0590,0.000357
FILLER_29_549,VSS,Metal1,270.9660,128.0590,0.000322
FILLER_29_542,VSS,Metal1,267.6060,128.0590,0.000286
FILLER_29_532,VSS,Metal1,261.3600,128.5200,0.000178
FILLER_29_528,VSS,Metal1,260.1480,128.1430,0.000094
FILLER_29_521,VSS,Metal1,257.5260,128.0590,0.000092
FILLER_29_512,VSS,Metal1,251.7600,128.5200,0.000036
FILLER_29_505,VSS,Metal1,249.8460,128.0590,0.000036
FILLER_29_495,VSS,Metal1,243.6000,128.5200,0.000165
FILLER_29_479,VSS,Metal1,236.1600,128.5200,0.000198
FILLER_29_472,VSS,Metal1,234.0060,128.0590,0.000199
FILLER_29_465,VSS,Metal1,230.6460,128.0590,0.000199
FILLER_29_458,VSS,Metal1,227.2860,128.0590,0.000200
FILLER_29_451,VSS,Metal1,223.9260,128.0590,0.000201
FILLER_29_444,VSS,Metal1,220.5660,128.0590,0.000201
FILLER_29_437,VSS,Metal1,217.2060,128.0590,0.000202
FILLER_29_421,VSS,Metal1,208.7880,128.1430,0.000120
FILLER_29_414,VSS,Metal1,206.1660,128.0590,0.000120
FILLER_29_407,VSS,Metal1,202.8060,128.0590,0.000120
FILLER_29_400,VSS,Metal1,199.4460,128.0590,0.000120
FILLER_29_393,VSS,Metal1,196.0860,128.0590,0.000120
FILLER_29_386,VSS,Metal1,192.7260,128.0590,0.000120
FILLER_29_370,VSS,Metal1,183.6000,128.5200,0.000094
FILLER_29_368,VSS,Metal1,182.8800,128.5200,0.000064
FILLER_29_361,VSS,Metal1,180.7260,128.0590,0.000064
FILLER_29_354,VSS,Metal1,177.3660,128.0590,0.000064
FILLER_29_347,VSS,Metal1,174.0060,128.0590,0.000064
FILLER_29_340,VSS,Metal1,170.6460,128.0590,0.000064
FILLER_29_334,VSS,Metal1,166.5600,128.5200,0.000207
FILLER_29_330,VSS,Metal1,165.1080,128.1430,0.000270
FILLER_29_321,VSS,Metal1,160.7880,128.1430,0.000449
FILLER_29_314,VSS,Metal1,158.1660,128.0590,0.000449
FILLER_29_307,VSS,Metal1,154.8060,128.0590,0.000449
FILLER_29_300,VSS,Metal1,151.4460,128.0590,0.000449
FILLER_29_274,VSS,Metal1,138.2280,128.1430,0.000461
FILLER_29_212,VSS,Metal1,107.7600,128.5200,0.000164
FILLER_29_205,VSS,Metal1,105.8460,128.0590,0.000160
FILLER_29_167,VSS,Metal1,86.1600,128.5200,0.000141
FILLER_29_165,VSS,Metal1,85.4400,128.5200,0.000149
FILLER_29_158,VSS,Metal1,83.2860,128.0590,0.000154
FILLER_29_131,VSS,Metal1,69.1200,128.5200,0.000478
FILLER_29_127,VSS,Metal1,67.6680,128.1430,0.000478
FILLER_29_120,VSS,Metal1,65.0460,128.0590,0.000433
FILLER_29_109,VSS,Metal1,58.3200,128.5200,0.000433
FILLER_29_105,VSS,Metal1,57.1080,128.1430,0.000433
FILLER_29_100,VSS,Metal1,54.2400,128.5200,0.000377
FILLER_29_96,VSS,Metal1,52.7880,128.1430,0.000373
FILLER_29_89,VSS,Metal1,50.1660,128.0590,0.000127
FILLER_29_82,VSS,Metal1,46.8060,128.0590,0.000125
FILLER_29_75,VSS,Metal1,43.4460,128.0590,0.000123
FILLER_29_68,VSS,Metal1,40.0860,128.0590,0.000121
FILLER_29_61,VSS,Metal1,36.7260,128.0590,0.000120
FILLER_29_54,VSS,Metal1,33.3660,128.0590,0.000118
FILLER_29_47,VSS,Metal1,30.0060,128.0590,0.000118
FILLER_29_40,VSS,Metal1,26.6460,128.0590,0.000042
FILLER_29_9,VSS,Metal1,10.3200,128.5200,0.000045
FILLER_29_7,VSS,Metal1,9.6000,128.5200,0.000045
FILLER_29_0,VSS,Metal1,7.4460,128.0590,0.000045
FILLER_28_642,VSS,Metal1,314.4000,120.9600,0.001517
FILLER_28_619,VSS,Metal1,303.3600,120.9600,0.001483
FILLER_28_612,VSS,Metal1,301.2060,121.4200,0.001353
FILLER_28_605,VSS,Metal1,297.8460,121.4200,0.001352
FILLER_28_598,VSS,Metal1,294.4860,121.4200,0.001351
FILLER_28_580,VSS,Metal1,285.1080,121.3360,0.001055
FILLER_28_562,VSS,Metal1,276.0000,120.9600,0.000676
FILLER_28_558,VSS,Metal1,274.5480,121.3360,0.000676
FILLER_28_551,VSS,Metal1,271.9260,121.4200,0.000580
FILLER_28_544,VSS,Metal1,268.5660,121.4200,0.000559
FILLER_28_536,VSS,Metal1,263.9880,121.3360,0.000199
FILLER_28_529,VSS,Metal1,261.3660,121.4200,0.000152
FILLER_28_521,VSS,Metal1,256.0800,120.9600,0.000110
FILLER_28_515,VSS,Metal1,253.2000,120.9600,0.000043
FILLER_28_505,VSS,Metal1,248.6400,120.9600,0.000107
FILLER_28_501,VSS,Metal1,247.1880,121.3360,0.000111
FILLER_28_493,VSS,Metal1,242.8800,120.9600,0.000203
FILLER_28_486,VSS,Metal1,240.7260,121.4200,0.000219
FILLER_28_479,VSS,Metal1,237.3660,121.4200,0.000303
FILLER_28_472,VSS,Metal1,234.0060,121.4200,0.000310
FILLER_28_465,VSS,Metal1,230.6460,121.4200,0.000360
FILLER_28_458,VSS,Metal1,227.2860,121.4200,0.000401
FILLER_28_443,VSS,Metal1,219.3480,121.3360,0.000427
FILLER_28_425,VSS,Metal1,210.0000,120.9600,0.000430
FILLER_28_421,VSS,Metal1,208.7880,121.3360,0.000430
FILLER_28_414,VSS,Metal1,206.1660,121.4200,0.000417
FILLER_28_407,VSS,Metal1,202.8060,121.4200,0.000336
FILLER_28_402,VSS,Metal1,198.9600,120.9600,0.000330
FILLER_28_395,VSS,Metal1,197.0460,121.4200,0.000330
FILLER_28_388,VSS,Metal1,193.6860,121.4200,0.000317
FILLER_28_377,VSS,Metal1,187.2000,120.9600,0.000141
FILLER_28_372,VSS,Metal1,184.5600,120.9600,0.000124
FILLER_28_370,VSS,Metal1,183.8400,120.9600,0.000124
FILLER_28_360,VSS,Metal1,179.0400,120.9600,0.000075
FILLER_28_354,VSS,Metal1,175.9200,120.9600,0.000065
FILLER_28_352,VSS,Metal1,175.2000,120.9600,0.000065
FILLER_28_323,VSS,Metal1,161.0400,120.9600,0.000186
FILLER_28_321,VSS,Metal1,160.3200,120.9600,0.000188
FILLER_28_312,VSS,Metal1,155.7600,120.9600,0.000213
FILLER_28_305,VSS,Metal1,152.4000,120.9600,0.000212
FILLER_28_301,VSS,Metal1,151.1880,121.3360,0.000206
FILLER_28_294,VSS,Metal1,148.5660,121.4200,0.000206
FILLER_28_287,VSS,Metal1,145.2060,121.4200,0.000204
FILLER_28_280,VSS,Metal1,141.8460,121.4200,0.000204
FILLER_28_266,VSS,Metal1,134.3880,121.3360,0.000202
FILLER_28_253,VSS,Metal1,128.1480,121.3360,0.000198
FILLER_28_233,VSS,Metal1,119.2860,121.4200,0.000165
FILLER_28_221,VSS,Metal1,112.3200,120.9600,0.000160
FILLER_28_217,VSS,Metal1,110.8680,121.3360,0.000055
FILLER_28_210,VSS,Metal1,108.2460,121.4200,0.000054
FILLER_28_203,VSS,Metal1,104.8860,121.4200,0.000053
FILLER_28_196,VSS,Metal1,101.5260,121.4200,0.000053
FILLER_28_184,VSS,Metal1,95.7660,121.4200,0.000052
FILLER_28_180,VSS,Metal1,92.4000,120.9600,0.000052
FILLER_28_178,VSS,Metal1,91.6800,120.9600,0.000076
FILLER_28_171,VSS,Metal1,89.5260,121.4200,0.000114
FILLER_28_164,VSS,Metal1,86.1660,121.4200,0.000353
FILLER_28_154,VSS,Metal1,79.9200,120.9600,0.000353
FILLER_28_150,VSS,Metal1,78.7080,121.3360,0.000353
FILLER_28_119,VSS,Metal1,63.1200,120.9600,0.000659
FILLER_28_112,VSS,Metal1,61.2060,121.4200,0.000659
FILLER_28_105,VSS,Metal1,57.8460,121.4200,0.000659
FILLER_28_71,VSS,Metal1,40.7880,121.3360,0.000662
FILLER_28_67,VSS,Metal1,38.1600,120.9600,0.000625
FILLER_28_60,VSS,Metal1,36.2460,121.4200,0.000622
FILLER_28_53,VSS,Metal1,32.8860,121.4200,0.000606
FILLER_28_46,VSS,Metal1,29.5260,121.4200,0.000163
FILLER_28_39,VSS,Metal1,26.1660,121.4200,0.000082
FILLER_28_29,VSS,Metal1,19.9200,120.9600,0.000132
FILLER_28_25,VSS,Metal1,18.7080,121.3360,0.000132
FILLER_28_11,VSS,Metal1,11.2800,120.9600,0.000153
FILLER_28_7,VSS,Metal1,10.0680,121.3360,0.000153
FILLER_28_0,VSS,Metal1,7.4460,121.4200,0.000154
FILLER_27_641,VSS,Metal1,313.9200,120.9600,0.001517
FILLER_27_619,VSS,Metal1,303.3600,120.9600,0.001483
FILLER_27_615,VSS,Metal1,301.9080,120.5830,0.001354
FILLER_27_608,VSS,Metal1,299.2860,120.4990,0.001353
FILLER_27_601,VSS,Metal1,295.9260,120.4990,0.001352
FILLER_27_594,VSS,Metal1,292.5660,120.4990,0.001351
FILLER_27_587,VSS,Metal1,289.2060,120.4990,0.001311
FILLER_27_579,VSS,Metal1,284.6280,120.5830,0.001055
FILLER_27_572,VSS,Metal1,282.0060,120.4990,0.000998
FILLER_27_565,VSS,Metal1,277.4400,120.9600,0.000959
FILLER_27_558,VSS,Metal1,275.2860,120.4990,0.000676
FILLER_27_551,VSS,Metal1,271.9260,120.4990,0.000580
FILLER_27_546,VSS,Metal1,268.0800,120.9600,0.000559
FILLER_27_544,VSS,Metal1,267.3600,120.9600,0.000559
FILLER_27_535,VSS,Metal1,263.5080,120.5830,0.000199
FILLER_27_528,VSS,Metal1,260.8860,120.4990,0.000151
FILLER_27_521,VSS,Metal1,257.5260,120.4990,0.000110
FILLER_27_505,VSS,Metal1,248.4000,120.9600,0.000107
FILLER_27_503,VSS,Metal1,247.6800,120.9600,0.000111
FILLER_27_491,VSS,Metal1,241.6800,120.9600,0.000219
FILLER_27_487,VSS,Metal1,240.4680,120.5830,0.000219
FILLER_27_470,VSS,Metal1,231.6000,120.9600,0.000360
FILLER_27_453,VSS,Metal1,223.6800,120.9600,0.000403
FILLER_27_436,VSS,Metal1,215.2800,120.9600,0.000432
FILLER_27_429,VSS,Metal1,213.3660,120.4990,0.000430
FILLER_27_422,VSS,Metal1,210.0060,120.4990,0.000430
FILLER_27_415,VSS,Metal1,206.6460,120.4990,0.000417
FILLER_27_393,VSS,Metal1,194.8800,120.9600,0.000317
FILLER_27_386,VSS,Metal1,192.7260,120.4990,0.000317
FILLER_27_377,VSS,Metal1,187.6680,120.5830,0.000141
FILLER_27_368,VSS,Metal1,182.6400,120.9600,0.000108
FILLER_27_366,VSS,Metal1,181.9200,120.9600,0.000077
FILLER_27_359,VSS,Metal1,178.3200,120.9600,0.000053
FILLER_27_357,VSS,Metal1,177.6000,120.9600,0.000049
FILLER_27_335,VSS,Metal1,166.8000,120.9600,0.000169
FILLER_27_333,VSS,Metal1,166.0800,120.9600,0.000169
FILLER_27_327,VSS,Metal1,162.9600,120.9600,0.000178
FILLER_27_325,VSS,Metal1,162.2400,120.9600,0.000178
FILLER_27_313,VSS,Metal1,157.6860,120.4990,0.000197
FILLER_27_307,VSS,Metal1,153.3600,120.9600,0.000213
FILLER_27_305,VSS,Metal1,152.6400,120.9600,0.000212
FILLER_27_298,VSS,Metal1,150.4860,120.4990,0.000206
FILLER_27_293,VSS,Metal1,146.8800,120.9600,0.000205
FILLER_27_289,VSS,Metal1,145.4280,120.5830,0.000204
FILLER_27_275,VSS,Metal1,138.0000,120.9600,0.000203
FILLER_27_268,VSS,Metal1,136.0860,120.4990,0.000202
FILLER_27_261,VSS,Metal1,132.7260,120.4990,0.000202
FILLER_27_254,VSS,Metal1,129.3660,120.4990,0.000198
FILLER_27_247,VSS,Metal1,126.0060,120.4990,0.000178
FILLER_27_240,VSS,Metal1,122.6460,120.4990,0.000177
FILLER_27_235,VSS,Metal1,119.0400,120.9600,0.000165
FILLER_27_228,VSS,Metal1,116.8860,120.4990,0.000165
FILLER_27_221,VSS,Metal1,113.5260,120.4990,0.000160
FILLER_27_214,VSS,Metal1,110.1660,120.4990,0.000054
FILLER_27_207,VSS,Metal1,106.8060,120.4990,0.000053
FILLER_27_200,VSS,Metal1,103.4460,120.4990,0.000053
FILLER_27_193,VSS,Metal1,100.0860,120.4990,0.000052
FILLER_27_186,VSS,Metal1,96.7260,120.4990,0.000052
FILLER_27_179,VSS,Metal1,93.3660,120.4990,0.000052
FILLER_27_172,VSS,Metal1,90.0060,120.4990,0.000110
FILLER_27_133,VSS,Metal1,70.0800,120.9600,0.000353
FILLER_27_121,VSS,Metal1,64.3200,120.9600,0.000379
FILLER_27_117,VSS,Metal1,62.8680,120.5830,0.000659
FILLER_27_110,VSS,Metal1,60.2460,120.4990,0.000659
FILLER_27_103,VSS,Metal1,56.8860,120.4990,0.000659
FILLER_27_60,VSS,Metal1,36.2460,120.4990,0.000622
FILLER_27_53,VSS,Metal1,32.8860,120.4990,0.000606
FILLER_27_25,VSS,Metal1,18.7080,120.5830,0.000132
FILLER_27_4,VSS,Metal1,7.9200,120.9600,0.000154
FILLER_26_623,VSS,Metal1,305.0400,113.4000,0.001009
FILLER_26_619,VSS,Metal1,303.8280,113.7760,0.001006
FILLER_26_612,VSS,Metal1,301.2060,113.8600,0.001005
FILLER_26_605,VSS,Metal1,297.8460,113.8600,0.001003
FILLER_26_598,VSS,Metal1,294.4860,113.8600,0.000987
FILLER_26_591,VSS,Metal1,291.1260,113.8600,0.000981
FILLER_26_584,VSS,Metal1,287.7660,113.8600,0.000981
FILLER_26_573,VSS,Metal1,281.2800,113.4000,0.000414
FILLER_26_566,VSS,Metal1,279.1260,113.8600,0.000382
FILLER_26_559,VSS,Metal1,275.7660,113.8600,0.000357
FILLER_26_539,VSS,Metal1,264.9600,113.4000,0.000056
FILLER_26_535,VSS,Metal1,263.5080,113.7760,0.000035
FILLER_26_528,VSS,Metal1,260.8860,113.8600,0.000035
FILLER_26_521,VSS,Metal1,257.5260,113.8600,0.000035
FILLER_26_514,VSS,Metal1,254.1660,113.8600,0.000035
FILLER_26_507,VSS,Metal1,250.8060,113.8600,0.000035
FILLER_26_502,VSS,Metal1,246.9600,113.4000,0.000040
FILLER_26_498,VSS,Metal1,245.7480,113.7760,0.000040
FILLER_26_491,VSS,Metal1,243.1260,113.8600,0.000055
FILLER_26_479,VSS,Metal1,236.1600,113.4000,0.000057
FILLER_26_466,VSS,Metal1,229.6800,113.4000,0.000080
FILLER_26_459,VSS,Metal1,227.7660,113.8600,0.000080
FILLER_26_452,VSS,Metal1,224.4060,113.8600,0.000080
FILLER_26_445,VSS,Metal1,221.0460,113.8600,0.000080
FILLER_26_438,VSS,Metal1,217.6860,113.8600,0.000080
FILLER_26_431,VSS,Metal1,214.3260,113.8600,0.000080
FILLER_26_424,VSS,Metal1,210.9660,113.8600,0.000080
FILLER_26_417,VSS,Metal1,207.6060,113.8600,0.000080
FILLER_26_406,VSS,Metal1,200.8800,113.4000,0.000078
FILLER_26_404,VSS,Metal1,200.1600,113.4000,0.000078
FILLER_26_399,VSS,Metal1,197.5200,113.4000,0.000077
FILLER_26_397,VSS,Metal1,196.8000,113.4000,0.000077
FILLER_26_390,VSS,Metal1,194.6460,113.8600,0.000077
FILLER_26_383,VSS,Metal1,191.2860,113.8600,0.000077
FILLER_26_375,VSS,Metal1,186.7080,113.7760,0.000068
FILLER_26_371,VSS,Metal1,184.0800,113.4000,0.000044
FILLER_26_367,VSS,Metal1,182.8680,113.7760,0.000042
FILLER_26_360,VSS,Metal1,180.2460,113.8600,0.000041
FILLER_26_353,VSS,Metal1,176.8860,113.8600,0.000040
FILLER_26_347,VSS,Metal1,172.8000,113.4000,0.000054
FILLER_26_340,VSS,Metal1,170.6460,113.8600,0.000054
FILLER_26_325,VSS,Metal1,162.0000,113.4000,0.000067
FILLER_26_323,VSS,Metal1,161.2800,113.4000,0.000085
FILLER_26_311,VSS,Metal1,155.2800,113.4000,0.000224
FILLER_26_307,VSS,Metal1,154.0680,113.7760,0.000224
FILLER_26_300,VSS,Metal1,151.4460,113.8600,0.000239
FILLER_26_267,VSS,Metal1,134.8680,113.7760,0.000334
FILLER_26_260,VSS,Metal1,132.2460,113.8600,0.000345
FILLER_26_253,VSS,Metal1,128.8860,113.8600,0.000363
FILLER_26_243,VSS,Metal1,122.6400,113.4000,0.000363
FILLER_26_199,VSS,Metal1,101.5200,113.4000,0.000057
FILLER_26_197,VSS,Metal1,100.8000,113.4000,0.000057
FILLER_26_190,VSS,Metal1,98.6460,113.8600,0.000127
FILLER_26_179,VSS,Metal1,92.6280,113.7760,0.000243
FILLER_26_172,VSS,Metal1,90.0060,113.8600,0.000791
FILLER_26_165,VSS,Metal1,86.6460,113.8600,0.000793
FILLER_26_158,VSS,Metal1,83.2860,113.8600,0.000794
FILLER_26_151,VSS,Metal1,79.9260,113.8600,0.000796
FILLER_26_146,VSS,Metal1,76.3200,113.4000,0.000808
FILLER_26_139,VSS,Metal1,74.1660,113.8600,0.000826
FILLER_26_132,VSS,Metal1,70.8060,113.8600,0.000916
FILLER_26_125,VSS,Metal1,67.4460,113.8600,0.001034
FILLER_26_114,VSS,Metal1,60.9600,113.4000,0.001034
FILLER_26_107,VSS,Metal1,58.8060,113.8600,0.001034
FILLER_26_100,VSS,Metal1,55.4460,113.8600,0.001038
FILLER_26_58,VSS,Metal1,35.2860,113.8600,0.000938
FILLER_26_51,VSS,Metal1,31.9260,113.8600,0.000919
FILLER_26_44,VSS,Metal1,28.5660,113.8600,0.000706
FILLER_25_615,VSS,Metal1,302.6460,112.9390,0.001006
FILLER_25_608,VSS,Metal1,299.2860,112.9390,0.001005
FILLER_25_603,VSS,Metal1,295.4400,113.4000,0.000987
FILLER_25_601,VSS,Metal1,294.7200,113.4000,0.000987
FILLER_25_593,VSS,Metal1,290.8800,113.4000,0.000981
FILLER_25_589,VSS,Metal1,289.4280,113.0230,0.000981
FILLER_25_582,VSS,Metal1,286.8060,112.9390,0.000981
FILLER_25_565,VSS,Metal1,277.4400,113.4000,0.000372
FILLER_25_558,VSS,Metal1,274.0800,113.4000,0.000330
FILLER_25_549,VSS,Metal1,269.5200,113.4000,0.000070
FILLER_25_537,VSS,Metal1,264.0000,113.4000,0.000035
FILLER_25_533,VSS,Metal1,262.5480,113.0230,0.000035
FILLER_25_526,VSS,Metal1,259.9260,112.9390,0.000035
FILLER_25_519,VSS,Metal1,256.5660,112.9390,0.000035
FILLER_25_512,VSS,Metal1,253.2060,112.9390,0.000035
FILLER_25_505,VSS,Metal1,249.8460,112.9390,0.000035
FILLER_25_498,VSS,Metal1,245.2800,113.4000,0.000040
FILLER_25_494,VSS,Metal1,243.8280,113.0230,0.000055
FILLER_25_487,VSS,Metal1,239.7600,113.4000,0.000056
FILLER_25_485,VSS,Metal1,239.0400,113.4000,0.000057
FILLER_25_478,VSS,Metal1,236.8860,112.9390,0.000057
FILLER_25_471,VSS,Metal1,233.5260,112.9390,0.000061
FILLER_25_464,VSS,Metal1,230.1660,112.9390,0.000080
FILLER_25_457,VSS,Metal1,226.8060,112.9390,0.000080
FILLER_25_450,VSS,Metal1,223.4460,112.9390,0.000080
FILLER_25_443,VSS,Metal1,220.0860,112.9390,0.000080
FILLER_25_436,VSS,Metal1,216.7260,112.9390,0.000080
FILLER_25_429,VSS,Metal1,213.3660,112.9390,0.000080
FILLER_25_423,VSS,Metal1,209.0400,113.4000,0.000080
FILLER_25_419,VSS,Metal1,207.8280,113.0230,0.000080
FILLER_25_412,VSS,Metal1,205.2060,112.9390,0.000080
FILLER_25_401,VSS,Metal1,199.9260,112.9390,0.000078
FILLER_25_394,VSS,Metal1,196.5660,112.9390,0.000077
FILLER_25_387,VSS,Metal1,193.2060,112.9390,0.000077
FILLER_25_363,VSS,Metal1,181.6860,112.9390,0.000042
FILLER_25_356,VSS,Metal1,178.3260,112.9390,0.000041
FILLER_25_349,VSS,Metal1,174.9660,112.9390,0.000040
FILLER_25_342,VSS,Metal1,171.6060,112.9390,0.000054
FILLER_25_335,VSS,Metal1,168.2460,112.9390,0.000054
FILLER_25_328,VSS,Metal1,164.8860,112.9390,0.000058
FILLER_25_322,VSS,Metal1,160.8000,113.4000,0.000085
FILLER_25_315,VSS,Metal1,158.6460,112.9390,0.000222
FILLER_25_308,VSS,Metal1,155.2860,112.9390,0.000224
FILLER_25_301,VSS,Metal1,151.9260,112.9390,0.000239
FILLER_25_294,VSS,Metal1,148.5660,112.9390,0.000259
FILLER_25_287,VSS,Metal1,145.2060,112.9390,0.000292
FILLER_25_281,VSS,Metal1,140.8800,113.4000,0.000304
FILLER_25_275,VSS,Metal1,138.0000,113.4000,0.000310
FILLER_25_268,VSS,Metal1,136.0860,112.9390,0.000334
FILLER_25_261,VSS,Metal1,132.7260,112.9390,0.000344
FILLER_25_219,VSS,Metal1,111.1200,113.4000,0.000155
FILLER_25_215,VSS,Metal1,109.2000,113.4000,0.000155
FILLER_25_213,VSS,Metal1,108.4800,113.4000,0.000156
FILLER_25_196,VSS,Metal1,100.7880,113.0230,0.000057
FILLER_25_175,VSS,Metal1,90.2400,113.4000,0.000791
FILLER_25_168,VSS,Metal1,88.0860,112.9390,0.000791
FILLER_25_161,VSS,Metal1,84.7260,112.9390,0.000793
FILLER_25_154,VSS,Metal1,81.3660,112.9390,0.000794
FILLER_25_147,VSS,Metal1,78.0060,112.9390,0.000796
FILLER_25_140,VSS,Metal1,74.6460,112.9390,0.000824
FILLER_25_133,VSS,Metal1,71.2860,112.9390,0.000914
FILLER_25_92,VSS,Metal1,50.8680,113.0230,0.001039
FILLER_25_70,VSS,Metal1,39.6000,113.4000,0.001007
FILLER_25_60,VSS,Metal1,34.8000,113.4000,0.000938
FILLER_25_55,VSS,Metal1,32.4000,113.4000,0.000919
FILLER_25_51,VSS,Metal1,31.1880,113.0230,0.000919
FILLER_25_44,VSS,Metal1,28.5660,112.9390,0.000706
FILLER_25_37,VSS,Metal1,25.2060,112.9390,0.000063
FILLER_25_8,VSS,Metal1,10.0800,113.4000,0.000110
FILLER_24_646,VSS,Metal1,316.3200,105.8400,0.000566
FILLER_24_639,VSS,Metal1,314.1660,106.3000,0.000513
FILLER_24_632,VSS,Metal1,310.0680,106.2160,0.000495
FILLER_24_625,VSS,Metal1,307.4460,106.3000,0.000493
FILLER_24_618,VSS,Metal1,304.0860,106.3000,0.000489
FILLER_24_596,VSS,Metal1,292.0800,105.8400,0.000473
FILLER_24_590,VSS,Metal1,289.2000,105.8400,0.000452
FILLER_24_588,VSS,Metal1,288.4800,105.8400,0.000449
FILLER_24_581,VSS,Metal1,286.3260,106.3000,0.000445
FILLER_24_575,VSS,Metal1,282.0000,105.8400,0.000424
FILLER_24_561,VSS,Metal1,275.9880,106.2160,0.000414
FILLER_24_546,VSS,Metal1,268.0800,105.8400,0.000333
FILLER_24_539,VSS,Metal1,266.1660,106.3000,0.000329
FILLER_24_532,VSS,Metal1,262.8060,106.3000,0.000311
FILLER_24_525,VSS,Metal1,259.4460,106.3000,0.000287
FILLER_24_518,VSS,Metal1,254.8800,105.8400,0.000077
FILLER_24_514,VSS,Metal1,253.4280,106.2160,0.000059
FILLER_24_507,VSS,Metal1,250.8060,106.3000,0.000060
FILLER_24_497,VSS,Metal1,244.8000,105.8400,0.000231
FILLER_24_490,VSS,Metal1,241.4400,105.8400,0.000272
FILLER_24_483,VSS,Metal1,239.2860,106.3000,0.000272
FILLER_24_462,VSS,Metal1,227.7600,105.8400,0.000760
FILLER_24_446,VSS,Metal1,220.0800,105.8400,0.000765
FILLER_24_444,VSS,Metal1,219.3600,105.8400,0.000765
FILLER_24_435,VSS,Metal1,214.8000,105.8400,0.000762
FILLER_24_430,VSS,Metal1,212.4000,105.8400,0.000731
FILLER_24_428,VSS,Metal1,211.6800,105.8400,0.000731
FILLER_24_413,VSS,Metal1,204.4800,105.8400,0.000560
FILLER_24_409,VSS,Metal1,203.0280,106.2160,0.000557
FILLER_24_402,VSS,Metal1,200.4060,106.3000,0.000280
FILLER_24_395,VSS,Metal1,197.0460,106.3000,0.000280
FILLER_24_388,VSS,Metal1,193.6860,106.3000,0.000233
FILLER_24_373,VSS,Metal1,185.0400,105.8400,0.000193
FILLER_24_358,VSS,Metal1,179.2860,106.3000,0.000073
FILLER_24_351,VSS,Metal1,175.9260,106.3000,0.000051
FILLER_24_344,VSS,Metal1,172.5660,106.3000,0.000062
FILLER_24_337,VSS,Metal1,169.2060,106.3000,0.000072
FILLER_24_330,VSS,Metal1,165.8460,106.3000,0.000373
FILLER_24_315,VSS,Metal1,157.4400,105.8400,0.000401
FILLER_24_311,VSS,Metal1,155.9880,106.2160,0.000402
FILLER_24_304,VSS,Metal1,153.3660,106.3000,0.000402
FILLER_24_297,VSS,Metal1,150.0060,106.3000,0.000403
FILLER_24_290,VSS,Metal1,146.6460,106.3000,0.000389
FILLER_24_283,VSS,Metal1,143.2860,106.3000,0.000374
FILLER_24_276,VSS,Metal1,139.9260,106.3000,0.000360
FILLER_24_269,VSS,Metal1,136.5660,106.3000,0.000346
FILLER_24_225,VSS,Metal1,114.0000,105.8400,0.000169
FILLER_24_213,VSS,Metal1,108.9480,106.2160,0.000086
FILLER_24_196,VSS,Metal1,100.7880,106.2160,0.000086
FILLER_24_189,VSS,Metal1,98.1660,106.3000,0.000147
FILLER_24_184,VSS,Metal1,94.3200,105.8400,0.000160
FILLER_24_180,VSS,Metal1,93.1080,106.2160,0.000313
FILLER_24_149,VSS,Metal1,77.5200,105.8400,0.000303
FILLER_24_147,VSS,Metal1,76.8000,105.8400,0.000303
FILLER_24_140,VSS,Metal1,74.6460,106.3000,0.000303
FILLER_24_133,VSS,Metal1,71.2860,106.3000,0.000302
FILLER_24_124,VSS,Metal1,65.7600,105.8400,0.000292
FILLER_24_120,VSS,Metal1,64.3080,106.2160,0.000279
FILLER_24_113,VSS,Metal1,61.6860,106.3000,0.000279
FILLER_24_84,VSS,Metal1,46.3200,105.8400,0.000205
FILLER_24_69,VSS,Metal1,39.3600,105.8400,0.000178
FILLER_24_34,VSS,Metal1,22.3200,105.8400,0.000056
FILLER_24_30,VSS,Metal1,21.1080,106.2160,0.000062
FILLER_24_23,VSS,Metal1,18.4860,106.3000,0.000062
FILLER_24_16,VSS,Metal1,15.1260,106.3000,0.000065
FILLER_24_11,VSS,Metal1,11.2800,105.8400,0.000079
FILLER_24_4,VSS,Metal1,9.3660,106.3000,0.000079
FILLER_23_643,VSS,Metal1,314.6400,105.8400,0.000513
FILLER_23_639,VSS,Metal1,313.4280,105.4630,0.000513
FILLER_23_632,VSS,Metal1,309.6000,105.8400,0.000495
FILLER_23_625,VSS,Metal1,307.4460,105.3790,0.000493
FILLER_23_619,VSS,Metal1,303.3600,105.8400,0.000489
FILLER_23_615,VSS,Metal1,301.9080,105.4630,0.000477
FILLER_23_600,VSS,Metal1,294.0000,105.8400,0.000473
FILLER_23_596,VSS,Metal1,292.7880,105.4630,0.000473
FILLER_23_589,VSS,Metal1,290.1660,105.3790,0.000452
FILLER_23_582,VSS,Metal1,286.8060,105.3790,0.000446
FILLER_23_575,VSS,Metal1,283.4460,105.3790,0.000424
FILLER_23_570,VSS,Metal1,279.6000,105.8400,0.000420
FILLER_23_568,VSS,Metal1,278.8800,105.8400,0.000414
FILLER_23_561,VSS,Metal1,276.7260,105.3790,0.000414
FILLER_23_554,VSS,Metal1,273.3660,105.3790,0.000357
FILLER_23_547,VSS,Metal1,270.0060,105.3790,0.000356
FILLER_23_538,VSS,Metal1,264.9480,105.4630,0.000329
FILLER_23_531,VSS,Metal1,262.3260,105.3790,0.000311
FILLER_23_524,VSS,Metal1,258.9660,105.3790,0.000286
FILLER_23_517,VSS,Metal1,255.6060,105.3790,0.000077
FILLER_23_510,VSS,Metal1,252.2460,105.3790,0.000059
FILLER_23_496,VSS,Metal1,244.0800,105.8400,0.000231
FILLER_23_492,VSS,Metal1,242.8680,105.4630,0.000254
FILLER_23_485,VSS,Metal1,240.2460,105.3790,0.000272
FILLER_23_478,VSS,Metal1,236.8860,105.3790,0.000272
FILLER_23_470,VSS,Metal1,232.3080,105.4630,0.000300
FILLER_23_463,VSS,Metal1,228.4800,105.8400,0.000754
FILLER_23_456,VSS,Metal1,226.3260,105.3790,0.000760
FILLER_23_449,VSS,Metal1,222.9660,105.3790,0.000765
FILLER_23_442,VSS,Metal1,219.6060,105.3790,0.000765
FILLER_23_435,VSS,Metal1,216.2460,105.3790,0.000762
FILLER_23_413,VSS,Metal1,204.4800,105.8400,0.000560
FILLER_23_404,VSS,Metal1,200.6280,105.4630,0.000280
FILLER_23_396,VSS,Metal1,196.3200,105.8400,0.000280
FILLER_23_392,VSS,Metal1,194.8680,105.4630,0.000233
FILLER_23_373,VSS,Metal1,186.4860,105.3790,0.000193
FILLER_23_365,VSS,Metal1,181.9080,105.4630,0.000138
FILLER_23_358,VSS,Metal1,179.2860,105.3790,0.000073
FILLER_23_351,VSS,Metal1,175.9260,105.3790,0.000051
FILLER_23_344,VSS,Metal1,172.5660,105.3790,0.000062
FILLER_23_337,VSS,Metal1,169.2060,105.3790,0.000072
FILLER_23_325,VSS,Metal1,162.0000,105.8400,0.000387
FILLER_23_314,VSS,Metal1,156.7200,105.8400,0.000402
FILLER_23_296,VSS,Metal1,149.5260,105.3790,0.000403
FILLER_23_289,VSS,Metal1,146.1660,105.3790,0.000388
FILLER_23_282,VSS,Metal1,142.8060,105.3790,0.000374
FILLER_23_275,VSS,Metal1,139.4460,105.3790,0.000360
FILLER_23_268,VSS,Metal1,136.0860,105.3790,0.000345
FILLER_23_261,VSS,Metal1,132.7260,105.3790,0.000327
FILLER_23_248,VSS,Metal1,125.7480,105.4630,0.000327
FILLER_23_244,VSS,Metal1,123.1200,105.8400,0.000327
FILLER_23_240,VSS,Metal1,121.9080,105.4630,0.000312
FILLER_23_233,VSS,Metal1,119.2860,105.3790,0.000281
FILLER_23_188,VSS,Metal1,96.4800,105.8400,0.000158
FILLER_23_184,VSS,Metal1,95.0280,105.4630,0.000160
FILLER_23_177,VSS,Metal1,92.4060,105.3790,0.000314
FILLER_23_166,VSS,Metal1,85.9200,105.8400,0.000314
FILLER_23_151,VSS,Metal1,78.4800,105.8400,0.000306
FILLER_23_144,VSS,Metal1,76.5660,105.3790,0.000303
FILLER_23_137,VSS,Metal1,73.2060,105.3790,0.000302
FILLER_23_130,VSS,Metal1,69.8460,105.3790,0.000302
FILLER_23_123,VSS,Metal1,66.4860,105.3790,0.000292
FILLER_23_116,VSS,Metal1,63.1260,105.3790,0.000279
FILLER_23_109,VSS,Metal1,59.7660,105.3790,0.000279
FILLER_23_102,VSS,Metal1,56.4060,105.3790,0.000273
FILLER_23_94,VSS,Metal1,51.8280,105.4630,0.000224
FILLER_23_88,VSS,Metal1,48.2400,105.8400,0.000220
FILLER_23_86,VSS,Metal1,47.5200,105.8400,0.000220
FILLER_23_57,VSS,Metal1,33.6000,105.8400,0.000155
FILLER_23_50,VSS,Metal1,30.2400,105.8400,0.000155
FILLER_23_46,VSS,Metal1,28.7880,105.4630,0.000155
FILLER_23_41,VSS,Metal1,25.9200,105.8400,0.000050
FILLER_23_34,VSS,Metal1,23.7660,105.3790,0.000056
FILLER_23_23,VSS,Metal1,17.2800,105.8400,0.000062
FILLER_23_16,VSS,Metal1,15.1260,105.3790,0.000065
FILLER_23_11,VSS,Metal1,11.2800,105.8400,0.000079
FILLER_23_4,VSS,Metal1,9.3660,105.3790,0.000079
FILLER_22_640,VSS,Metal1,313.9080,98.6560,0.000615
FILLER_22_635,VSS,Metal1,310.8000,98.2800,0.000600
FILLER_22_628,VSS,Metal1,308.8860,98.7400,0.000596
FILLER_22_622,VSS,Metal1,304.8000,98.2800,0.000528
FILLER_22_609,VSS,Metal1,298.5600,98.2800,0.000498
FILLER_22_597,VSS,Metal1,294.0060,98.7400,0.000417
FILLER_22_590,VSS,Metal1,290.6460,98.7400,0.000364
FILLER_22_583,VSS,Metal1,287.2860,98.7400,0.000327
FILLER_22_576,VSS,Metal1,283.9260,98.7400,0.000224
FILLER_22_569,VSS,Metal1,280.5660,98.7400,0.000215
FILLER_22_562,VSS,Metal1,277.2060,98.7400,0.000186
FILLER_22_555,VSS,Metal1,273.8460,98.7400,0.000173
FILLER_22_546,VSS,Metal1,268.7880,98.6560,0.000171
FILLER_22_538,VSS,Metal1,264.9480,98.6560,0.000151
FILLER_22_531,VSS,Metal1,262.3260,98.7400,0.000139
FILLER_22_524,VSS,Metal1,258.9660,98.7400,0.000114
FILLER_22_517,VSS,Metal1,255.6060,98.7400,0.000070
FILLER_22_510,VSS,Metal1,252.2460,98.7400,0.000027
FILLER_22_503,VSS,Metal1,248.8860,98.7400,0.000102
FILLER_22_498,VSS,Metal1,245.0400,98.2800,0.000105
FILLER_22_494,VSS,Metal1,243.8280,98.6560,0.000108
FILLER_22_489,VSS,Metal1,240.7200,98.2800,0.000129
FILLER_22_485,VSS,Metal1,239.5080,98.6560,0.000131
FILLER_22_478,VSS,Metal1,236.8860,98.7400,0.000152
FILLER_22_468,VSS,Metal1,230.8800,98.2800,0.000176
FILLER_22_461,VSS,Metal1,228.7260,98.7400,0.000176
FILLER_22_454,VSS,Metal1,225.3660,98.7400,0.000196
FILLER_22_447,VSS,Metal1,222.0060,98.7400,0.000216
FILLER_22_440,VSS,Metal1,218.6460,98.7400,0.000220
FILLER_22_433,VSS,Metal1,215.2860,98.7400,0.000255
FILLER_22_426,VSS,Metal1,211.9260,98.7400,0.000291
FILLER_22_412,VSS,Metal1,204.4680,98.6560,0.000313
FILLER_22_407,VSS,Metal1,201.3600,98.2800,0.000313
FILLER_22_405,VSS,Metal1,200.6400,98.2800,0.000320
FILLER_22_398,VSS,Metal1,198.4860,98.7400,0.000320
FILLER_22_391,VSS,Metal1,195.1260,98.7400,0.000320
FILLER_22_378,VSS,Metal1,187.6800,98.2800,0.000323
FILLER_22_374,VSS,Metal1,186.2280,98.6560,0.000322
FILLER_22_367,VSS,Metal1,183.6060,98.7400,0.000322
FILLER_22_360,VSS,Metal1,180.2460,98.7400,0.000322
FILLER_22_337,VSS,Metal1,169.2060,98.7400,0.000078
FILLER_22_330,VSS,Metal1,165.8460,98.7400,0.000169
FILLER_22_323,VSS,Metal1,162.4860,98.7400,0.000178
FILLER_22_316,VSS,Metal1,159.1260,98.7400,0.000240
FILLER_22_301,VSS,Metal1,151.9260,98.7400,0.000305
FILLER_22_294,VSS,Metal1,148.5660,98.7400,0.000305
FILLER_22_287,VSS,Metal1,145.2060,98.7400,0.000306
FILLER_22_280,VSS,Metal1,141.8460,98.7400,0.000307
FILLER_22_266,VSS,Metal1,133.6800,98.2800,0.000294
FILLER_22_262,VSS,Metal1,132.4680,98.6560,0.000290
FILLER_22_253,VSS,Metal1,127.4400,98.2800,0.000203
FILLER_22_251,VSS,Metal1,126.7200,98.2800,0.000202
FILLER_22_244,VSS,Metal1,124.5660,98.7400,0.000197
FILLER_22_237,VSS,Metal1,121.2060,98.7400,0.000188
FILLER_22_230,VSS,Metal1,117.8460,98.7400,0.000184
FILLER_22_213,VSS,Metal1,108.2400,98.2800,0.000064
FILLER_22_211,VSS,Metal1,107.5200,98.2800,0.000064
FILLER_22_200,VSS,Metal1,102.0000,98.2800,0.000048
FILLER_22_198,VSS,Metal1,101.2800,98.2800,0.000031
FILLER_22_191,VSS,Metal1,99.1260,98.7400,0.000123
FILLER_22_184,VSS,Metal1,95.7660,98.7400,0.000200
FILLER_22_177,VSS,Metal1,92.4060,98.7400,0.000277
FILLER_22_170,VSS,Metal1,89.0460,98.7400,0.000355
FILLER_22_117,VSS,Metal1,63.6060,98.7400,0.000404
FILLER_22_110,VSS,Metal1,60.2460,98.7400,0.000395
FILLER_22_103,VSS,Metal1,56.8860,98.7400,0.000395
FILLER_22_96,VSS,Metal1,53.5260,98.7400,0.000390
FILLER_22_89,VSS,Metal1,50.1660,98.7400,0.000358
FILLER_22_82,VSS,Metal1,46.8060,98.7400,0.000354
FILLER_22_50,VSS,Metal1,30.0000,98.2800,0.000207
FILLER_22_48,VSS,Metal1,29.2800,98.2800,0.000201
FILLER_22_41,VSS,Metal1,27.1260,98.7400,0.000201
FILLER_22_34,VSS,Metal1,23.7660,98.7400,0.000092
FILLER_22_0,VSS,Metal1,6.7080,98.6560,0.000101
FILLER_21_647,VSS,Metal1,316.5600,98.2800,0.000620
FILLER_21_645,VSS,Metal1,315.8400,98.2800,0.000620
FILLER_21_626,VSS,Metal1,307.1880,97.9030,0.000596
FILLER_21_622,VSS,Metal1,304.5600,98.2800,0.000528
FILLER_21_620,VSS,Metal1,303.8400,98.2800,0.000528
FILLER_21_615,VSS,Metal1,301.2000,98.2800,0.000511
FILLER_21_609,VSS,Metal1,298.3200,98.2800,0.000498
FILLER_21_593,VSS,Metal1,290.6400,98.2800,0.000364
FILLER_21_591,VSS,Metal1,289.9200,98.2800,0.000364
FILLER_21_584,VSS,Metal1,287.7660,97.8190,0.000327
FILLER_21_579,VSS,Metal1,283.9200,98.2800,0.000224
FILLER_21_572,VSS,Metal1,280.8000,98.2800,0.000215
FILLER_21_568,VSS,Metal1,279.3480,97.9030,0.000215
FILLER_21_562,VSS,Metal1,275.7600,98.2800,0.000186
FILLER_21_560,VSS,Metal1,275.0400,98.2800,0.000174
FILLER_21_553,VSS,Metal1,272.8860,97.8190,0.000173
FILLER_21_529,VSS,Metal1,259.9200,98.2800,0.000114
FILLER_21_525,VSS,Metal1,258.7080,97.9030,0.000114
FILLER_21_518,VSS,Metal1,256.0860,97.8190,0.000071
FILLER_21_511,VSS,Metal1,252.7260,97.8190,0.000028
FILLER_21_504,VSS,Metal1,249.3660,97.8190,0.000101
FILLER_21_499,VSS,Metal1,245.5200,98.2800,0.000105
FILLER_21_497,VSS,Metal1,244.8000,98.2800,0.000105
FILLER_21_490,VSS,Metal1,242.6460,97.8190,0.000108
FILLER_21_462,VSS,Metal1,227.7600,98.2800,0.000176
FILLER_21_457,VSS,Metal1,225.3600,98.2800,0.000196
FILLER_21_455,VSS,Metal1,224.6400,98.2800,0.000196
FILLER_21_450,VSS,Metal1,222.0000,98.2800,0.000216
FILLER_21_441,VSS,Metal1,217.6800,98.2800,0.000220
FILLER_21_434,VSS,Metal1,215.7660,97.8190,0.000255
FILLER_21_427,VSS,Metal1,212.4060,97.8190,0.000290
FILLER_21_421,VSS,Metal1,208.0800,98.2800,0.000312
FILLER_21_414,VSS,Metal1,206.1660,97.8190,0.000313
FILLER_21_407,VSS,Metal1,202.8060,97.8190,0.000313
FILLER_21_400,VSS,Metal1,199.4460,97.8190,0.000320
FILLER_21_393,VSS,Metal1,196.0860,97.8190,0.000320
FILLER_21_372,VSS,Metal1,185.2680,97.9030,0.000322
FILLER_21_365,VSS,Metal1,182.6460,97.8190,0.000322
FILLER_21_341,VSS,Metal1,169.6800,98.2800,0.000078
FILLER_21_337,VSS,Metal1,168.4680,97.9030,0.000078
FILLER_21_330,VSS,Metal1,165.8460,97.8190,0.000169
FILLER_21_323,VSS,Metal1,162.4860,97.8190,0.000178
FILLER_21_299,VSS,Metal1,150.2280,97.9030,0.000305
FILLER_21_270,VSS,Metal1,135.8400,98.2800,0.000300
FILLER_21_258,VSS,Metal1,129.8400,98.2800,0.000214
FILLER_21_254,VSS,Metal1,128.6280,97.9030,0.000214
FILLER_21_248,VSS,Metal1,125.0400,98.2800,0.000197
FILLER_21_246,VSS,Metal1,124.3200,98.2800,0.000197
FILLER_21_233,VSS,Metal1,117.8400,98.2800,0.000184
FILLER_21_231,VSS,Metal1,117.1200,98.2800,0.000184
FILLER_21_225,VSS,Metal1,114.2400,98.2800,0.000157
FILLER_21_221,VSS,Metal1,112.7880,97.9030,0.000155
FILLER_21_215,VSS,Metal1,109.4400,98.2800,0.000075
FILLER_21_211,VSS,Metal1,107.9880,97.9030,0.000064
FILLER_21_204,VSS,Metal1,105.3660,97.8190,0.000049
FILLER_21_197,VSS,Metal1,102.0060,97.8190,0.000048
FILLER_21_190,VSS,Metal1,98.6460,97.8190,0.000125
FILLER_21_183,VSS,Metal1,95.2860,97.8190,0.000202
FILLER_21_176,VSS,Metal1,91.9260,97.8190,0.000279
FILLER_21_156,VSS,Metal1,80.8800,98.2800,0.000412
FILLER_21_152,VSS,Metal1,79.6680,97.9030,0.000414
FILLER_21_142,VSS,Metal1,74.1600,98.2800,0.000418
FILLER_21_138,VSS,Metal1,72.9480,97.9030,0.000418
FILLER_21_121,VSS,Metal1,65.5260,97.8190,0.000404
FILLER_21_115,VSS,Metal1,61.4400,98.2800,0.000395
FILLER_21_108,VSS,Metal1,59.2860,97.8190,0.000395
FILLER_21_97,VSS,Metal1,52.8000,98.2800,0.000390
FILLER_21_93,VSS,Metal1,51.3480,97.9030,0.000358
FILLER_21_79,VSS,Metal1,43.9200,98.2800,0.000314
FILLER_21_69,VSS,Metal1,39.1200,98.2800,0.000307
FILLER_21_67,VSS,Metal1,38.4000,98.2800,0.000307
FILLER_21_56,VSS,Metal1,32.8800,98.2800,0.000307
FILLER_21_51,VSS,Metal1,30.7200,98.2800,0.000207
FILLER_21_38,VSS,Metal1,24.9480,97.9030,0.000092
FILLER_21_21,VSS,Metal1,17.5260,97.8190,0.000101
FILLER_21_7,VSS,Metal1,10.0680,97.9030,0.000101
FILLER_21_0,VSS,Metal1,7.4460,97.8190,0.000101
FILLER_20_643,VSS,Metal1,314.6400,90.7200,0.000467
FILLER_20_605,VSS,Metal1,296.4000,90.7200,0.000404
FILLER_20_598,VSS,Metal1,294.4860,91.1800,0.000400
FILLER_20_591,VSS,Metal1,291.1260,91.1800,0.000397
FILLER_20_559,VSS,Metal1,274.5600,90.7200,0.000329
FILLER_20_555,VSS,Metal1,273.1080,91.0960,0.000329
FILLER_20_547,VSS,Metal1,269.2680,91.0960,0.000310
FILLER_20_527,VSS,Metal1,260.4060,91.1800,0.000298
FILLER_20_520,VSS,Metal1,257.0460,91.1800,0.000085
FILLER_20_514,VSS,Metal1,252.9600,90.7200,0.000052
FILLER_20_507,VSS,Metal1,249.3600,90.7200,0.000052
FILLER_20_501,VSS,Metal1,246.4800,90.7200,0.000066
FILLER_20_499,VSS,Metal1,245.7600,90.7200,0.000066
FILLER_20_494,VSS,Metal1,243.1200,90.7200,0.000103
FILLER_20_487,VSS,Metal1,241.2060,91.1800,0.000105
FILLER_20_481,VSS,Metal1,236.8800,90.7200,0.000125
FILLER_20_477,VSS,Metal1,235.6680,91.0960,0.000128
FILLER_20_465,VSS,Metal1,229.4400,90.7200,0.000175
FILLER_20_458,VSS,Metal1,227.2860,91.1800,0.000180
FILLER_20_451,VSS,Metal1,223.9260,91.1800,0.000181
FILLER_20_444,VSS,Metal1,220.5660,91.1800,0.000207
FILLER_20_437,VSS,Metal1,217.2060,91.1800,0.000207
FILLER_20_431,VSS,Metal1,212.8800,90.7200,0.000207
FILLER_20_424,VSS,Metal1,210.9660,91.1800,0.000207
FILLER_20_417,VSS,Metal1,207.6060,91.1800,0.000205
FILLER_20_410,VSS,Metal1,204.2460,91.1800,0.000205
FILLER_20_403,VSS,Metal1,200.8860,91.1800,0.000205
FILLER_20_396,VSS,Metal1,197.5260,91.1800,0.000205
FILLER_20_389,VSS,Metal1,194.1660,91.1800,0.000205
FILLER_20_384,VSS,Metal1,190.3200,90.7200,0.000197
FILLER_20_377,VSS,Metal1,188.4060,91.1800,0.000195
FILLER_20_370,VSS,Metal1,185.0460,91.1800,0.000142
FILLER_20_363,VSS,Metal1,181.6860,91.1800,0.000142
FILLER_20_345,VSS,Metal1,171.6000,90.7200,0.000078
FILLER_20_343,VSS,Metal1,170.8800,90.7200,0.000083
FILLER_20_336,VSS,Metal1,168.7260,91.1800,0.000091
FILLER_20_330,VSS,Metal1,164.4000,90.7200,0.000131
FILLER_20_328,VSS,Metal1,163.6800,90.7200,0.000138
FILLER_20_321,VSS,Metal1,161.5260,91.1800,0.000138
FILLER_20_310,VSS,Metal1,154.8000,90.7200,0.000152
FILLER_20_303,VSS,Metal1,152.8860,91.1800,0.000158
FILLER_20_296,VSS,Metal1,149.5260,91.1800,0.000166
FILLER_20_283,VSS,Metal1,142.5480,91.0960,0.000153
FILLER_20_263,VSS,Metal1,133.6860,91.1800,0.000134
FILLER_20_256,VSS,Metal1,130.3260,91.1800,0.000131
FILLER_20_249,VSS,Metal1,126.9660,91.1800,0.000127
FILLER_20_242,VSS,Metal1,123.6060,91.1800,0.000126
FILLER_20_233,VSS,Metal1,118.5480,91.0960,0.000126
FILLER_20_226,VSS,Metal1,115.9260,91.1800,0.000126
FILLER_20_194,VSS,Metal1,99.3600,90.7200,0.000608
FILLER_20_145,VSS,Metal1,75.8400,90.7200,0.000670
FILLER_20_141,VSS,Metal1,74.3880,91.0960,0.000669
FILLER_20_73,VSS,Metal1,41.0400,90.7200,0.000309
FILLER_20_66,VSS,Metal1,39.1260,91.1800,0.000305
FILLER_20_59,VSS,Metal1,35.7660,91.1800,0.000300
FILLER_20_52,VSS,Metal1,32.4060,91.1800,0.000296
FILLER_20_20,VSS,Metal1,15.8400,90.7200,0.000129
FILLER_20_7,VSS,Metal1,9.6000,90.7200,0.000130
FILLER_20_0,VSS,Metal1,7.4460,91.1800,0.000130
FILLER_19_634,VSS,Metal1,310.3200,90.7200,0.000421
FILLER_19_632,VSS,Metal1,309.6000,90.7200,0.000421
FILLER_19_625,VSS,Metal1,307.4460,90.2590,0.000421
FILLER_19_618,VSS,Metal1,304.0860,90.2590,0.000416
FILLER_19_612,VSS,Metal1,300.0000,90.7200,0.000407
FILLER_19_605,VSS,Metal1,297.8460,90.2590,0.000404
FILLER_19_598,VSS,Metal1,294.4860,90.2590,0.000400
FILLER_19_591,VSS,Metal1,291.1260,90.2590,0.000397
FILLER_19_581,VSS,Metal1,285.1200,90.7200,0.000384
FILLER_19_575,VSS,Metal1,282.0000,90.7200,0.000368
FILLER_19_571,VSS,Metal1,280.7880,90.3430,0.000359
FILLER_19_566,VSS,Metal1,277.6800,90.7200,0.000334
FILLER_19_564,VSS,Metal1,276.9600,90.7200,0.000334
FILLER_19_557,VSS,Metal1,274.8060,90.2590,0.000329
FILLER_19_550,VSS,Metal1,271.4460,90.2590,0.000329
FILLER_19_543,VSS,Metal1,268.0860,90.2590,0.000310
FILLER_19_536,VSS,Metal1,264.7260,90.2590,0.000302
FILLER_19_529,VSS,Metal1,261.3660,90.2590,0.000298
FILLER_19_503,VSS,Metal1,248.8860,90.2590,0.000052
FILLER_19_496,VSS,Metal1,244.0800,90.7200,0.000082
FILLER_19_494,VSS,Metal1,243.3600,90.7200,0.000103
FILLER_19_487,VSS,Metal1,241.2060,90.2590,0.000105
FILLER_19_480,VSS,Metal1,236.6400,90.7200,0.000125
FILLER_19_476,VSS,Metal1,235.1880,90.3430,0.000128
FILLER_19_469,VSS,Metal1,232.5660,90.2590,0.000148
FILLER_19_451,VSS,Metal1,222.7200,90.7200,0.000181
FILLER_19_447,VSS,Metal1,221.2680,90.3430,0.000206
FILLER_19_440,VSS,Metal1,218.6460,90.2590,0.000207
FILLER_19_433,VSS,Metal1,215.2860,90.2590,0.000207
FILLER_19_426,VSS,Metal1,210.7200,90.7200,0.000207
FILLER_19_421,VSS,Metal1,208.3200,90.7200,0.000205
FILLER_19_414,VSS,Metal1,206.1660,90.2590,0.000205
FILLER_19_407,VSS,Metal1,202.8060,90.2590,0.000205
FILLER_19_400,VSS,Metal1,199.4460,90.2590,0.000205
FILLER_19_393,VSS,Metal1,196.0860,90.2590,0.000205
FILLER_19_386,VSS,Metal1,192.7260,90.2590,0.000205
FILLER_19_372,VSS,Metal1,184.8000,90.7200,0.000142
FILLER_19_365,VSS,Metal1,182.6460,90.2590,0.000142
FILLER_19_358,VSS,Metal1,179.2860,90.2590,0.000142
FILLER_19_351,VSS,Metal1,175.9260,90.2590,0.000027
FILLER_19_344,VSS,Metal1,172.5660,90.2590,0.000078
FILLER_19_337,VSS,Metal1,169.2060,90.2590,0.000091
FILLER_19_330,VSS,Metal1,165.8460,90.2590,0.000131
FILLER_19_304,VSS,Metal1,151.9200,90.7200,0.000158
FILLER_19_300,VSS,Metal1,150.7080,90.3430,0.000166
FILLER_19_294,VSS,Metal1,147.1200,90.7200,0.000168
FILLER_19_287,VSS,Metal1,145.2060,90.2590,0.000168
FILLER_19_280,VSS,Metal1,141.8460,90.2590,0.000153
FILLER_19_274,VSS,Metal1,137.7600,90.7200,0.000136
FILLER_19_270,VSS,Metal1,136.3080,90.3430,0.000136
FILLER_19_263,VSS,Metal1,133.6860,90.2590,0.000134
FILLER_19_256,VSS,Metal1,130.3260,90.2590,0.000131
FILLER_19_225,VSS,Metal1,114.0000,90.7200,0.000062
FILLER_19_212,VSS,Metal1,108.4680,90.3430,0.000059
FILLER_19_197,VSS,Metal1,100.8000,90.7200,0.000052
FILLER_19_193,VSS,Metal1,99.3480,90.3430,0.000608
FILLER_19_186,VSS,Metal1,96.7260,90.2590,0.000702
FILLER_19_175,VSS,Metal1,90.2400,90.7200,0.000703
FILLER_19_170,VSS,Metal1,87.6000,90.7200,0.000702
FILLER_19_168,VSS,Metal1,86.8800,90.7200,0.000701
FILLER_19_161,VSS,Metal1,84.7260,90.2590,0.000700
FILLER_19_146,VSS,Metal1,76.3200,90.7200,0.000670
FILLER_19_142,VSS,Metal1,74.8680,90.3430,0.000669
FILLER_19_132,VSS,Metal1,69.3600,90.7200,0.000658
FILLER_19_130,VSS,Metal1,68.6400,90.7200,0.000658
FILLER_19_116,VSS,Metal1,62.3880,90.3430,0.000658
FILLER_19_109,VSS,Metal1,59.7660,90.2590,0.000481
FILLER_19_80,VSS,Metal1,44.6400,90.7200,0.000359
FILLER_19_76,VSS,Metal1,43.1880,90.3430,0.000359
FILLER_19_69,VSS,Metal1,40.5660,90.2590,0.000309
FILLER_19_62,VSS,Metal1,37.2060,90.2590,0.000304
FILLER_19_55,VSS,Metal1,33.8460,90.2590,0.000300
FILLER_19_50,VSS,Metal1,30.0000,90.7200,0.000127
FILLER_19_48,VSS,Metal1,29.2800,90.7200,0.000114
FILLER_19_41,VSS,Metal1,27.1260,90.2590,0.000111
FILLER_19_34,VSS,Metal1,23.7660,90.2590,0.000114
FILLER_19_2,VSS,Metal1,6.9600,90.7200,0.000130
FILLER_19_0,VSS,Metal1,6.2400,90.7200,0.000130
FILLER_18_650,VSS,Metal1,318.2400,83.1600,0.001315
FILLER_18_624,VSS,Metal1,305.7600,83.1600,0.001312
FILLER_18_619,VSS,Metal1,303.3600,83.1600,0.001288
FILLER_18_615,VSS,Metal1,301.9080,83.5360,0.001285
FILLER_18_608,VSS,Metal1,299.2860,83.6200,0.001244
FILLER_18_601,VSS,Metal1,295.9260,83.6200,0.001185
FILLER_18_594,VSS,Metal1,292.5660,83.6200,0.001102
FILLER_18_587,VSS,Metal1,289.2060,83.6200,0.001100
FILLER_18_580,VSS,Metal1,285.8460,83.6200,0.000625
FILLER_18_569,VSS,Metal1,280.5660,83.6200,0.000625
FILLER_18_562,VSS,Metal1,277.2060,83.6200,0.000586
FILLER_18_540,VSS,Metal1,266.6460,83.6200,0.000463
FILLER_18_533,VSS,Metal1,263.2860,83.6200,0.000438
FILLER_18_526,VSS,Metal1,259.9260,83.6200,0.000305
FILLER_18_519,VSS,Metal1,256.5660,83.6200,0.000172
FILLER_18_501,VSS,Metal1,246.4800,83.1600,0.000057
FILLER_18_497,VSS,Metal1,245.2680,83.5360,0.000057
FILLER_18_490,VSS,Metal1,242.6460,83.6200,0.000068
FILLER_18_483,VSS,Metal1,239.2860,83.6200,0.000082
FILLER_18_476,VSS,Metal1,235.9260,83.6200,0.000115
FILLER_18_469,VSS,Metal1,232.5660,83.6200,0.000129
FILLER_18_462,VSS,Metal1,229.2060,83.6200,0.000129
FILLER_18_457,VSS,Metal1,225.3600,83.1600,0.000133
FILLER_18_450,VSS,Metal1,223.4460,83.6200,0.000133
FILLER_18_443,VSS,Metal1,220.0860,83.6200,0.000133
FILLER_18_436,VSS,Metal1,216.7260,83.6200,0.000133
FILLER_18_398,VSS,Metal1,197.7480,83.5360,0.000233
FILLER_18_391,VSS,Metal1,195.1260,83.6200,0.000232
FILLER_18_364,VSS,Metal1,180.7200,83.1600,0.000076
FILLER_18_357,VSS,Metal1,178.8060,83.6200,0.000076
FILLER_18_347,VSS,Metal1,172.5600,83.1600,0.000226
FILLER_18_343,VSS,Metal1,171.3480,83.5360,0.000226
FILLER_18_336,VSS,Metal1,168.7260,83.6200,0.000226
FILLER_18_329,VSS,Metal1,165.3660,83.6200,0.000265
FILLER_18_313,VSS,Metal1,156.2400,83.1600,0.000489
FILLER_18_311,VSS,Metal1,155.5200,83.1600,0.000515
FILLER_18_304,VSS,Metal1,153.3660,83.6200,0.000554
FILLER_18_297,VSS,Metal1,150.0060,83.6200,0.000808
FILLER_18_286,VSS,Metal1,143.5200,83.1600,0.000816
FILLER_18_254,VSS,Metal1,128.1600,83.1600,0.000836
FILLER_18_243,VSS,Metal1,122.8800,83.1600,0.000824
FILLER_18_239,VSS,Metal1,121.4280,83.5360,0.000637
FILLER_18_225,VSS,Metal1,114.7080,83.5360,0.000432
FILLER_18_218,VSS,Metal1,112.0860,83.6200,0.000431
FILLER_18_211,VSS,Metal1,108.7260,83.6200,0.000429
FILLER_18_190,VSS,Metal1,97.2000,83.1600,0.000093
FILLER_18_188,VSS,Metal1,96.4800,83.1600,0.000093
FILLER_18_181,VSS,Metal1,94.3260,83.6200,0.000103
FILLER_18_174,VSS,Metal1,90.9660,83.6200,0.000103
FILLER_18_162,VSS,Metal1,84.0000,83.1600,0.000118
FILLER_18_158,VSS,Metal1,82.5480,83.5360,0.000118
FILLER_18_138,VSS,Metal1,72.4800,83.1600,0.000325
FILLER_18_128,VSS,Metal1,67.4400,83.1600,0.000326
FILLER_18_116,VSS,Metal1,61.9200,83.1600,0.000326
FILLER_18_109,VSS,Metal1,59.7660,83.6200,0.000326
FILLER_18_102,VSS,Metal1,56.4060,83.6200,0.000312
FILLER_18_92,VSS,Metal1,50.1600,83.1600,0.000228
FILLER_18_90,VSS,Metal1,49.4400,83.1600,0.000228
FILLER_18_85,VSS,Metal1,47.0400,83.1600,0.000217
FILLER_18_78,VSS,Metal1,44.8860,83.6200,0.000216
FILLER_18_71,VSS,Metal1,41.5260,83.6200,0.000215
FILLER_18_63,VSS,Metal1,36.9480,83.5360,0.000167
FILLER_18_41,VSS,Metal1,25.9200,83.1600,0.000044
FILLER_18_34,VSS,Metal1,23.7660,83.6200,0.000458
FILLER_18_21,VSS,Metal1,16.7880,83.5360,0.000710
FILLER_18_7,VSS,Metal1,10.0680,83.5360,0.000710
FILLER_18_0,VSS,Metal1,7.4460,83.6200,0.000710
FILLER_17_607,VSS,Metal1,298.0680,82.7830,0.001244
FILLER_17_600,VSS,Metal1,295.4460,82.6990,0.001183
FILLER_17_591,VSS,Metal1,289.6800,83.1600,0.001100
FILLER_17_585,VSS,Metal1,286.8000,83.1600,0.000625
FILLER_17_578,VSS,Metal1,284.8860,82.6990,0.000625
FILLER_17_571,VSS,Metal1,281.5260,82.6990,0.000625
FILLER_17_538,VSS,Metal1,264.2400,83.1600,0.000438
FILLER_17_534,VSS,Metal1,263.0280,82.7830,0.000438
FILLER_17_527,VSS,Metal1,260.4060,82.6990,0.000307
FILLER_17_520,VSS,Metal1,257.0460,82.6990,0.000174
FILLER_17_513,VSS,Metal1,253.6860,82.6990,0.000041
FILLER_17_506,VSS,Metal1,250.3260,82.6990,0.000057
FILLER_17_499,VSS,Metal1,246.9660,82.6990,0.000057
FILLER_17_486,VSS,Metal1,239.5200,83.1600,0.000082
FILLER_17_482,VSS,Metal1,238.0680,82.7830,0.000082
FILLER_17_476,VSS,Metal1,234.4800,83.1600,0.000115
FILLER_17_474,VSS,Metal1,233.7600,83.1600,0.000129
FILLER_17_467,VSS,Metal1,231.6060,82.6990,0.000129
FILLER_17_454,VSS,Metal1,223.9200,83.1600,0.000133
FILLER_17_452,VSS,Metal1,223.2000,83.1600,0.000133
FILLER_17_441,VSS,Metal1,219.1260,82.6990,0.000133
FILLER_17_421,VSS,Metal1,208.7880,82.7830,0.000194
FILLER_17_414,VSS,Metal1,206.1660,82.6990,0.000194
FILLER_17_401,VSS,Metal1,198.4800,83.1600,0.000233
FILLER_17_399,VSS,Metal1,197.7600,83.1600,0.000233
FILLER_17_369,VSS,Metal1,183.8280,82.7830,0.000133
FILLER_17_362,VSS,Metal1,181.2060,82.6990,0.000076
FILLER_17_355,VSS,Metal1,177.8460,82.6990,0.000076
FILLER_17_348,VSS,Metal1,174.4860,82.6990,0.000091
FILLER_17_341,VSS,Metal1,171.1260,82.6990,0.000226
FILLER_17_330,VSS,Metal1,164.4000,83.1600,0.000265
FILLER_17_326,VSS,Metal1,163.1880,82.7830,0.000420
FILLER_17_319,VSS,Metal1,160.5660,82.6990,0.000426
FILLER_17_312,VSS,Metal1,157.2060,82.6990,0.000489
FILLER_17_305,VSS,Metal1,153.8460,82.6990,0.000551
FILLER_17_267,VSS,Metal1,134.1600,83.1600,0.000816
FILLER_17_260,VSS,Metal1,132.2460,82.6990,0.000816
FILLER_17_236,VSS,Metal1,120.7260,82.6990,0.000636
FILLER_17_229,VSS,Metal1,117.3660,82.6990,0.000633
FILLER_17_222,VSS,Metal1,114.0060,82.6990,0.000431
FILLER_17_215,VSS,Metal1,110.6460,82.6990,0.000429
FILLER_17_208,VSS,Metal1,107.2860,82.6990,0.000428
FILLER_17_188,VSS,Metal1,96.2400,83.1600,0.000093
FILLER_17_186,VSS,Metal1,95.5200,83.1600,0.000103
FILLER_17_179,VSS,Metal1,93.3660,82.6990,0.000103
FILLER_17_172,VSS,Metal1,90.0060,82.6990,0.000103
FILLER_17_165,VSS,Metal1,86.6460,82.6990,0.000103
FILLER_17_158,VSS,Metal1,83.2860,82.6990,0.000118
FILLER_17_144,VSS,Metal1,75.1200,83.1600,0.000323
FILLER_17_142,VSS,Metal1,74.4000,83.1600,0.000324
FILLER_17_135,VSS,Metal1,72.2460,82.6990,0.000325
FILLER_17_106,VSS,Metal1,57.1200,83.1600,0.000312
FILLER_17_102,VSS,Metal1,55.6680,82.7830,0.000312
FILLER_17_95,VSS,Metal1,53.0460,82.6990,0.000243
FILLER_17_88,VSS,Metal1,49.6860,82.6990,0.000228
FILLER_17_81,VSS,Metal1,46.3260,82.6990,0.000217
FILLER_17_74,VSS,Metal1,42.9660,82.6990,0.000216
FILLER_17_61,VSS,Metal1,35.2800,83.1600,0.000141
FILLER_17_38,VSS,Metal1,24.2400,83.1600,0.000458
FILLER_17_34,VSS,Metal1,23.0280,82.7830,0.000458
FILLER_17_0,VSS,Metal1,6.7080,82.7830,0.000710
FILLER_16_619,VSS,Metal1,303.3600,75.6000,0.000815
FILLER_16_612,VSS,Metal1,301.2060,76.0600,0.000791
FILLER_16_605,VSS,Metal1,297.8460,76.0600,0.000706
FILLER_16_598,VSS,Metal1,294.4860,76.0600,0.000621
FILLER_16_591,VSS,Metal1,291.1260,76.0600,0.000594
FILLER_16_584,VSS,Metal1,287.7660,76.0600,0.000566
FILLER_16_577,VSS,Metal1,284.4060,76.0600,0.000504
FILLER_16_560,VSS,Metal1,274.8000,75.6000,0.000337
FILLER_16_558,VSS,Metal1,274.0800,75.6000,0.000293
FILLER_16_548,VSS,Metal1,269.0400,75.6000,0.000291
FILLER_16_546,VSS,Metal1,268.3200,75.6000,0.000263
FILLER_16_526,VSS,Metal1,258.7200,75.6000,0.000196
FILLER_16_522,VSS,Metal1,257.2680,75.9760,0.000174
FILLER_16_518,VSS,Metal1,254.6400,75.6000,0.000102
FILLER_16_516,VSS,Metal1,253.9200,75.6000,0.000102
FILLER_16_509,VSS,Metal1,250.3200,75.6000,0.000051
FILLER_16_502,VSS,Metal1,248.4060,76.0600,0.000051
FILLER_16_495,VSS,Metal1,245.0460,76.0600,0.000075
FILLER_16_488,VSS,Metal1,241.6860,76.0600,0.000098
FILLER_16_481,VSS,Metal1,238.3260,76.0600,0.000105
FILLER_16_475,VSS,Metal1,234.0000,75.6000,0.000109
FILLER_16_471,VSS,Metal1,232.7880,75.9760,0.000109
FILLER_16_464,VSS,Metal1,230.1660,76.0600,0.000108
FILLER_16_457,VSS,Metal1,226.8060,76.0600,0.000105
FILLER_16_450,VSS,Metal1,223.4460,76.0600,0.000104
FILLER_16_443,VSS,Metal1,220.0860,76.0600,0.000101
FILLER_16_430,VSS,Metal1,213.8460,76.0600,0.000096
FILLER_16_423,VSS,Metal1,210.4860,76.0600,0.000092
FILLER_16_416,VSS,Metal1,207.1260,76.0600,0.000089
FILLER_16_409,VSS,Metal1,203.7660,76.0600,0.000085
FILLER_16_402,VSS,Metal1,199.2000,75.6000,0.000055
FILLER_16_395,VSS,Metal1,197.0460,76.0600,0.000051
FILLER_16_388,VSS,Metal1,193.6860,76.0600,0.000048
FILLER_16_382,VSS,Metal1,189.3600,75.6000,0.000046
FILLER_16_375,VSS,Metal1,187.4460,76.0600,0.000046
FILLER_16_368,VSS,Metal1,184.0860,76.0600,0.000046
FILLER_16_361,VSS,Metal1,180.7260,76.0600,0.000046
FILLER_16_351,VSS,Metal1,174.4800,75.6000,0.000035
FILLER_16_344,VSS,Metal1,172.5660,76.0600,0.000051
FILLER_16_337,VSS,Metal1,169.2060,76.0600,0.000069
FILLER_16_325,VSS,Metal1,162.0000,75.6000,0.000186
FILLER_16_321,VSS,Metal1,160.7880,75.9760,0.000186
FILLER_16_314,VSS,Metal1,158.1660,76.0600,0.000204
FILLER_16_307,VSS,Metal1,154.8060,76.0600,0.000204
FILLER_16_300,VSS,Metal1,151.4460,76.0600,0.000223
FILLER_16_293,VSS,Metal1,148.0860,76.0600,0.000229
FILLER_16_286,VSS,Metal1,144.7260,76.0600,0.000257
FILLER_16_269,VSS,Metal1,135.1200,75.6000,0.000267
FILLER_16_267,VSS,Metal1,134.4000,75.6000,0.000267
FILLER_16_256,VSS,Metal1,128.8800,75.6000,0.000266
FILLER_16_246,VSS,Metal1,124.0800,75.6000,0.000265
FILLER_16_232,VSS,Metal1,118.0680,75.9760,0.000265
FILLER_16_225,VSS,Metal1,115.4460,76.0600,0.000265
FILLER_16_218,VSS,Metal1,112.0860,76.0600,0.000223
FILLER_16_211,VSS,Metal1,108.7260,76.0600,0.000207
FILLER_16_204,VSS,Metal1,105.3660,76.0600,0.000192
FILLER_16_193,VSS,Metal1,100.0860,76.0600,0.000163
FILLER_16_186,VSS,Metal1,96.7260,76.0600,0.000165
FILLER_16_179,VSS,Metal1,93.3660,76.0600,0.000167
FILLER_16_147,VSS,Metal1,76.8000,75.6000,0.000560
FILLER_16_113,VSS,Metal1,60.9480,75.9760,0.000539
FILLER_16_109,VSS,Metal1,58.3200,75.6000,0.000539
FILLER_16_105,VSS,Metal1,57.1080,75.9760,0.000463
FILLER_16_98,VSS,Metal1,54.4860,76.0600,0.000462
FILLER_16_38,VSS,Metal1,24.4800,75.6000,0.000089
FILLER_16_34,VSS,Metal1,23.0280,75.9760,0.000089
FILLER_16_21,VSS,Metal1,16.7880,75.9760,0.000150
FILLER_16_7,VSS,Metal1,10.0680,75.9760,0.000153
FILLER_16_0,VSS,Metal1,7.4460,76.0600,0.000153
FILLER_15_647,VSS,Metal1,316.5600,75.6000,0.000865
FILLER_15_631,VSS,Metal1,310.3260,75.1390,0.000865
FILLER_15_627,VSS,Metal1,306.9600,75.6000,0.000865
FILLER_15_623,VSS,Metal1,305.7480,75.2230,0.000853
FILLER_15_613,VSS,Metal1,300.4800,75.6000,0.000791
FILLER_15_606,VSS,Metal1,298.3260,75.1390,0.000708
FILLER_15_599,VSS,Metal1,294.9660,75.1390,0.000623
FILLER_15_594,VSS,Metal1,291.1200,75.6000,0.000594
FILLER_15_592,VSS,Metal1,290.4000,75.6000,0.000594
FILLER_15_587,VSS,Metal1,287.7600,75.6000,0.000566
FILLER_15_583,VSS,Metal1,286.5480,75.2230,0.000566
FILLER_15_576,VSS,Metal1,283.9260,75.1390,0.000502
FILLER_15_569,VSS,Metal1,280.5660,75.1390,0.000463
FILLER_15_562,VSS,Metal1,277.2060,75.1390,0.000391
FILLER_15_557,VSS,Metal1,273.3600,75.6000,0.000293
FILLER_15_555,VSS,Metal1,272.6400,75.6000,0.000291
FILLER_15_548,VSS,Metal1,270.4860,75.1390,0.000291
FILLER_15_541,VSS,Metal1,267.1260,75.1390,0.000263
FILLER_15_534,VSS,Metal1,263.7660,75.1390,0.000234
FILLER_15_527,VSS,Metal1,260.4060,75.1390,0.000212
FILLER_15_520,VSS,Metal1,257.0460,75.1390,0.000174
FILLER_15_514,VSS,Metal1,252.9600,75.6000,0.000033
FILLER_15_510,VSS,Metal1,251.5080,75.2230,0.000034
FILLER_15_503,VSS,Metal1,248.8860,75.1390,0.000051
FILLER_15_496,VSS,Metal1,245.5260,75.1390,0.000074
FILLER_15_489,VSS,Metal1,242.1660,75.1390,0.000097
FILLER_15_468,VSS,Metal1,230.8800,75.6000,0.000108
FILLER_15_464,VSS,Metal1,229.4280,75.2230,0.000108
FILLER_15_454,VSS,Metal1,224.1600,75.6000,0.000104
FILLER_15_450,VSS,Metal1,222.7080,75.2230,0.000104
FILLER_15_443,VSS,Metal1,220.0860,75.1390,0.000101
FILLER_15_436,VSS,Metal1,216.7260,75.1390,0.000099
FILLER_15_429,VSS,Metal1,213.3660,75.1390,0.000096
FILLER_15_422,VSS,Metal1,210.0060,75.1390,0.000092
FILLER_15_415,VSS,Metal1,206.6460,75.1390,0.000089
FILLER_15_408,VSS,Metal1,203.2860,75.1390,0.000085
FILLER_15_401,VSS,Metal1,199.9260,75.1390,0.000055
FILLER_15_394,VSS,Metal1,196.5660,75.1390,0.000051
FILLER_15_387,VSS,Metal1,193.2060,75.1390,0.000048
FILLER_15_380,VSS,Metal1,189.8460,75.1390,0.000046
FILLER_15_373,VSS,Metal1,186.4860,75.1390,0.000046
FILLER_15_366,VSS,Metal1,183.1260,75.1390,0.000046
FILLER_15_355,VSS,Metal1,176.4000,75.6000,0.000031
FILLER_15_351,VSS,Metal1,175.1880,75.2230,0.000035
FILLER_15_344,VSS,Metal1,172.5660,75.1390,0.000051
FILLER_15_337,VSS,Metal1,169.2060,75.1390,0.000069
FILLER_15_330,VSS,Metal1,165.8460,75.1390,0.000186
FILLER_15_323,VSS,Metal1,162.4860,75.1390,0.000186
FILLER_15_308,VSS,Metal1,154.5480,75.2230,0.000204
FILLER_15_301,VSS,Metal1,151.9260,75.1390,0.000222
FILLER_15_293,VSS,Metal1,147.3480,75.2230,0.000229
FILLER_15_286,VSS,Metal1,144.7260,75.1390,0.000257
FILLER_15_279,VSS,Metal1,141.3660,75.1390,0.000262
FILLER_15_273,VSS,Metal1,137.2800,75.6000,0.000267
FILLER_15_269,VSS,Metal1,135.8280,75.2230,0.000267
FILLER_15_253,VSS,Metal1,128.1480,75.2230,0.000266
FILLER_15_218,VSS,Metal1,110.8800,75.6000,0.000223
FILLER_15_211,VSS,Metal1,108.7260,75.1390,0.000207
FILLER_15_204,VSS,Metal1,105.3660,75.1390,0.000192
FILLER_15_197,VSS,Metal1,102.0060,75.1390,0.000163
FILLER_15_190,VSS,Metal1,98.6460,75.1390,0.000165
FILLER_15_183,VSS,Metal1,95.2860,75.1390,0.000167
FILLER_15_176,VSS,Metal1,91.9260,75.1390,0.000170
FILLER_15_160,VSS,Metal1,84.2460,75.1390,0.000170
FILLER_15_146,VSS,Metal1,76.7880,75.2230,0.000560
FILLER_15_136,VSS,Metal1,71.2800,75.6000,0.000573
FILLER_15_132,VSS,Metal1,70.0680,75.2230,0.000573
FILLER_15_120,VSS,Metal1,63.8400,75.6000,0.000557
FILLER_15_116,VSS,Metal1,62.3880,75.2230,0.000556
FILLER_15_109,VSS,Metal1,59.7660,75.1390,0.000539
FILLER_15_102,VSS,Metal1,56.4060,75.1390,0.000462
FILLER_15_92,VSS,Metal1,50.1600,75.6000,0.000373
FILLER_15_90,VSS,Metal1,49.4400,75.6000,0.000373
FILLER_15_80,VSS,Metal1,44.4000,75.6000,0.000373
FILLER_15_78,VSS,Metal1,43.6800,75.6000,0.000373
FILLER_15_74,VSS,Metal1,41.5200,75.6000,0.000373
FILLER_15_57,VSS,Metal1,34.0680,75.2230,0.000300
FILLER_15_49,VSS,Metal1,30.2280,75.2230,0.000109
FILLER_15_38,VSS,Metal1,24.4800,75.6000,0.000089
FILLER_15_34,VSS,Metal1,23.0280,75.2230,0.000089
FILLER_15_23,VSS,Metal1,17.0400,75.6000,0.000150
FILLER_15_21,VSS,Metal1,16.3200,75.6000,0.000150
FILLER_15_14,VSS,Metal1,14.1660,75.1390,0.000153
FILLER_15_7,VSS,Metal1,10.8060,75.1390,0.000153
FILLER_15_0,VSS,Metal1,7.4460,75.1390,0.000153
FILLER_14_651,VSS,Metal1,318.4800,68.0400,0.001145
FILLER_14_644,VSS,Metal1,316.5660,68.5000,0.001145
FILLER_14_634,VSS,Metal1,310.3200,68.0400,0.001143
FILLER_14_632,VSS,Metal1,309.6000,68.0400,0.001143
FILLER_14_625,VSS,Metal1,307.4460,68.5000,0.001143
FILLER_14_618,VSS,Metal1,304.0860,68.5000,0.001080
FILLER_14_611,VSS,Metal1,300.7260,68.5000,0.001080
FILLER_14_604,VSS,Metal1,297.3660,68.5000,0.001030
FILLER_14_587,VSS,Metal1,288.0000,68.0400,0.000348
FILLER_14_577,VSS,Metal1,282.9600,68.0400,0.000322
FILLER_14_573,VSS,Metal1,281.7480,68.4160,0.000310
FILLER_14_566,VSS,Metal1,279.1260,68.5000,0.000282
FILLER_14_559,VSS,Metal1,275.7660,68.5000,0.000252
FILLER_14_552,VSS,Metal1,272.4060,68.5000,0.000142
FILLER_14_545,VSS,Metal1,269.0460,68.5000,0.000105
FILLER_14_538,VSS,Metal1,265.6860,68.5000,0.000105
FILLER_14_531,VSS,Metal1,262.3260,68.5000,0.000105
FILLER_14_524,VSS,Metal1,258.9660,68.5000,0.000105
FILLER_14_497,VSS,Metal1,245.2680,68.4160,0.000079
FILLER_14_490,VSS,Metal1,242.6460,68.5000,0.000079
FILLER_14_483,VSS,Metal1,239.2860,68.5000,0.000210
FILLER_14_476,VSS,Metal1,235.9260,68.5000,0.000210
FILLER_14_469,VSS,Metal1,232.5660,68.5000,0.000210
FILLER_14_462,VSS,Metal1,229.2060,68.5000,0.000213
FILLER_14_453,VSS,Metal1,223.4400,68.0400,0.000223
FILLER_14_449,VSS,Metal1,222.2280,68.4160,0.000224
FILLER_14_442,VSS,Metal1,219.6060,68.5000,0.000224
FILLER_14_437,VSS,Metal1,215.7600,68.0400,0.000224
FILLER_14_433,VSS,Metal1,214.5480,68.4160,0.000224
FILLER_14_426,VSS,Metal1,211.9260,68.5000,0.000225
FILLER_14_419,VSS,Metal1,208.5660,68.5000,0.000225
FILLER_14_412,VSS,Metal1,205.2060,68.5000,0.000225
FILLER_14_405,VSS,Metal1,201.8460,68.5000,0.000198
FILLER_14_398,VSS,Metal1,198.4860,68.5000,0.000194
FILLER_14_391,VSS,Metal1,195.1260,68.5000,0.000146
FILLER_14_384,VSS,Metal1,191.7660,68.5000,0.000133
FILLER_14_379,VSS,Metal1,187.9200,68.0400,0.000091
FILLER_14_377,VSS,Metal1,187.2000,68.0400,0.000090
FILLER_14_370,VSS,Metal1,185.0460,68.5000,0.000068
FILLER_14_359,VSS,Metal1,178.3200,68.0400,0.000056
FILLER_14_357,VSS,Metal1,177.6000,68.0400,0.000044
FILLER_14_346,VSS,Metal1,172.3200,68.0400,0.000074
FILLER_14_342,VSS,Metal1,170.8680,68.4160,0.000074
FILLER_14_335,VSS,Metal1,168.2460,68.5000,0.000074
FILLER_14_319,VSS,Metal1,160.5660,68.5000,0.000230
FILLER_14_312,VSS,Metal1,157.2060,68.5000,0.000279
FILLER_14_287,VSS,Metal1,144.0000,68.0400,0.000234
FILLER_14_283,VSS,Metal1,142.5480,68.4160,0.000234
FILLER_14_270,VSS,Metal1,135.6000,68.0400,0.000221
FILLER_14_266,VSS,Metal1,134.3880,68.4160,0.000221
FILLER_14_259,VSS,Metal1,130.5600,68.0400,0.000221
FILLER_14_249,VSS,Metal1,126.9660,68.5000,0.000177
FILLER_14_190,VSS,Metal1,97.4400,68.0400,0.000177
FILLER_14_177,VSS,Metal1,90.9600,68.0400,0.000186
FILLER_14_175,VSS,Metal1,90.2400,68.0400,0.000186
FILLER_14_168,VSS,Metal1,88.0860,68.5000,0.000186
FILLER_14_161,VSS,Metal1,84.7260,68.5000,0.000186
FILLER_14_154,VSS,Metal1,81.3660,68.5000,0.000189
FILLER_14_147,VSS,Metal1,78.0060,68.5000,0.000205
FILLER_14_140,VSS,Metal1,74.6460,68.5000,0.000205
FILLER_14_133,VSS,Metal1,71.2860,68.5000,0.000206
FILLER_14_126,VSS,Metal1,67.9260,68.5000,0.000206
FILLER_14_119,VSS,Metal1,64.5660,68.5000,0.000207
FILLER_14_109,VSS,Metal1,58.3200,68.0400,0.000207
FILLER_14_104,VSS,Metal1,55.9200,68.0400,0.000207
FILLER_14_100,VSS,Metal1,54.7080,68.4160,0.000207
FILLER_14_93,VSS,Metal1,52.0860,68.5000,0.000205
FILLER_14_80,VSS,Metal1,45.1080,68.4160,0.000161
FILLER_14_73,VSS,Metal1,42.4860,68.5000,0.000088
FILLER_14_66,VSS,Metal1,39.1260,68.5000,0.000080
FILLER_14_59,VSS,Metal1,35.7660,68.5000,0.000072
FILLER_14_52,VSS,Metal1,32.4060,68.5000,0.000056
FILLER_14_20,VSS,Metal1,15.8400,68.0400,0.000061
FILLER_14_9,VSS,Metal1,10.3200,68.0400,0.000061
FILLER_14_7,VSS,Metal1,9.6000,68.0400,0.000061
FILLER_14_0,VSS,Metal1,7.4460,68.5000,0.000061
FILLER_13_609,VSS,Metal1,298.5600,68.0400,0.001030
FILLER_13_602,VSS,Metal1,296.4060,67.5790,0.001030
FILLER_13_595,VSS,Metal1,293.0460,67.5790,0.000445
FILLER_13_581,VSS,Metal1,284.8800,68.0400,0.000325
FILLER_13_577,VSS,Metal1,283.6680,67.6630,0.000322
FILLER_13_552,VSS,Metal1,270.9600,68.0400,0.000142
FILLER_13_550,VSS,Metal1,270.2400,68.0400,0.000105
FILLER_13_543,VSS,Metal1,268.0860,67.5790,0.000105
FILLER_13_536,VSS,Metal1,264.7260,67.5790,0.000105
FILLER_13_529,VSS,Metal1,261.3660,67.5790,0.000105
FILLER_13_522,VSS,Metal1,258.0060,67.5790,0.000105
FILLER_13_499,VSS,Metal1,245.5200,68.0400,0.000079
FILLER_13_495,VSS,Metal1,244.3080,67.6630,0.000079
FILLER_13_488,VSS,Metal1,240.2400,68.0400,0.000210
FILLER_13_481,VSS,Metal1,238.3260,67.5790,0.000210
FILLER_13_474,VSS,Metal1,234.9660,67.5790,0.000210
FILLER_13_458,VSS,Metal1,225.8400,68.0400,0.000223
FILLER_13_451,VSS,Metal1,222.7200,68.0400,0.000224
FILLER_13_447,VSS,Metal1,221.2680,67.6630,0.000224
FILLER_13_430,VSS,Metal1,212.4000,68.0400,0.000225
FILLER_13_428,VSS,Metal1,211.6800,68.0400,0.000225
FILLER_13_421,VSS,Metal1,208.3200,68.0400,0.000225
FILLER_13_417,VSS,Metal1,206.8680,67.6630,0.000225
FILLER_13_402,VSS,Metal1,199.6680,67.6630,0.000194
FILLER_13_396,VSS,Metal1,196.0800,68.0400,0.000146
FILLER_13_394,VSS,Metal1,195.3600,68.0400,0.000146
FILLER_13_372,VSS,Metal1,185.2680,67.6630,0.000068
FILLER_13_365,VSS,Metal1,182.6460,67.5790,0.000068
FILLER_13_358,VSS,Metal1,179.2860,67.5790,0.000056
FILLER_13_351,VSS,Metal1,174.7200,68.0400,0.000074
FILLER_13_330,VSS,Metal1,164.4000,68.0400,0.000143
FILLER_13_281,VSS,Metal1,141.1200,68.0400,0.000222
FILLER_13_253,VSS,Metal1,127.4400,68.0400,0.000177
FILLER_13_226,VSS,Metal1,114.7200,68.0400,0.000172
FILLER_13_219,VSS,Metal1,112.5660,67.5790,0.000172
FILLER_13_155,VSS,Metal1,80.4000,68.0400,0.000189
FILLER_13_153,VSS,Metal1,79.6800,68.0400,0.000196
FILLER_13_143,VSS,Metal1,74.6400,68.0400,0.000205
FILLER_13_136,VSS,Metal1,72.7260,67.5790,0.000205
FILLER_13_129,VSS,Metal1,69.3660,67.5790,0.000206
FILLER_13_122,VSS,Metal1,66.0060,67.5790,0.000206
FILLER_13_91,VSS,Metal1,49.6800,68.0400,0.000194
FILLER_13_87,VSS,Metal1,48.4680,67.6630,0.000190
FILLER_13_80,VSS,Metal1,45.8460,67.5790,0.000161
FILLER_13_73,VSS,Metal1,42.4860,67.5790,0.000088
FILLER_13_66,VSS,Metal1,39.1260,67.5790,0.000080
FILLER_13_59,VSS,Metal1,35.7660,67.5790,0.000072
FILLER_13_54,VSS,Metal1,31.9200,68.0400,0.000056
FILLER_13_47,VSS,Metal1,30.0060,67.5790,0.000056
FILLER_13_40,VSS,Metal1,26.6460,67.5790,0.000040
FILLER_13_33,VSS,Metal1,23.2860,67.5790,0.000056
FILLER_13_4,VSS,Metal1,8.1600,68.0400,0.000061
FILLER_13_0,VSS,Metal1,6.7080,67.6630,0.000061
FILLER_12_651,VSS,Metal1,318.4800,60.4800,0.000299
FILLER_12_647,VSS,Metal1,317.2680,60.8560,0.000299
FILLER_12_640,VSS,Metal1,314.6460,60.9400,0.000299
FILLER_12_633,VSS,Metal1,311.2860,60.9400,0.000299
FILLER_12_626,VSS,Metal1,307.1880,60.8560,0.000299
FILLER_12_621,VSS,Metal1,304.3200,60.4800,0.000299
FILLER_12_609,VSS,Metal1,298.5600,60.4800,0.000292
FILLER_12_602,VSS,Metal1,296.4060,60.9400,0.000292
FILLER_12_589,VSS,Metal1,288.7200,60.4800,0.000253
FILLER_12_587,VSS,Metal1,288.0000,60.4800,0.000253
FILLER_12_580,VSS,Metal1,284.6400,60.4800,0.000246
FILLER_12_576,VSS,Metal1,283.1880,60.8560,0.000242
FILLER_12_569,VSS,Metal1,280.5660,60.9400,0.000242
FILLER_12_534,VSS,Metal1,262.5600,60.4800,0.000085
FILLER_12_529,VSS,Metal1,259.9200,60.4800,0.000076
FILLER_12_527,VSS,Metal1,259.2000,60.4800,0.000076
FILLER_12_520,VSS,Metal1,257.0460,60.9400,0.000064
FILLER_12_490,VSS,Metal1,241.9080,60.8560,0.000087
FILLER_12_483,VSS,Metal1,239.2860,60.9400,0.000087
FILLER_12_471,VSS,Metal1,232.7880,60.8560,0.000097
FILLER_12_462,VSS,Metal1,227.7600,60.4800,0.000273
FILLER_12_458,VSS,Metal1,226.5480,60.8560,0.000274
FILLER_12_451,VSS,Metal1,223.9260,60.9400,0.000373
FILLER_12_444,VSS,Metal1,220.5660,60.9400,0.000374
FILLER_12_438,VSS,Metal1,216.2400,60.4800,0.000404
FILLER_12_434,VSS,Metal1,215.0280,60.8560,0.000404
FILLER_12_427,VSS,Metal1,212.4060,60.9400,0.000418
FILLER_12_418,VSS,Metal1,206.6400,60.4800,0.000615
FILLER_12_414,VSS,Metal1,205.4280,60.8560,0.000616
FILLER_12_402,VSS,Metal1,199.2000,60.4800,0.000612
FILLER_12_398,VSS,Metal1,197.7480,60.8560,0.000612
FILLER_12_393,VSS,Metal1,194.6400,60.4800,0.000598
FILLER_12_386,VSS,Metal1,192.7260,60.9400,0.000592
FILLER_12_380,VSS,Metal1,188.4000,60.4800,0.000186
FILLER_12_376,VSS,Metal1,187.1880,60.8560,0.000064
FILLER_12_369,VSS,Metal1,184.5660,60.9400,0.000063
FILLER_12_362,VSS,Metal1,181.2060,60.9400,0.000062
FILLER_12_350,VSS,Metal1,174.0000,60.4800,0.000042
FILLER_12_348,VSS,Metal1,173.2800,60.4800,0.000042
FILLER_12_317,VSS,Metal1,158.1600,60.4800,0.000065
FILLER_12_310,VSS,Metal1,156.2460,60.9400,0.000069
FILLER_12_303,VSS,Metal1,151.4400,60.4800,0.000181
FILLER_12_299,VSS,Metal1,150.2280,60.8560,0.000235
FILLER_12_292,VSS,Metal1,146.8680,60.8560,0.000298
FILLER_12_285,VSS,Metal1,144.2460,60.9400,0.000298
FILLER_12_269,VSS,Metal1,135.1200,60.4800,0.000303
FILLER_12_265,VSS,Metal1,133.9080,60.8560,0.000307
FILLER_12_254,VSS,Metal1,127.9200,60.4800,0.000308
FILLER_12_233,VSS,Metal1,118.0800,60.4800,0.000267
FILLER_12_226,VSS,Metal1,115.9260,60.9400,0.000169
FILLER_12_219,VSS,Metal1,112.5660,60.9400,0.000168
FILLER_12_212,VSS,Metal1,109.2060,60.9400,0.000136
FILLER_12_191,VSS,Metal1,97.9200,60.4800,0.000121
FILLER_12_180,VSS,Metal1,92.4000,60.4800,0.000213
FILLER_12_178,VSS,Metal1,91.6800,60.4800,0.000213
FILLER_12_164,VSS,Metal1,85.4280,60.8560,0.000354
FILLER_12_157,VSS,Metal1,82.0680,60.8560,0.000441
FILLER_12_126,VSS,Metal1,66.4800,60.4800,0.000422
FILLER_12_81,VSS,Metal1,45.1200,60.4800,0.000287
FILLER_12_77,VSS,Metal1,43.6680,60.8560,0.000266
FILLER_12_40,VSS,Metal1,26.6460,60.9400,0.000066
FILLER_12_33,VSS,Metal1,23.2860,60.9400,0.000087
FILLER_12_23,VSS,Metal1,17.0400,60.4800,0.000090
FILLER_12_16,VSS,Metal1,15.1260,60.9400,0.000090
FILLER_12_11,VSS,Metal1,11.5200,60.4800,0.000090
FILLER_12_7,VSS,Metal1,10.0680,60.8560,0.000090
FILLER_12_0,VSS,Metal1,7.4460,60.9400,0.000090
FILLER_11_651,VSS,Metal1,318.4800,60.4800,0.000299
FILLER_11_649,VSS,Metal1,317.7600,60.4800,0.000299
FILLER_11_642,VSS,Metal1,315.6060,60.0190,0.000299
FILLER_11_635,VSS,Metal1,312.2460,60.0190,0.000299
FILLER_11_628,VSS,Metal1,308.8860,60.0190,0.000299
FILLER_11_621,VSS,Metal1,305.5260,60.0190,0.000299
FILLER_11_606,VSS,Metal1,298.3260,60.0190,0.000292
FILLER_11_595,VSS,Metal1,292.3080,60.1030,0.000282
FILLER_11_590,VSS,Metal1,289.2000,60.4800,0.000253
FILLER_11_588,VSS,Metal1,288.4800,60.4800,0.000253
FILLER_11_581,VSS,Metal1,286.3260,60.0190,0.000249
FILLER_11_574,VSS,Metal1,282.9660,60.0190,0.000242
FILLER_11_568,VSS,Metal1,278.8800,60.4800,0.000239
FILLER_11_551,VSS,Metal1,271.1880,60.1030,0.000228
FILLER_11_544,VSS,Metal1,268.5660,60.0190,0.000138
FILLER_11_534,VSS,Metal1,262.3200,60.4800,0.000085
FILLER_11_522,VSS,Metal1,257.2680,60.1030,0.000064
FILLER_11_512,VSS,Metal1,252.0000,60.4800,0.000031
FILLER_11_505,VSS,Metal1,249.8460,60.0190,0.000031
FILLER_11_498,VSS,Metal1,246.4860,60.0190,0.000034
FILLER_11_492,VSS,Metal1,242.4000,60.4800,0.000087
FILLER_11_485,VSS,Metal1,240.2460,60.0190,0.000087
FILLER_11_478,VSS,Metal1,236.8860,60.0190,0.000087
FILLER_11_471,VSS,Metal1,233.5260,60.0190,0.000097
FILLER_11_458,VSS,Metal1,225.8400,60.4800,0.000274
FILLER_11_454,VSS,Metal1,224.6280,60.1030,0.000372
FILLER_11_447,VSS,Metal1,222.0060,60.0190,0.000373
FILLER_11_440,VSS,Metal1,218.6460,60.0190,0.000374
FILLER_11_433,VSS,Metal1,215.2860,60.0190,0.000404
FILLER_11_426,VSS,Metal1,210.4800,60.4800,0.000615
FILLER_11_424,VSS,Metal1,209.7600,60.4800,0.000615
FILLER_11_417,VSS,Metal1,207.6060,60.0190,0.000615
FILLER_11_410,VSS,Metal1,204.2460,60.0190,0.000616
FILLER_11_400,VSS,Metal1,199.4460,60.0190,0.000612
FILLER_11_394,VSS,Metal1,195.1200,60.4800,0.000598
FILLER_11_392,VSS,Metal1,194.4000,60.4800,0.000598
FILLER_11_382,VSS,Metal1,189.3600,60.4800,0.000186
FILLER_11_380,VSS,Metal1,188.6400,60.4800,0.000186
FILLER_11_373,VSS,Metal1,186.4860,60.0190,0.000063
FILLER_11_366,VSS,Metal1,183.1260,60.0190,0.000062
FILLER_11_359,VSS,Metal1,179.7660,60.0190,0.000061
FILLER_11_352,VSS,Metal1,176.4060,60.0190,0.000042
FILLER_11_345,VSS,Metal1,173.0460,60.0190,0.000042
FILLER_11_338,VSS,Metal1,169.6860,60.0190,0.000042
FILLER_11_331,VSS,Metal1,166.3260,60.0190,0.000042
FILLER_11_324,VSS,Metal1,162.9660,60.0190,0.000042
FILLER_11_317,VSS,Metal1,159.6060,60.0190,0.000065
FILLER_11_310,VSS,Metal1,156.2460,60.0190,0.000069
FILLER_11_303,VSS,Metal1,152.8860,60.0190,0.000181
FILLER_11_296,VSS,Metal1,149.5260,60.0190,0.000236
FILLER_11_289,VSS,Metal1,146.1660,60.0190,0.000298
FILLER_11_282,VSS,Metal1,142.8060,60.0190,0.000299
FILLER_11_275,VSS,Metal1,139.4460,60.0190,0.000302
FILLER_11_268,VSS,Metal1,136.0860,60.0190,0.000303
FILLER_11_261,VSS,Metal1,132.7260,60.0190,0.000307
FILLER_11_254,VSS,Metal1,129.3660,60.0190,0.000308
FILLER_11_249,VSS,Metal1,125.5200,60.4800,0.000302
FILLER_11_242,VSS,Metal1,122.8680,60.1030,0.000284
FILLER_11_229,VSS,Metal1,116.6280,60.1030,0.000170
FILLER_11_222,VSS,Metal1,114.0060,60.0190,0.000169
FILLER_11_218,VSS,Metal1,110.6400,60.4800,0.000136
FILLER_11_211,VSS,Metal1,108.7260,60.0190,0.000135
FILLER_11_204,VSS,Metal1,105.3660,60.0190,0.000100
FILLER_11_197,VSS,Metal1,102.0060,60.0190,0.000068
FILLER_11_187,VSS,Metal1,96.0000,60.4800,0.000168
FILLER_11_181,VSS,Metal1,92.8800,60.4800,0.000208
FILLER_11_177,VSS,Metal1,91.6680,60.1030,0.000213
FILLER_11_170,VSS,Metal1,89.0460,60.0190,0.000328
FILLER_11_163,VSS,Metal1,85.6860,60.0190,0.000354
FILLER_11_125,VSS,Metal1,66.0000,60.4800,0.000421
FILLER_11_123,VSS,Metal1,65.2800,60.4800,0.000421
FILLER_11_82,VSS,Metal1,45.6000,60.4800,0.000287
FILLER_11_75,VSS,Metal1,43.4460,60.0190,0.000266
FILLER_11_47,VSS,Metal1,29.2680,60.1030,0.000187
FILLER_11_7,VSS,Metal1,9.3600,60.4800,0.000090
FILLER_11_0,VSS,Metal1,7.4460,60.0190,0.000090
FILLER_10_651,VSS,Metal1,318.4800,52.9200,0.001249
FILLER_10_649,VSS,Metal1,317.7600,52.9200,0.001249
FILLER_10_642,VSS,Metal1,315.6060,53.3800,0.001249
FILLER_10_635,VSS,Metal1,312.2460,53.3800,0.001249
FILLER_10_628,VSS,Metal1,308.8860,53.3800,0.001249
FILLER_10_609,VSS,Metal1,298.5600,52.9200,0.001199
FILLER_10_602,VSS,Metal1,295.2000,52.9200,0.001181
FILLER_10_598,VSS,Metal1,293.7480,53.2960,0.001180
FILLER_10_592,VSS,Metal1,290.4000,52.9200,0.001137
FILLER_10_588,VSS,Metal1,288.9480,53.2960,0.001137
FILLER_10_578,VSS,Metal1,283.4400,52.9200,0.000853
FILLER_10_576,VSS,Metal1,282.7200,52.9200,0.000853
FILLER_10_569,VSS,Metal1,280.5660,53.3800,0.000852
FILLER_10_562,VSS,Metal1,277.2060,53.3800,0.000851
FILLER_10_555,VSS,Metal1,273.8460,53.3800,0.000850
FILLER_10_548,VSS,Metal1,270.4860,53.3800,0.000849
FILLER_10_541,VSS,Metal1,267.1260,53.3800,0.000848
FILLER_10_529,VSS,Metal1,261.3660,53.3800,0.000131
FILLER_10_522,VSS,Metal1,258.0060,53.3800,0.000078
FILLER_10_515,VSS,Metal1,254.6460,53.3800,0.000026
FILLER_10_493,VSS,Metal1,242.6400,52.9200,0.000132
FILLER_10_491,VSS,Metal1,241.9200,52.9200,0.000132
FILLER_10_484,VSS,Metal1,239.7660,53.3800,0.000247
FILLER_10_477,VSS,Metal1,236.4060,53.3800,0.000255
FILLER_10_470,VSS,Metal1,233.0460,53.3800,0.000279
FILLER_10_463,VSS,Metal1,229.6860,53.3800,0.000304
FILLER_10_456,VSS,Metal1,226.3260,53.3800,0.000328
FILLER_10_449,VSS,Metal1,222.9660,53.3800,0.000336
FILLER_10_442,VSS,Metal1,219.6060,53.3800,0.000336
FILLER_10_435,VSS,Metal1,216.2460,53.3800,0.000336
FILLER_10_407,VSS,Metal1,202.8060,53.3800,0.000337
FILLER_10_391,VSS,Metal1,193.6800,52.9200,0.000319
FILLER_10_389,VSS,Metal1,192.9600,52.9200,0.000297
FILLER_10_366,VSS,Metal1,183.1260,53.3800,0.000062
FILLER_10_359,VSS,Metal1,179.7660,53.3800,0.000061
FILLER_10_344,VSS,Metal1,171.1200,52.9200,0.000063
FILLER_10_342,VSS,Metal1,170.4000,52.9200,0.000063
FILLER_10_335,VSS,Metal1,168.2460,53.3800,0.000064
FILLER_10_328,VSS,Metal1,164.8860,53.3800,0.000095
FILLER_10_321,VSS,Metal1,161.5260,53.3800,0.000099
FILLER_10_314,VSS,Metal1,158.1660,53.3800,0.000190
FILLER_10_307,VSS,Metal1,154.8060,53.3800,0.000281
FILLER_10_300,VSS,Metal1,151.4460,53.3800,0.000400
FILLER_10_290,VSS,Metal1,145.2000,52.9200,0.000400
FILLER_10_286,VSS,Metal1,143.9880,53.2960,0.000400
FILLER_10_282,VSS,Metal1,141.3600,52.9200,0.000404
FILLER_10_278,VSS,Metal1,140.1480,53.2960,0.000405
FILLER_10_271,VSS,Metal1,137.5260,53.3800,0.000405
FILLER_10_243,VSS,Metal1,122.6400,52.9200,0.000481
FILLER_10_214,VSS,Metal1,108.9600,52.9200,0.000432
FILLER_10_210,VSS,Metal1,107.5080,53.2960,0.000100
FILLER_10_203,VSS,Metal1,104.8860,53.3800,0.000098
FILLER_10_196,VSS,Metal1,100.0800,52.9200,0.000153
FILLER_10_194,VSS,Metal1,99.3600,52.9200,0.000153
FILLER_10_165,VSS,Metal1,85.4400,52.9200,0.000288
FILLER_10_161,VSS,Metal1,83.9880,53.2960,0.000288
FILLER_10_150,VSS,Metal1,78.2400,52.9200,0.000287
FILLER_10_146,VSS,Metal1,76.7880,53.2960,0.000279
FILLER_10_132,VSS,Metal1,69.3600,52.9200,0.000271
FILLER_10_130,VSS,Metal1,68.6400,52.9200,0.000271
FILLER_10_123,VSS,Metal1,66.4860,53.3800,0.000271
FILLER_10_116,VSS,Metal1,63.1260,53.3800,0.000271
FILLER_10_109,VSS,Metal1,59.7660,53.3800,0.000271
FILLER_10_102,VSS,Metal1,55.2000,52.9200,0.000255
FILLER_10_95,VSS,Metal1,53.0460,53.3800,0.000255
FILLER_10_88,VSS,Metal1,49.6860,53.3800,0.000249
FILLER_10_81,VSS,Metal1,46.3260,53.3800,0.000228
FILLER_10_74,VSS,Metal1,42.9660,53.3800,0.000207
FILLER_10_67,VSS,Metal1,39.6060,53.3800,0.000186
FILLER_10_55,VSS,Metal1,33.8460,53.3800,0.000136
FILLER_10_48,VSS,Metal1,30.4860,53.3800,0.000106
FILLER_10_41,VSS,Metal1,27.1260,53.3800,0.000096
FILLER_10_4,VSS,Metal1,7.9200,52.9200,0.000137
FILLER_10_0,VSS,Metal1,6.7080,53.2960,0.000137
FILLER_9_645,VSS,Metal1,317.0460,52.4590,0.001249
FILLER_9_638,VSS,Metal1,313.6860,52.4590,0.001249
FILLER_9_631,VSS,Metal1,310.3260,52.4590,0.001249
FILLER_9_601,VSS,Metal1,294.4800,52.9200,0.001180
FILLER_9_594,VSS,Metal1,292.5660,52.4590,0.001180
FILLER_9_588,VSS,Metal1,288.2400,52.9200,0.001137
FILLER_9_586,VSS,Metal1,287.5200,52.9200,0.001123
FILLER_9_579,VSS,Metal1,285.3660,52.4590,0.000869
FILLER_9_572,VSS,Metal1,282.0060,52.4590,0.000853
FILLER_9_565,VSS,Metal1,278.6460,52.4590,0.000852
FILLER_9_558,VSS,Metal1,275.2860,52.4590,0.000851
FILLER_9_551,VSS,Metal1,271.9260,52.4590,0.000850
FILLER_9_544,VSS,Metal1,268.5660,52.4590,0.000849
FILLER_9_537,VSS,Metal1,265.2060,52.4590,0.000848
FILLER_9_530,VSS,Metal1,261.8460,52.4590,0.000132
FILLER_9_523,VSS,Metal1,258.4860,52.4590,0.000079
FILLER_9_516,VSS,Metal1,255.1260,52.4590,0.000027
FILLER_9_507,VSS,Metal1,250.0680,52.5430,0.000030
FILLER_9_483,VSS,Metal1,238.0800,52.9200,0.000250
FILLER_9_476,VSS,Metal1,235.9260,52.4590,0.000255
FILLER_9_469,VSS,Metal1,232.5660,52.4590,0.000280
FILLER_9_462,VSS,Metal1,229.2060,52.4590,0.000304
FILLER_9_452,VSS,Metal1,222.9600,52.9200,0.000336
FILLER_9_445,VSS,Metal1,221.0460,52.4590,0.000336
FILLER_9_438,VSS,Metal1,217.6860,52.4590,0.000336
FILLER_9_431,VSS,Metal1,214.3260,52.4590,0.000336
FILLER_9_406,VSS,Metal1,202.3260,52.4590,0.000336
FILLER_9_399,VSS,Metal1,198.9660,52.4590,0.000330
FILLER_9_380,VSS,Metal1,188.4000,52.9200,0.000244
FILLER_9_376,VSS,Metal1,187.1880,52.5430,0.000241
FILLER_9_369,VSS,Metal1,184.5660,52.4590,0.000064
FILLER_9_362,VSS,Metal1,181.2060,52.4590,0.000062
FILLER_9_324,VSS,Metal1,161.5200,52.9200,0.000099
FILLER_9_322,VSS,Metal1,160.8000,52.9200,0.000099
FILLER_9_315,VSS,Metal1,158.6460,52.4590,0.000188
FILLER_9_308,VSS,Metal1,155.2860,52.4590,0.000279
FILLER_9_251,VSS,Metal1,127.9260,52.4590,0.000481
FILLER_9_240,VSS,Metal1,121.2000,52.9200,0.000455
FILLER_9_236,VSS,Metal1,119.9880,52.5430,0.000455
FILLER_9_229,VSS,Metal1,117.3660,52.4590,0.000455
FILLER_9_218,VSS,Metal1,110.6400,52.9200,0.000455
FILLER_9_214,VSS,Metal1,109.4280,52.5430,0.000432
FILLER_9_207,VSS,Metal1,106.8060,52.4590,0.000098
FILLER_9_200,VSS,Metal1,103.4460,52.4590,0.000096
FILLER_9_163,VSS,Metal1,84.2400,52.9200,0.000288
FILLER_9_156,VSS,Metal1,82.3260,52.4590,0.000288
FILLER_9_149,VSS,Metal1,78.9660,52.4590,0.000287
FILLER_9_142,VSS,Metal1,75.6060,52.4590,0.000279
FILLER_9_135,VSS,Metal1,72.2460,52.4590,0.000279
FILLER_9_128,VSS,Metal1,68.8860,52.4590,0.000271
FILLER_9_121,VSS,Metal1,65.5260,52.4590,0.000271
FILLER_9_114,VSS,Metal1,62.1660,52.4590,0.000271
FILLER_9_107,VSS,Metal1,57.6000,52.9200,0.000255
FILLER_9_100,VSS,Metal1,55.4460,52.4590,0.000255
FILLER_9_89,VSS,Metal1,49.4280,52.5430,0.000249
FILLER_9_82,VSS,Metal1,46.8060,52.4590,0.000228
FILLER_9_75,VSS,Metal1,43.4460,52.4590,0.000208
FILLER_9_68,VSS,Metal1,40.0860,52.4590,0.000187
FILLER_9_61,VSS,Metal1,36.7260,52.4590,0.000166
FILLER_9_54,VSS,Metal1,33.3660,52.4590,0.000136
FILLER_9_48,VSS,Metal1,29.0400,52.9200,0.000106
FILLER_9_0,VSS,Metal1,6.7080,52.5430,0.000137
FILLER_8_643,VSS,Metal1,314.6400,45.3600,0.002706
FILLER_8_639,VSS,Metal1,313.4280,45.7360,0.002700
FILLER_8_629,VSS,Metal1,307.9200,45.3600,0.002567
FILLER_8_627,VSS,Metal1,307.2000,45.3600,0.002567
FILLER_8_620,VSS,Metal1,305.0460,45.8200,0.002524
FILLER_8_613,VSS,Metal1,301.6860,45.8200,0.002506
FILLER_8_606,VSS,Metal1,298.3260,45.8200,0.002017
FILLER_8_599,VSS,Metal1,294.9660,45.8200,0.002010
FILLER_8_592,VSS,Metal1,291.6060,45.8200,0.002010
FILLER_8_580,VSS,Metal1,284.6400,45.3600,0.001852
FILLER_8_576,VSS,Metal1,283.1880,45.7360,0.001804
FILLER_8_563,VSS,Metal1,276.9480,45.7360,0.001670
FILLER_8_557,VSS,Metal1,273.3600,45.3600,0.001589
FILLER_8_549,VSS,Metal1,269.7600,45.3600,0.000256
FILLER_8_542,VSS,Metal1,267.6060,45.8200,0.000256
FILLER_8_527,VSS,Metal1,260.4060,45.8200,0.000214
FILLER_8_520,VSS,Metal1,257.0460,45.8200,0.000176
FILLER_8_504,VSS,Metal1,247.9200,45.3600,0.000045
FILLER_8_502,VSS,Metal1,247.2000,45.3600,0.000045
FILLER_8_493,VSS,Metal1,243.3480,45.7360,0.000059
FILLER_8_486,VSS,Metal1,240.7260,45.8200,0.000073
FILLER_8_479,VSS,Metal1,237.3660,45.8200,0.000073
FILLER_8_472,VSS,Metal1,234.0060,45.8200,0.000081
FILLER_8_465,VSS,Metal1,230.6460,45.8200,0.000088
FILLER_8_436,VSS,Metal1,215.2800,45.3600,0.000214
FILLER_8_432,VSS,Metal1,214.0680,45.7360,0.000207
FILLER_8_425,VSS,Metal1,211.4460,45.8200,0.000207
FILLER_8_418,VSS,Metal1,208.0860,45.8200,0.000206
FILLER_8_411,VSS,Metal1,204.7260,45.8200,0.000206
FILLER_8_394,VSS,Metal1,195.3600,45.3600,0.000062
FILLER_8_387,VSS,Metal1,193.2060,45.8200,0.000038
FILLER_8_380,VSS,Metal1,189.8460,45.8200,0.000030
FILLER_8_373,VSS,Metal1,186.4860,45.8200,0.000030
FILLER_8_366,VSS,Metal1,183.1260,45.8200,0.000030
FILLER_8_359,VSS,Metal1,179.7660,45.8200,0.000030
FILLER_8_341,VSS,Metal1,169.9200,45.3600,0.000184
FILLER_8_337,VSS,Metal1,167.7600,45.3600,0.000184
FILLER_8_330,VSS,Metal1,165.8460,45.8200,0.000253
FILLER_8_284,VSS,Metal1,142.3200,45.3600,0.000311
FILLER_8_282,VSS,Metal1,141.6000,45.3600,0.000295
FILLER_8_275,VSS,Metal1,139.4460,45.8200,0.000289
FILLER_8_269,VSS,Metal1,135.1200,45.3600,0.000255
FILLER_8_265,VSS,Metal1,133.9080,45.7360,0.000255
FILLER_8_258,VSS,Metal1,129.8400,45.3600,0.000255
FILLER_8_256,VSS,Metal1,129.1200,45.3600,0.000255
FILLER_8_249,VSS,Metal1,126.9660,45.8200,0.000249
FILLER_8_243,VSS,Metal1,122.6400,45.3600,0.000205
FILLER_8_241,VSS,Metal1,121.9200,45.3600,0.000205
FILLER_8_225,VSS,Metal1,114.7080,45.7360,0.000181
FILLER_8_218,VSS,Metal1,112.0860,45.8200,0.000181
FILLER_8_211,VSS,Metal1,108.7260,45.8200,0.000181
FILLER_8_204,VSS,Metal1,105.3660,45.8200,0.000145
FILLER_8_181,VSS,Metal1,93.5880,45.7360,0.000082
FILLER_8_170,VSS,Metal1,87.6000,45.3600,0.000104
FILLER_8_166,VSS,Metal1,86.3880,45.7360,0.000308
FILLER_8_159,VSS,Metal1,83.7660,45.8200,0.000309
FILLER_8_141,VSS,Metal1,73.6800,45.3600,0.000407
FILLER_8_134,VSS,Metal1,71.7660,45.8200,0.000407
FILLER_8_127,VSS,Metal1,68.4060,45.8200,0.000407
FILLER_8_120,VSS,Metal1,65.0460,45.8200,0.000407
FILLER_8_108,VSS,Metal1,59.2860,45.8200,0.000414
FILLER_8_61,VSS,Metal1,35.9880,45.7360,0.000214
FILLER_8_35,VSS,Metal1,23.0400,45.3600,0.000092
FILLER_8_4,VSS,Metal1,7.9200,45.3600,0.000100
FILLER_8_0,VSS,Metal1,6.7080,45.7360,0.000100
FILLER_7_648,VSS,Metal1,317.7480,44.9830,0.002712
FILLER_7_601,VSS,Metal1,295.1880,44.9830,0.002010
FILLER_7_594,VSS,Metal1,292.5660,44.8990,0.002010
FILLER_7_587,VSS,Metal1,289.2060,44.8990,0.002010
FILLER_7_580,VSS,Metal1,285.8460,44.8990,0.001852
FILLER_7_569,VSS,Metal1,279.1200,45.3600,0.001739
FILLER_7_567,VSS,Metal1,278.4000,45.3600,0.001710
FILLER_7_560,VSS,Metal1,274.8000,45.3600,0.001639
FILLER_7_558,VSS,Metal1,274.0800,45.3600,0.001607
FILLER_7_551,VSS,Metal1,271.9260,44.8990,0.001589
FILLER_7_544,VSS,Metal1,268.5660,44.8990,0.000256
FILLER_7_525,VSS,Metal1,258.2400,45.3600,0.000176
FILLER_7_521,VSS,Metal1,256.7880,44.9830,0.000176
FILLER_7_514,VSS,Metal1,254.1660,44.8990,0.000061
FILLER_7_506,VSS,Metal1,249.1200,45.3600,0.000045
FILLER_7_502,VSS,Metal1,247.6680,44.9830,0.000045
FILLER_7_495,VSS,Metal1,245.0460,44.8990,0.000059
FILLER_7_472,VSS,Metal1,234.0060,44.8990,0.000081
FILLER_7_465,VSS,Metal1,230.6460,44.8990,0.000088
FILLER_7_444,VSS,Metal1,219.1200,45.3600,0.000214
FILLER_7_442,VSS,Metal1,218.4000,45.3600,0.000214
FILLER_7_435,VSS,Metal1,216.2460,44.8990,0.000214
FILLER_7_428,VSS,Metal1,212.8860,44.8990,0.000207
FILLER_7_421,VSS,Metal1,209.5260,44.8990,0.000207
FILLER_7_414,VSS,Metal1,206.1660,44.8990,0.000206
FILLER_7_407,VSS,Metal1,202.8060,44.8990,0.000206
FILLER_7_400,VSS,Metal1,199.4460,44.8990,0.000203
FILLER_7_393,VSS,Metal1,196.0860,44.8990,0.000062
FILLER_7_386,VSS,Metal1,191.5200,45.3600,0.000034
FILLER_7_382,VSS,Metal1,190.0680,44.9830,0.000030
FILLER_7_375,VSS,Metal1,187.4460,44.8990,0.000030
FILLER_7_368,VSS,Metal1,184.0860,44.8990,0.000030
FILLER_7_361,VSS,Metal1,180.7260,44.8990,0.000030
FILLER_7_354,VSS,Metal1,177.3660,44.8990,0.000029
FILLER_7_347,VSS,Metal1,172.8000,45.3600,0.000125
FILLER_7_343,VSS,Metal1,171.3480,44.9830,0.000139
FILLER_7_336,VSS,Metal1,168.7260,44.8990,0.000184
FILLER_7_329,VSS,Metal1,165.3660,44.8990,0.000254
FILLER_7_322,VSS,Metal1,162.0060,44.8990,0.000347
FILLER_7_312,VSS,Metal1,155.7600,45.3600,0.000347
FILLER_7_310,VSS,Metal1,155.0400,45.3600,0.000347
FILLER_7_306,VSS,Metal1,152.8800,45.3600,0.000347
FILLER_7_302,VSS,Metal1,151.6680,44.9830,0.000347
FILLER_7_277,VSS,Metal1,138.9600,45.3600,0.000289
FILLER_7_270,VSS,Metal1,137.0460,44.8990,0.000289
FILLER_7_263,VSS,Metal1,133.6860,44.8990,0.000255
FILLER_7_256,VSS,Metal1,130.3260,44.8990,0.000255
FILLER_7_249,VSS,Metal1,126.9660,44.8990,0.000249
FILLER_7_237,VSS,Metal1,119.7600,45.3600,0.000204
FILLER_7_209,VSS,Metal1,106.3200,45.3600,0.000145
FILLER_7_202,VSS,Metal1,104.4060,44.8990,0.000145
FILLER_7_179,VSS,Metal1,91.9200,45.3600,0.000102
FILLER_7_177,VSS,Metal1,91.2000,45.3600,0.000104
FILLER_7_170,VSS,Metal1,89.0460,44.8990,0.000104
FILLER_7_163,VSS,Metal1,85.6860,44.8990,0.000309
FILLER_7_147,VSS,Metal1,77.2680,44.9830,0.000347
FILLER_7_110,VSS,Metal1,60.2460,44.8990,0.000414
FILLER_7_104,VSS,Metal1,55.9200,45.3600,0.000414
FILLER_7_97,VSS,Metal1,52.5600,45.3600,0.000267
FILLER_7_95,VSS,Metal1,51.8400,45.3600,0.000258
FILLER_7_85,VSS,Metal1,46.8000,45.3600,0.000237
FILLER_7_83,VSS,Metal1,46.0800,45.3600,0.000237
FILLER_7_66,VSS,Metal1,39.1260,44.8990,0.000232
FILLER_7_59,VSS,Metal1,35.7660,44.8990,0.000214
FILLER_7_36,VSS,Metal1,23.2800,45.3600,0.000092
FILLER_7_26,VSS,Metal1,18.4800,45.3600,0.000100
FILLER_7_24,VSS,Metal1,17.7600,45.3600,0.000100
FILLER_7_7,VSS,Metal1,10.8060,44.8990,0.000100
FILLER_7_0,VSS,Metal1,7.4460,44.8990,0.000100
FILLER_6_651,VSS,Metal1,318.4800,37.8000,0.000163
FILLER_6_647,VSS,Metal1,317.2680,38.1760,0.000163
FILLER_6_640,VSS,Metal1,314.6460,38.2600,0.000163
FILLER_6_621,VSS,Metal1,304.3200,37.8000,0.000128
FILLER_6_617,VSS,Metal1,302.8680,38.1760,0.000121
FILLER_6_610,VSS,Metal1,300.2460,38.2600,0.000120
FILLER_6_603,VSS,Metal1,296.8860,38.2600,0.000117
FILLER_6_596,VSS,Metal1,293.5260,38.2600,0.000117
FILLER_6_589,VSS,Metal1,290.1660,38.2600,0.000117
FILLER_6_582,VSS,Metal1,286.8060,38.2600,0.000108
FILLER_6_575,VSS,Metal1,283.4460,38.2600,0.000096
FILLER_6_560,VSS,Metal1,274.8000,37.8000,0.000073
FILLER_6_558,VSS,Metal1,274.0800,37.8000,0.000073
FILLER_6_551,VSS,Metal1,271.9260,38.2600,0.000073
FILLER_6_544,VSS,Metal1,268.5660,38.2600,0.000072
FILLER_6_530,VSS,Metal1,260.4000,37.8000,0.000045
FILLER_6_526,VSS,Metal1,259.1880,38.1760,0.000045
FILLER_6_519,VSS,Metal1,256.5660,38.2600,0.000045
FILLER_6_512,VSS,Metal1,253.2060,38.2600,0.000032
FILLER_6_505,VSS,Metal1,249.8460,38.2600,0.000066
FILLER_6_498,VSS,Metal1,246.4860,38.2600,0.000113
FILLER_6_491,VSS,Metal1,243.1260,38.2600,0.000160
FILLER_6_478,VSS,Metal1,236.1480,38.1760,0.000195
FILLER_6_471,VSS,Metal1,233.5260,38.2600,0.000200
FILLER_6_464,VSS,Metal1,230.1660,38.2600,0.000235
FILLER_6_457,VSS,Metal1,226.8060,38.2600,0.000256
FILLER_6_451,VSS,Metal1,222.7200,37.8000,0.000306
FILLER_6_444,VSS,Metal1,220.5660,38.2600,0.000305
FILLER_6_437,VSS,Metal1,217.2060,38.2600,0.000299
FILLER_6_430,VSS,Metal1,213.8460,38.2600,0.000293
FILLER_6_419,VSS,Metal1,208.5660,38.2600,0.000285
FILLER_6_412,VSS,Metal1,205.2060,38.2600,0.000146
FILLER_6_405,VSS,Metal1,201.8460,38.2600,0.000136
FILLER_6_401,VSS,Metal1,198.4800,37.8000,0.000135
FILLER_6_399,VSS,Metal1,197.7600,37.8000,0.000135
FILLER_6_387,VSS,Metal1,192.0000,37.8000,0.000101
FILLER_6_383,VSS,Metal1,190.5480,38.1760,0.000101
FILLER_6_376,VSS,Metal1,187.9260,38.2600,0.000068
FILLER_6_369,VSS,Metal1,184.5660,38.2600,0.000064
FILLER_6_362,VSS,Metal1,181.2060,38.2600,0.000061
FILLER_6_355,VSS,Metal1,177.8460,38.2600,0.000038
FILLER_6_348,VSS,Metal1,174.4860,38.2600,0.000038
FILLER_6_342,VSS,Metal1,170.1600,37.8000,0.000110
FILLER_6_335,VSS,Metal1,168.2460,38.2600,0.000115
FILLER_6_321,VSS,Metal1,160.7880,38.1760,0.000143
FILLER_6_314,VSS,Metal1,158.1660,38.2600,0.000143
FILLER_6_307,VSS,Metal1,154.8060,38.2600,0.000147
FILLER_6_297,VSS,Metal1,149.2680,38.1760,0.000196
FILLER_6_290,VSS,Metal1,146.6460,38.2600,0.000196
FILLER_6_283,VSS,Metal1,143.2860,38.2600,0.000196
FILLER_6_265,VSS,Metal1,133.4400,37.8000,0.000193
FILLER_6_258,VSS,Metal1,131.2860,38.2600,0.000193
FILLER_6_251,VSS,Metal1,127.9260,38.2600,0.000124
FILLER_6_244,VSS,Metal1,124.5660,38.2600,0.000124
FILLER_6_228,VSS,Metal1,115.4400,37.8000,0.000081
FILLER_6_226,VSS,Metal1,114.7200,37.8000,0.000081
FILLER_6_215,VSS,Metal1,109.2000,37.8000,0.000065
FILLER_6_205,VSS,Metal1,105.8460,38.2600,0.000053
FILLER_6_198,VSS,Metal1,102.4860,38.2600,0.000036
FILLER_6_178,VSS,Metal1,91.4400,37.8000,0.000114
FILLER_6_171,VSS,Metal1,89.5260,38.2600,0.000116
FILLER_6_164,VSS,Metal1,86.1660,38.2600,0.000116
FILLER_6_159,VSS,Metal1,82.3200,37.8000,0.000120
FILLER_6_137,VSS,Metal1,72.0000,37.8000,0.000288
FILLER_6_120,VSS,Metal1,65.0460,38.2600,0.000284
FILLER_6_113,VSS,Metal1,61.6860,38.2600,0.000283
FILLER_6_106,VSS,Metal1,58.3260,38.2600,0.000283
FILLER_6_79,VSS,Metal1,43.9200,37.8000,0.000078
FILLER_6_77,VSS,Metal1,43.2000,37.8000,0.000078
FILLER_6_70,VSS,Metal1,41.0460,38.2600,0.000078
FILLER_6_63,VSS,Metal1,37.6860,38.2600,0.000075
FILLER_6_56,VSS,Metal1,34.3260,38.2600,0.000042
FILLER_6_49,VSS,Metal1,30.9660,38.2600,0.000042
FILLER_6_42,VSS,Metal1,27.6060,38.2600,0.000042
FILLER_6_35,VSS,Metal1,24.2460,38.2600,0.000042
FILLER_6_25,VSS,Metal1,18.0000,37.8000,0.000049
FILLER_6_23,VSS,Metal1,17.2800,37.8000,0.000049
FILLER_6_11,VSS,Metal1,11.5200,37.8000,0.000049
FILLER_6_7,VSS,Metal1,10.0680,38.1760,0.000049
FILLER_6_0,VSS,Metal1,7.4460,38.2600,0.000049
FILLER_5_648,VSS,Metal1,317.7480,37.4230,0.000163
FILLER_5_641,VSS,Metal1,315.1260,37.3390,0.000163
FILLER_5_634,VSS,Metal1,311.7660,37.3390,0.000163
FILLER_5_627,VSS,Metal1,308.4060,37.3390,0.000159
FILLER_5_620,VSS,Metal1,305.0460,37.3390,0.000128
FILLER_5_613,VSS,Metal1,301.6860,37.3390,0.000121
FILLER_5_592,VSS,Metal1,290.4000,37.8000,0.000117
FILLER_5_588,VSS,Metal1,288.9480,37.4230,0.000117
FILLER_5_581,VSS,Metal1,286.3260,37.3390,0.000108
FILLER_5_574,VSS,Metal1,282.9660,37.3390,0.000096
FILLER_5_566,VSS,Metal1,277.6800,37.8000,0.000083
FILLER_5_562,VSS,Metal1,276.4680,37.4230,0.000081
FILLER_5_555,VSS,Metal1,273.8460,37.3390,0.000073
FILLER_5_548,VSS,Metal1,270.4860,37.3390,0.000072
FILLER_5_541,VSS,Metal1,267.1260,37.3390,0.000071
FILLER_5_535,VSS,Metal1,262.8000,37.8000,0.000052
FILLER_5_528,VSS,Metal1,260.8860,37.3390,0.000045
FILLER_5_521,VSS,Metal1,257.5260,37.3390,0.000045
FILLER_5_511,VSS,Metal1,251.9880,37.4230,0.000032
FILLER_5_504,VSS,Metal1,249.3660,37.3390,0.000067
FILLER_5_497,VSS,Metal1,246.0060,37.3390,0.000114
FILLER_5_490,VSS,Metal1,242.6460,37.3390,0.000161
FILLER_5_483,VSS,Metal1,239.2860,37.3390,0.000176
FILLER_5_471,VSS,Metal1,233.5260,37.3390,0.000200
FILLER_5_463,VSS,Metal1,228.9480,37.4230,0.000235
FILLER_5_449,VSS,Metal1,221.5200,37.8000,0.000305
FILLER_5_445,VSS,Metal1,220.3080,37.4230,0.000305
FILLER_5_438,VSS,Metal1,217.6860,37.3390,0.000299
FILLER_5_431,VSS,Metal1,214.3260,37.3390,0.000293
FILLER_5_411,VSS,Metal1,204.7260,37.3390,0.000146
FILLER_5_404,VSS,Metal1,201.3660,37.3390,0.000135
FILLER_5_397,VSS,Metal1,198.0060,37.3390,0.000135
FILLER_5_390,VSS,Metal1,194.6460,37.3390,0.000117
FILLER_5_383,VSS,Metal1,191.2860,37.3390,0.000101
FILLER_5_376,VSS,Metal1,187.9260,37.3390,0.000068
FILLER_5_369,VSS,Metal1,184.5660,37.3390,0.000064
FILLER_5_362,VSS,Metal1,181.2060,37.3390,0.000061
FILLER_5_342,VSS,Metal1,170.4000,37.8000,0.000110
FILLER_5_325,VSS,Metal1,163.4460,37.3390,0.000129
FILLER_5_318,VSS,Metal1,160.0860,37.3390,0.000143
FILLER_5_308,VSS,Metal1,155.2860,37.3390,0.000147
FILLER_5_301,VSS,Metal1,151.9260,37.3390,0.000151
FILLER_5_294,VSS,Metal1,148.5660,37.3390,0.000196
FILLER_5_287,VSS,Metal1,145.2060,37.3390,0.000196
FILLER_5_272,VSS,Metal1,136.8000,37.8000,0.000193
FILLER_5_254,VSS,Metal1,128.6280,37.4230,0.000124
FILLER_5_247,VSS,Metal1,126.0060,37.3390,0.000124
FILLER_5_240,VSS,Metal1,122.6460,37.3390,0.000124
FILLER_5_229,VSS,Metal1,115.9200,37.8000,0.000081
FILLER_5_227,VSS,Metal1,115.2000,37.8000,0.000081
FILLER_5_220,VSS,Metal1,113.0460,37.3390,0.000072
FILLER_5_213,VSS,Metal1,109.6860,37.3390,0.000065
FILLER_5_206,VSS,Metal1,106.3260,37.3390,0.000055
FILLER_5_191,VSS,Metal1,97.6800,37.8000,0.000047
FILLER_5_187,VSS,Metal1,96.4680,37.4230,0.000047
FILLER_5_176,VSS,Metal1,90.4800,37.8000,0.000116
FILLER_5_174,VSS,Metal1,89.7600,37.8000,0.000116
FILLER_5_167,VSS,Metal1,87.6060,37.3390,0.000116
FILLER_5_160,VSS,Metal1,84.2460,37.3390,0.000116
FILLER_5_152,VSS,Metal1,79.6680,37.4230,0.000296
FILLER_5_145,VSS,Metal1,77.0460,37.3390,0.000296
FILLER_5_137,VSS,Metal1,72.0000,37.8000,0.000288
FILLER_5_130,VSS,Metal1,69.8460,37.3390,0.000285
FILLER_5_123,VSS,Metal1,66.4860,37.3390,0.000284
FILLER_5_116,VSS,Metal1,63.1260,37.3390,0.000284
FILLER_5_109,VSS,Metal1,59.7660,37.3390,0.000283
FILLER_5_102,VSS,Metal1,56.4060,37.3390,0.000283
FILLER_5_58,VSS,Metal1,34.0800,37.8000,0.000042
FILLER_5_51,VSS,Metal1,31.9260,37.3390,0.000042
FILLER_5_44,VSS,Metal1,28.5660,37.3390,0.000042
FILLER_5_37,VSS,Metal1,25.2060,37.3390,0.000042
FILLER_5_0,VSS,Metal1,7.4460,37.3390,0.000049
FILLER_4_645,VSS,Metal1,317.0460,30.7000,0.000564
FILLER_4_638,VSS,Metal1,313.6860,30.7000,0.000564
FILLER_4_631,VSS,Metal1,310.3260,30.7000,0.000564
FILLER_4_624,VSS,Metal1,306.9660,30.7000,0.000564
FILLER_4_617,VSS,Metal1,303.6060,30.7000,0.000548
FILLER_4_610,VSS,Metal1,300.2460,30.7000,0.000540
FILLER_4_604,VSS,Metal1,295.9200,30.2400,0.000465
FILLER_4_602,VSS,Metal1,295.2000,30.2400,0.000465
FILLER_4_595,VSS,Metal1,293.0460,30.7000,0.000455
FILLER_4_588,VSS,Metal1,289.6860,30.7000,0.000455
FILLER_4_581,VSS,Metal1,286.3260,30.7000,0.000455
FILLER_4_574,VSS,Metal1,282.9660,30.7000,0.000455
FILLER_4_567,VSS,Metal1,279.6060,30.7000,0.000430
FILLER_4_557,VSS,Metal1,274.0680,30.6160,0.000307
FILLER_4_550,VSS,Metal1,271.4460,30.7000,0.000307
FILLER_4_543,VSS,Metal1,268.0860,30.7000,0.000307
FILLER_4_531,VSS,Metal1,261.1200,30.2400,0.000121
FILLER_4_527,VSS,Metal1,259.6680,30.6160,0.000114
FILLER_4_520,VSS,Metal1,257.0460,30.7000,0.000061
FILLER_4_513,VSS,Metal1,253.6860,30.7000,0.000050
FILLER_4_506,VSS,Metal1,250.3260,30.7000,0.000576
FILLER_4_500,VSS,Metal1,246.0000,30.2400,0.001055
FILLER_4_496,VSS,Metal1,244.7880,30.6160,0.001062
FILLER_4_489,VSS,Metal1,242.1660,30.7000,0.001073
FILLER_4_482,VSS,Metal1,238.8060,30.7000,0.001074
FILLER_4_467,VSS,Metal1,230.1600,30.2400,0.001043
FILLER_4_463,VSS,Metal1,228.9480,30.6160,0.001016
FILLER_4_456,VSS,Metal1,226.3260,30.7000,0.001015
FILLER_4_449,VSS,Metal1,222.9660,30.7000,0.001003
FILLER_4_442,VSS,Metal1,219.6060,30.7000,0.000943
FILLER_4_434,VSS,Metal1,215.0280,30.6160,0.000731
FILLER_4_427,VSS,Metal1,211.2000,30.2400,0.000659
FILLER_4_421,VSS,Metal1,208.0800,30.2400,0.000486
FILLER_4_414,VSS,Metal1,206.1660,30.7000,0.000484
FILLER_4_402,VSS,Metal1,200.4060,30.7000,0.000440
FILLER_4_395,VSS,Metal1,195.8400,30.2400,0.000409
FILLER_4_388,VSS,Metal1,193.6860,30.7000,0.000403
FILLER_4_381,VSS,Metal1,190.3260,30.7000,0.000383
FILLER_4_371,VSS,Metal1,184.0800,30.2400,0.000341
FILLER_4_307,VSS,Metal1,153.6000,30.2400,0.000315
FILLER_4_303,VSS,Metal1,151.4400,30.2400,0.000315
FILLER_4_301,VSS,Metal1,150.7200,30.2400,0.000315
FILLER_4_288,VSS,Metal1,145.6860,30.7000,0.000454
FILLER_4_281,VSS,Metal1,141.5880,30.6160,0.000465
FILLER_4_250,VSS,Metal1,126.0000,30.2400,0.000458
FILLER_4_246,VSS,Metal1,124.7880,30.6160,0.000458
FILLER_4_239,VSS,Metal1,122.1660,30.7000,0.000306
FILLER_4_229,VSS,Metal1,115.9200,30.2400,0.000214
FILLER_4_227,VSS,Metal1,115.2000,30.2400,0.000214
FILLER_4_210,VSS,Metal1,108.2460,30.7000,0.000207
FILLER_4_203,VSS,Metal1,104.8860,30.7000,0.000109
FILLER_4_166,VSS,Metal1,87.1260,30.7000,0.000177
FILLER_4_159,VSS,Metal1,83.7660,30.7000,0.000285
FILLER_4_152,VSS,Metal1,80.4060,30.7000,0.000299
FILLER_4_145,VSS,Metal1,77.0460,30.7000,0.000335
FILLER_4_134,VSS,Metal1,70.5600,30.2400,0.000349
FILLER_4_130,VSS,Metal1,69.1080,30.6160,0.000349
FILLER_4_123,VSS,Metal1,66.4860,30.7000,0.000349
FILLER_4_116,VSS,Metal1,63.1260,30.7000,0.000350
FILLER_4_109,VSS,Metal1,59.7660,30.7000,0.000350
FILLER_4_85,VSS,Metal1,46.8000,30.2400,0.000341
FILLER_4_81,VSS,Metal1,45.5880,30.6160,0.000341
FILLER_4_69,VSS,Metal1,39.3600,30.2400,0.000279
FILLER_4_65,VSS,Metal1,37.9080,30.6160,0.000177
FILLER_4_54,VSS,Metal1,32.1600,30.2400,0.000177
FILLER_4_50,VSS,Metal1,30.7080,30.6160,0.000177
FILLER_4_39,VSS,Metal1,24.7200,30.2400,0.000057
FILLER_4_37,VSS,Metal1,24.0000,30.2400,0.000058
FILLER_4_24,VSS,Metal1,18.2280,30.6160,0.000078
FILLER_4_7,VSS,Metal1,10.8060,30.7000,0.000078
FILLER_4_0,VSS,Metal1,7.4460,30.7000,0.000078
FILLER_3_645,VSS,Metal1,317.0460,29.7790,0.000564
FILLER_3_638,VSS,Metal1,313.6860,29.7790,0.000564
FILLER_3_631,VSS,Metal1,310.3260,29.7790,0.000564
FILLER_3_624,VSS,Metal1,305.7600,30.2400,0.000564
FILLER_3_618,VSS,Metal1,302.8800,30.2400,0.000548
FILLER_3_597,VSS,Metal1,292.5600,30.2400,0.000455
FILLER_3_590,VSS,Metal1,290.6460,29.7790,0.000455
FILLER_3_583,VSS,Metal1,287.2860,29.7790,0.000455
FILLER_3_576,VSS,Metal1,283.9260,29.7790,0.000455
FILLER_3_569,VSS,Metal1,279.3600,30.2400,0.000430
FILLER_3_552,VSS,Metal1,272.4060,29.7790,0.000307
FILLER_3_545,VSS,Metal1,269.0460,29.7790,0.000307
FILLER_3_539,VSS,Metal1,264.7200,30.2400,0.000186
FILLER_3_537,VSS,Metal1,264.0000,30.2400,0.000186
FILLER_3_526,VSS,Metal1,258.7200,30.2400,0.000094
FILLER_3_522,VSS,Metal1,257.2680,29.8630,0.000061
FILLER_3_505,VSS,Metal1,248.4000,30.2400,0.001049
FILLER_3_494,VSS,Metal1,243.1200,30.2400,0.001073
FILLER_3_490,VSS,Metal1,241.9080,29.8630,0.001073
FILLER_3_466,VSS,Metal1,230.3880,29.8630,0.001043
FILLER_3_459,VSS,Metal1,227.7660,29.7790,0.001016
FILLER_3_450,VSS,Metal1,222.7080,29.8630,0.001003
FILLER_3_443,VSS,Metal1,220.0860,29.7790,0.000944
FILLER_3_438,VSS,Metal1,216.2400,30.2400,0.000760
FILLER_3_431,VSS,Metal1,213.1200,30.2400,0.000711
FILLER_3_426,VSS,Metal1,210.4800,30.2400,0.000659
FILLER_3_422,VSS,Metal1,209.2680,29.8630,0.000513
FILLER_3_415,VSS,Metal1,206.6460,29.7790,0.000486
FILLER_3_411,VSS,Metal1,203.2800,30.2400,0.000478
FILLER_3_405,VSS,Metal1,200.4000,30.2400,0.000440
FILLER_3_400,VSS,Metal1,198.0000,30.2400,0.000434
FILLER_3_396,VSS,Metal1,196.7880,29.8630,0.000434
FILLER_3_378,VSS,Metal1,188.8860,29.7790,0.000380
FILLER_3_371,VSS,Metal1,185.5260,29.7790,0.000341
FILLER_3_364,VSS,Metal1,182.1660,29.7790,0.000134
FILLER_3_355,VSS,Metal1,177.1080,29.8630,0.000116
FILLER_3_348,VSS,Metal1,174.4860,29.7790,0.000116
FILLER_3_341,VSS,Metal1,171.1260,29.7790,0.000116
FILLER_3_337,VSS,Metal1,167.7600,30.2400,0.000191
FILLER_3_333,VSS,Metal1,166.5480,29.8630,0.000201
FILLER_3_317,VSS,Metal1,159.6060,29.7790,0.000201
FILLER_3_267,VSS,Metal1,134.1600,30.2400,0.000470
FILLER_3_262,VSS,Metal1,131.7600,30.2400,0.000470
FILLER_3_255,VSS,Metal1,129.8460,29.7790,0.000470
FILLER_3_248,VSS,Metal1,126.4860,29.7790,0.000458
FILLER_3_211,VSS,Metal1,107.2800,30.2400,0.000207
FILLER_3_207,VSS,Metal1,106.0680,29.8630,0.000109
FILLER_3_200,VSS,Metal1,103.4460,29.7790,0.000107
FILLER_3_189,VSS,Metal1,96.9600,30.2400,0.000107
FILLER_3_185,VSS,Metal1,95.5080,29.8630,0.000107
FILLER_3_174,VSS,Metal1,89.5200,30.2400,0.000143
FILLER_3_170,VSS,Metal1,87.6000,30.2400,0.000177
FILLER_3_166,VSS,Metal1,86.3880,29.8630,0.000177
FILLER_3_155,VSS,Metal1,80.6400,30.2400,0.000299
FILLER_3_151,VSS,Metal1,79.1880,29.8630,0.000299
FILLER_3_137,VSS,Metal1,71.7600,30.2400,0.000349
FILLER_3_120,VSS,Metal1,63.6000,30.2400,0.000350
FILLER_3_113,VSS,Metal1,61.6860,29.7790,0.000350
FILLER_3_102,VSS,Metal1,55.2000,30.2400,0.000352
FILLER_3_75,VSS,Metal1,42.7080,29.8630,0.000298
FILLER_3_68,VSS,Metal1,40.0860,29.7790,0.000279
FILLER_3_30,VSS,Metal1,20.4000,30.2400,0.000059
FILLER_3_28,VSS,Metal1,19.6800,30.2400,0.000062
FILLER_3_21,VSS,Metal1,17.5260,29.7790,0.000078
FILLER_3_14,VSS,Metal1,14.1660,29.7790,0.000078
FILLER_3_7,VSS,Metal1,10.8060,29.7790,0.000078
FILLER_3_0,VSS,Metal1,7.4460,29.7790,0.000078
FILLER_2_651,VSS,Metal1,318.4800,22.6800,0.001099
FILLER_2_649,VSS,Metal1,317.7600,22.6800,0.001099
FILLER_2_642,VSS,Metal1,315.6060,23.1400,0.001099
FILLER_2_635,VSS,Metal1,312.2460,23.1400,0.001099
FILLER_2_616,VSS,Metal1,301.6800,22.6800,0.001058
FILLER_2_614,VSS,Metal1,300.9600,22.6800,0.001058
FILLER_2_595,VSS,Metal1,291.6000,22.6800,0.000997
FILLER_2_593,VSS,Metal1,290.8800,22.6800,0.000997
FILLER_2_586,VSS,Metal1,288.7260,23.1400,0.000997
FILLER_2_550,VSS,Metal1,270.0000,22.6800,0.000768
FILLER_2_545,VSS,Metal1,267.6000,22.6800,0.000623
FILLER_2_543,VSS,Metal1,266.8800,22.6800,0.000623
FILLER_2_532,VSS,Metal1,261.3600,22.6800,0.000345
FILLER_2_528,VSS,Metal1,260.1480,23.0560,0.000062
FILLER_2_521,VSS,Metal1,257.5260,23.1400,0.000061
FILLER_2_514,VSS,Metal1,254.1660,23.1400,0.000058
FILLER_2_488,VSS,Metal1,240.2400,22.6800,0.000175
FILLER_2_480,VSS,Metal1,237.1080,23.0560,0.000175
FILLER_2_473,VSS,Metal1,234.4860,23.1400,0.000175
FILLER_2_466,VSS,Metal1,231.1260,23.1400,0.000175
FILLER_2_461,VSS,Metal1,227.2800,22.6800,0.000200
FILLER_2_457,VSS,Metal1,226.0680,23.0560,0.000200
FILLER_2_452,VSS,Metal1,222.9600,22.6800,0.000332
FILLER_2_427,VSS,Metal1,210.9600,22.6800,0.000510
FILLER_2_414,VSS,Metal1,204.7200,22.6800,0.000570
FILLER_2_396,VSS,Metal1,196.0800,22.6800,0.000562
FILLER_2_394,VSS,Metal1,195.3600,22.6800,0.000562
FILLER_2_387,VSS,Metal1,191.7600,22.6800,0.000506
FILLER_2_380,VSS,Metal1,189.8460,23.1400,0.000485
FILLER_2_373,VSS,Metal1,186.4860,23.1400,0.000435
FILLER_2_366,VSS,Metal1,182.3880,23.0560,0.000395
FILLER_2_360,VSS,Metal1,178.8000,22.6800,0.000100
FILLER_2_358,VSS,Metal1,178.0800,22.6800,0.000100
FILLER_2_351,VSS,Metal1,175.9260,23.1400,0.000076
FILLER_2_344,VSS,Metal1,172.5660,23.1400,0.000134
FILLER_2_337,VSS,Metal1,169.2060,23.1400,0.000190
FILLER_2_330,VSS,Metal1,165.8460,23.1400,0.000441
FILLER_2_323,VSS,Metal1,161.0400,22.6800,0.000559
FILLER_2_206,VSS,Metal1,105.1200,22.6800,0.000314
FILLER_2_168,VSS,Metal1,86.8800,22.6800,0.000239
FILLER_2_86,VSS,Metal1,47.2800,22.6800,0.000181
FILLER_2_58,VSS,Metal1,33.8400,22.6800,0.000138
FILLER_2_24,VSS,Metal1,18.2280,23.0560,0.000139
FILLER_2_17,VSS,Metal1,15.6060,23.1400,0.000168
FILLER_2_11,VSS,Metal1,11.5200,22.6800,0.000176
FILLER_2_7,VSS,Metal1,10.0680,23.0560,0.000176
FILLER_2_0,VSS,Metal1,7.4460,23.1400,0.000176
FILLER_1_645,VSS,Metal1,317.0460,22.2190,0.001099
FILLER_1_638,VSS,Metal1,313.6860,22.2190,0.001099
FILLER_1_631,VSS,Metal1,310.3260,22.2190,0.001099
FILLER_1_618,VSS,Metal1,303.3480,22.3030,0.001066
FILLER_1_611,VSS,Metal1,300.7260,22.2190,0.001058
FILLER_1_604,VSS,Metal1,297.3660,22.2190,0.001056
FILLER_1_597,VSS,Metal1,294.0060,22.2190,0.001006
FILLER_1_590,VSS,Metal1,290.6460,22.2190,0.000997
FILLER_1_583,VSS,Metal1,287.2860,22.2190,0.000996
FILLER_1_576,VSS,Metal1,283.9260,22.2190,0.000986
FILLER_1_565,VSS,Metal1,277.2000,22.6800,0.000844
FILLER_1_553,VSS,Metal1,272.8860,22.2190,0.000811
FILLER_1_546,VSS,Metal1,269.5260,22.2190,0.000768
FILLER_1_539,VSS,Metal1,266.1660,22.2190,0.000623
FILLER_1_532,VSS,Metal1,262.8060,22.2190,0.000345
FILLER_1_525,VSS,Metal1,259.4460,22.2190,0.000061
FILLER_1_518,VSS,Metal1,256.0860,22.2190,0.000058
FILLER_1_511,VSS,Metal1,252.7260,22.2190,0.000056
FILLER_1_505,VSS,Metal1,248.4000,22.6800,0.000093
FILLER_1_496,VSS,Metal1,244.0800,22.6800,0.000126
FILLER_1_489,VSS,Metal1,242.1660,22.2190,0.000129
FILLER_1_482,VSS,Metal1,238.8060,22.2190,0.000175
FILLER_1_475,VSS,Metal1,235.4460,22.2190,0.000175
FILLER_1_468,VSS,Metal1,232.0860,22.2190,0.000175
FILLER_1_445,VSS,Metal1,219.8400,22.6800,0.000363
FILLER_1_409,VSS,Metal1,202.5600,22.6800,0.000571
FILLER_1_394,VSS,Metal1,195.1200,22.6800,0.000562
FILLER_1_385,VSS,Metal1,191.0400,22.6800,0.000485
FILLER_1_381,VSS,Metal1,189.5880,22.3030,0.000485
FILLER_1_376,VSS,Metal1,186.7200,22.6800,0.000435
FILLER_1_366,VSS,Metal1,181.6800,22.6800,0.000395
FILLER_1_357,VSS,Metal1,177.6000,22.6800,0.000100
FILLER_1_337,VSS,Metal1,168.4680,22.3030,0.000190
FILLER_1_332,VSS,Metal1,165.6000,22.6800,0.000441
FILLER_1_319,VSS,Metal1,159.1200,22.6800,0.000582
FILLER_1_317,VSS,Metal1,158.4000,22.6800,0.000582
FILLER_1_250,VSS,Metal1,126.0000,22.6800,0.000508
FILLER_1_210,VSS,Metal1,106.8000,22.6800,0.000483
FILLER_1_208,VSS,Metal1,106.0800,22.6800,0.000314
FILLER_1_164,VSS,Metal1,84.7200,22.6800,0.000266
FILLER_1_157,VSS,Metal1,82.8060,22.2190,0.000266
FILLER_1_150,VSS,Metal1,79.4460,22.2190,0.000267
FILLER_1_122,VSS,Metal1,64.5600,22.6800,0.000285
FILLER_1_120,VSS,Metal1,63.8400,22.6800,0.000285
FILLER_1_113,VSS,Metal1,61.6860,22.2190,0.000285
FILLER_1_79,VSS,Metal1,44.6280,22.3030,0.000181
FILLER_1_67,VSS,Metal1,38.4000,22.6800,0.000181
FILLER_1_63,VSS,Metal1,36.9480,22.3030,0.000181
FILLER_1_56,VSS,Metal1,33.5880,22.3030,0.000138
FILLER_1_37,VSS,Metal1,25.2060,22.2190,0.000079
FILLER_1_30,VSS,Metal1,21.8460,22.2190,0.000125
FILLER_1_23,VSS,Metal1,18.4860,22.2190,0.000139
FILLER_1_16,VSS,Metal1,15.1260,22.2190,0.000169
FILLER_1_11,VSS,Metal1,11.2800,22.6800,0.000176
FILLER_1_7,VSS,Metal1,10.0680,22.3030,0.000176
FILLER_1_0,VSS,Metal1,7.4460,22.2190,0.000176
FILLER_0_651,VSS,Metal1,318.4800,15.1200,0.000049
FILLER_0_649,VSS,Metal1,317.7600,15.1200,0.000049
FILLER_0_642,VSS,Metal1,315.6060,15.5800,0.000049
FILLER_0_635,VSS,Metal1,312.2460,15.5800,0.000049
FILLER_0_630,VSS,Metal1,308.4000,15.1200,0.000047
FILLER_0_626,VSS,Metal1,307.1880,15.4960,0.000047
FILLER_0_619,VSS,Metal1,304.5660,15.5800,0.000045
FILLER_0_612,VSS,Metal1,301.2060,15.5800,0.000044
FILLER_0_605,VSS,Metal1,297.8460,15.5800,0.000042
FILLER_0_598,VSS,Metal1,294.4860,15.5800,0.000041
FILLER_0_591,VSS,Metal1,291.1260,15.5800,0.000040
FILLER_0_584,VSS,Metal1,287.7660,15.5800,0.000038
FILLER_0_577,VSS,Metal1,284.4060,15.5800,0.000037
FILLER_0_570,VSS,Metal1,281.0460,15.5800,0.000035
FILLER_0_565,VSS,Metal1,277.2000,15.1200,0.000027
FILLER_0_563,VSS,Metal1,276.4800,15.1200,0.000027
FILLER_0_556,VSS,Metal1,274.3260,15.5800,0.000025
FILLER_0_549,VSS,Metal1,270.9660,15.5800,0.000022
FILLER_0_542,VSS,Metal1,267.6060,15.5800,0.000020
FILLER_0_535,VSS,Metal1,264.2460,15.5800,0.000017
FILLER_0_528,VSS,Metal1,260.8860,15.5800,0.000015
FILLER_0_521,VSS,Metal1,257.5260,15.5800,0.000012
FILLER_0_514,VSS,Metal1,254.1660,15.5800,0.000009
FILLER_0_507,VSS,Metal1,250.8060,15.5800,0.000013
FILLER_0_500,VSS,Metal1,247.4460,15.5800,0.000022
FILLER_0_493,VSS,Metal1,244.0860,15.5800,0.000031
FILLER_0_486,VSS,Metal1,240.7260,15.5800,0.000040
FILLER_0_479,VSS,Metal1,237.3660,15.5800,0.000048
FILLER_0_449,VSS,Metal1,221.5200,15.1200,0.000127
FILLER_0_447,VSS,Metal1,220.8000,15.1200,0.000127
FILLER_0_441,VSS,Metal1,217.9200,15.1200,0.000130
FILLER_0_431,VSS,Metal1,212.8800,15.1200,0.000130
FILLER_0_429,VSS,Metal1,212.1600,15.1200,0.000130
FILLER_0_389,VSS,Metal1,193.4280,15.4960,0.000064
FILLER_0_382,VSS,Metal1,190.8060,15.5800,0.000060
FILLER_0_375,VSS,Metal1,187.4460,15.5800,0.000055
FILLER_0_343,VSS,Metal1,170.8800,15.1200,0.000116
FILLER_0_339,VSS,Metal1,169.4280,15.4960,0.000117
FILLER_0_322,VSS,Metal1,160.5600,15.1200,0.000255
FILLER_0_320,VSS,Metal1,159.8400,15.1200,0.000255
FILLER_0_247,VSS,Metal1,124.5600,15.1200,0.000153
FILLER_0_245,VSS,Metal1,123.8400,15.1200,0.000153
FILLER_0_236,VSS,Metal1,119.2800,15.1200,0.000096
FILLER_0_229,VSS,Metal1,117.3660,15.5800,0.000088
FILLER_0_222,VSS,Metal1,114.0060,15.5800,0.000074
FILLER_0_215,VSS,Metal1,110.6460,15.5800,0.000060
FILLER_0_208,VSS,Metal1,107.2860,15.5800,0.000046
FILLER_0_201,VSS,Metal1,103.9260,15.5800,0.000031
FILLER_0_194,VSS,Metal1,100.5660,15.5800,0.000017
FILLER_0_187,VSS,Metal1,97.2060,15.5800,0.000024
FILLER_0_175,VSS,Metal1,90.0000,15.1200,0.000066
FILLER_0_171,VSS,Metal1,88.7880,15.4960,0.000066
FILLER_0_164,VSS,Metal1,86.1660,15.5800,0.000072
FILLER_0_157,VSS,Metal1,82.8060,15.5800,0.000078
FILLER_0_150,VSS,Metal1,79.4460,15.5800,0.000084
FILLER_0_140,VSS,Metal1,73.2000,15.1200,0.000097
FILLER_0_138,VSS,Metal1,72.4800,15.1200,0.000097
FILLER_0_126,VSS,Metal1,66.7200,15.1200,0.000094
FILLER_0_119,VSS,Metal1,64.5660,15.5800,0.000094
FILLER_0_112,VSS,Metal1,61.2060,15.5800,0.000093
FILLER_0_105,VSS,Metal1,57.8460,15.5800,0.000092
FILLER_0_98,VSS,Metal1,54.4860,15.5800,0.000091
FILLER_0_89,VSS,Metal1,49.4280,15.4960,0.000087
FILLER_0_78,VSS,Metal1,43.6800,15.1200,0.000067
FILLER_0_71,VSS,Metal1,41.5260,15.5800,0.000063
FILLER_0_60,VSS,Metal1,36.2460,15.5800,0.000038
FILLER_0_53,VSS,Metal1,32.8860,15.5800,0.000029
FILLER_0_46,VSS,Metal1,29.5260,15.5800,0.000020
FILLER_0_39,VSS,Metal1,26.1660,15.5800,0.000012
FILLER_0_32,VSS,Metal1,22.8060,15.5800,0.000014
FILLER_0_25,VSS,Metal1,19.4460,15.5800,0.000015
FILLER_0_18,VSS,Metal1,16.0860,15.5800,0.000017
FILLER_0_11,VSS,Metal1,12.7260,15.5800,0.000019
FILLER_0_4,VSS,Metal1,9.3660,15.5800,0.000021
hold893,VSS,Metal1,269.5610,324.8720,0.000411
hold892,VSS,Metal1,314.6810,271.9520,0.000529
hold891,VSS,Metal1,316.5180,136.2870,0.001302
hold890,VSS,Metal1,291.1610,279.5120,0.002082
hold889,VSS,Metal1,260.9210,310.1670,0.000413
hold888,VSS,Metal1,269.0810,317.7270,0.000255
hold887,VSS,Metal1,316.6010,143.4320,0.000763
hold886,VSS,Metal1,316.6010,317.3120,0.000483
hold885,VSS,Metal1,212.4410,302.1920,0.000466
hold884,VSS,Metal1,217.1580,302.6070,0.000440
hold883,VSS,Metal1,220.1210,302.1920,0.000429
hold882,VSS,Metal1,314.2010,264.8070,0.001205
hold881,VSS,Metal1,262.3610,324.8720,0.000303
hold880,VSS,Metal1,230.2010,287.4870,0.000134
hold879,VSS,Metal1,310.8410,295.0470,0.004342
hold878,VSS,Metal1,316.6010,302.6070,0.001066
hold877,VSS,Metal1,316.6010,249.2720,0.001408
hold876,VSS,Metal1,306.5210,317.3120,0.000478
hold875,VSS,Metal1,281.0810,294.6320,0.004114
hold874,VSS,Metal1,281.5610,295.0470,0.004114
hold873,VSS,Metal1,288.2810,310.1670,0.001141
hold872,VSS,Metal1,316.6010,151.4070,0.003340
hold871,VSS,Metal1,277.7210,302.1920,0.000746
hold870,VSS,Metal1,166.3610,317.3120,0.000107
hold869,VSS,Metal1,175.0010,317.3120,0.000089
hold868,VSS,Metal1,316.6010,120.7520,0.001528
hold867,VSS,Metal1,308.4410,287.0720,0.001740
hold866,VSS,Metal1,316.6010,287.0720,0.001752
hold865,VSS,Metal1,316.1210,226.5920,0.001242
hold864,VSS,Metal1,316.6010,181.6470,0.000649
hold863,VSS,Metal1,211.4810,310.1670,0.000512
hold862,VSS,Metal1,219.1610,317.3120,0.000514
hold861,VSS,Metal1,309.4010,196.7670,0.001563
hold860,VSS,Metal1,316.6010,196.7670,0.001573
hold859,VSS,Metal1,187.0010,310.1670,0.000450
hold858,VSS,Metal1,196.6010,309.7520,0.000482
hold857,VSS,Metal1,309.4010,219.4470,0.000798
hold856,VSS,Metal1,316.6010,219.4470,0.000798
hold855,VSS,Metal1,182.2010,317.3120,0.000188
hold854,VSS,Metal1,187.4810,317.3120,0.000188
hold853,VSS,Metal1,191.7180,317.7270,0.000394
hold852,VSS,Metal1,307.9610,257.2470,0.000993
hold851,VSS,Metal1,314.6810,257.2470,0.001110
hold850,VSS,Metal1,316.6010,256.8320,0.001111
hold849,VSS,Metal1,310.3610,166.5270,0.002162
hold848,VSS,Metal1,316.6010,174.0870,0.005183
hold847,VSS,Metal1,303.6410,128.7270,0.001172
hold846,VSS,Metal1,313.2410,128.3120,0.001225
hold845,VSS,Metal1,316.6010,135.8720,0.001302
hold844,VSS,Metal1,153.3180,294.6320,0.000161
hold843,VSS,Metal1,160.1210,294.6320,0.000158
hold842,VSS,Metal1,110.6810,151.4070,0.000130
hold841,VSS,Metal1,106.8410,310.1670,0.000118
hold840,VSS,Metal1,85.7210,310.1670,0.000231
hold839,VSS,Metal1,148.0380,317.3120,0.000544
hold838,VSS,Metal1,84.7610,309.7520,0.000231
hold837,VSS,Metal1,103.9610,302.6070,0.000077
hold836,VSS,Metal1,101.0810,324.8720,0.000020
hold835,VSS,Metal1,122.2010,22.4720,0.000508
hold834,VSS,Metal1,100.6010,227.0070,0.000126
hold833,VSS,Metal1,120.7610,324.8720,0.000255
hold832,VSS,Metal1,122.6810,317.3120,0.000393
hold831,VSS,Metal1,50.2010,317.7270,0.000236
hold830,VSS,Metal1,102.5210,22.8870,0.000241
hold829,VSS,Metal1,73.2410,317.7270,0.000386
hold828,VSS,Metal1,151.0010,30.0320,0.000315
hold827,VSS,Metal1,49.2410,309.7520,0.000431
hold826,VSS,Metal1,118.3610,30.4470,0.000214
hold825,VSS,Metal1,55.9610,30.4470,0.000352
hold824,VSS,Metal1,53.0810,120.7520,0.000662
hold823,VSS,Metal1,155.8010,22.4720,0.000584
hold822,VSS,Metal1,78.5210,151.4070,0.000209
hold821,VSS,Metal1,99.6410,30.0320,0.000074
hold820,VSS,Metal1,93.4010,68.2470,0.000184
hold819,VSS,Metal1,73.2410,30.4470,0.000335
hold818,VSS,Metal1,127.0010,204.3270,0.000266
hold817,VSS,Metal1,19.9610,105.6320,0.000062
hold816,VSS,Metal1,124.1210,227.0070,0.000914
hold815,VSS,Metal1,21.4010,264.8070,0.000373
hold814,VSS,Metal1,124.6010,249.6870,0.002767
hold813,VSS,Metal1,18.0410,128.7270,0.000043
hold812,VSS,Metal1,75.6410,15.3270,0.000092
hold811,VSS,Metal1,147.6410,128.3120,0.000453
hold810,VSS,Metal1,77.0810,67.8320,0.000205
hold809,VSS,Metal1,62.6810,317.7270,0.000391
hold808,VSS,Metal1,133.2410,271.9520,0.000244
hold807,VSS,Metal1,125.5610,60.6870,0.000302
hold806,VSS,Metal1,20.4410,249.6870,0.000212
hold805,VSS,Metal1,123.6410,158.5520,0.000183
hold804,VSS,Metal1,139.4810,75.8070,0.000264
hold803,VSS,Metal1,108.7610,67.8320,0.000174
hold802,VSS,Metal1,129.8810,310.1670,0.000195
hold801,VSS,Metal1,131.3210,121.1670,0.000202
hold800,VSS,Metal1,108.7610,295.0470,0.000096
hold799,VSS,Metal1,169.2410,67.8320,0.000074
hold798,VSS,Metal1,57.8810,30.0320,0.000352
hold797,VSS,Metal1,149.5610,158.5520,0.000173
hold796,VSS,Metal1,163.4810,30.0320,0.000203
hold795,VSS,Metal1,26.2010,120.7520,0.000082
hold794,VSS,Metal1,52.6010,83.3670,0.000242
hold793,VSS,Metal1,103.4810,151.4070,0.000116
hold792,VSS,Metal1,121.2410,264.3920,0.000315
hold791,VSS,Metal1,71.8010,90.5120,0.000661
hold790,VSS,Metal1,30.5210,22.4720,0.000126
hold789,VSS,Metal1,104.4410,226.5920,0.000217
hold788,VSS,Metal1,145.7210,90.9270,0.000168
hold787,VSS,Metal1,19.9610,83.3670,0.000710
hold786,VSS,Metal1,132.7610,227.0070,0.000982
hold785,VSS,Metal1,88.1210,75.3920,0.000172
hold784,VSS,Metal1,55.4810,98.0720,0.000395
hold783,VSS,Metal1,19.4810,60.6870,0.000090
hold782,VSS,Metal1,54.0410,188.7920,0.000627
hold781,VSS,Metal1,138.5210,22.4720,0.000579
hold780,VSS,Metal1,21.4010,219.0320,0.000082
hold779,VSS,Metal1,103.4810,249.6870,0.000092
hold778,VSS,Metal1,128.9210,105.6320,0.000327
hold777,VSS,Metal1,20.9210,219.4470,0.000082
hold776,VSS,Metal1,82.8410,219.4470,0.000181
hold775,VSS,Metal1,83.3210,30.0320,0.000287
hold774,VSS,Metal1,20.9210,45.1520,0.000096
hold773,VSS,Metal1,120.7610,128.7270,0.000292
hold772,VSS,Metal1,122.6810,30.0320,0.000307
hold771,VSS,Metal1,111.6410,90.5120,0.000059
hold770,VSS,Metal1,98.2010,264.3920,0.000108
hold769,VSS,Metal1,118.3610,135.8720,0.000204
hold768,VSS,Metal1,175.4810,37.5920,0.000038
hold767,VSS,Metal1,47.3210,302.1920,0.000160
hold766,VSS,Metal1,19.4810,256.8320,0.000059
hold765,VSS,Metal1,26.2010,60.2720,0.000069
hold764,VSS,Metal1,68.4410,234.5670,0.000868
hold763,VSS,Metal1,51.1610,37.5920,0.000226
hold762,VSS,Metal1,20.4410,38.0070,0.000049
hold761,VSS,Metal1,161.5610,196.7670,0.000038
hold760,VSS,Metal1,80.9210,53.1270,0.000288
hold759,VSS,Metal1,87.1610,173.6720,0.000431
hold758,VSS,Metal1,131.8010,52.7120,0.000482
hold757,VSS,Metal1,69.8810,83.3670,0.000325
hold756,VSS,Metal1,125.0810,113.6070,0.000363
hold755,VSS,Metal1,20.9210,204.3270,0.000037
hold754,VSS,Metal1,60.7610,302.1920,0.000231
hold753,VSS,Metal1,71.8010,143.8470,0.000741
hold752,VSS,Metal1,57.8810,60.2720,0.000371
hold751,VSS,Metal1,22.3610,121.1670,0.000120
hold750,VSS,Metal1,141.4010,294.6320,0.000228
hold749,VSS,Metal1,106.3610,211.4720,0.000064
hold748,VSS,Metal1,122.2010,287.4870,0.000158
hold747,VSS,Metal1,19.9610,75.8070,0.000149
hold746,VSS,Metal1,21.4010,30.4470,0.000059
hold745,VSS,Metal1,28.1210,98.0720,0.000201
hold744,VSS,Metal1,60.7610,68.2470,0.000209
hold743,VSS,Metal1,124.1210,189.2070,0.000323
hold742,VSS,Metal1,46.3610,15.3270,0.000085
hold741,VSS,Metal1,40.6010,166.1120,0.000362
hold740,VSS,Metal1,96.7610,45.5670,0.000065
hold739,VSS,Metal1,21.4010,150.9920,0.000061
hold738,VSS,Metal1,55.0010,181.2320,0.000346
hold737,VSS,Metal1,27.1610,75.3920,0.000074
hold736,VSS,Metal1,46.8410,75.3920,0.000373
hold735,VSS,Metal1,110.6810,196.7670,0.000108
hold734,VSS,Metal1,25.7210,173.6720,0.000030
hold733,VSS,Metal1,105.4010,60.6870,0.000100
hold732,VSS,Metal1,34.8410,30.4470,0.000179
hold731,VSS,Metal1,82.3610,158.9670,0.000227
hold730,VSS,Metal1,173.5610,53.1270,0.000061
hold729,VSS,Metal1,76.1210,188.7920,0.000511
hold728,VSS,Metal1,69.4010,128.7270,0.000478
hold727,VSS,Metal1,22.8410,143.4320,0.000029
hold726,VSS,Metal1,87.6410,302.1920,0.000156
hold725,VSS,Metal1,146.2010,83.3670,0.000808
hold724,VSS,Metal1,123.1610,174.0870,0.000068
hold723,VSS,Metal1,50.6810,136.2870,0.000650
hold722,VSS,Metal1,67.9610,264.8070,0.000365
hold721,VSS,Metal1,101.0810,174.0870,0.000042
hold720,VSS,Metal1,63.6410,113.6070,0.001034
hold719,VSS,Metal1,125.5610,83.3670,0.000836
hold718,VSS,Metal1,20.9210,166.1120,0.000050
hold717,VSS,Metal1,31.4810,196.7670,0.000048
hold716,VSS,Metal1,92.9210,189.2070,0.000399
hold715,VSS,Metal1,131.3210,257.2470,0.000239
hold714,VSS,Metal1,92.9210,90.5120,0.000702
hold713,VSS,Metal1,136.6010,150.9920,0.000271
hold712,VSS,Metal1,150.5210,256.8320,0.000198
hold711,VSS,Metal1,139.0010,219.0320,0.000397
hold710,VSS,Metal1,61.2410,204.3270,0.000353
hold709,VSS,Metal1,162.5210,136.2870,0.000424
hold708,VSS,Metal1,74.6810,38.0070,0.000296
hold707,VSS,Metal1,139.0010,241.7120,0.000380
hold706,VSS,Metal1,98.2010,128.7270,0.000103
hold705,VSS,Metal1,82.3610,121.1670,0.000353
hold704,VSS,Metal1,74.6810,287.0720,0.000603
hold703,VSS,Metal1,21.4010,158.9670,0.000136
hold702,VSS,Metal1,75.1610,295.0470,0.000165
hold701,VSS,Metal1,149.5610,264.3920,0.000766
hold700,VSS,Metal1,139.4810,37.5920,0.000196
hold699,VSS,Metal1,66.0410,158.9670,0.000254
hold698,VSS,Metal1,68.9210,249.2720,0.000770
hold697,VSS,Metal1,146.2010,196.7670,0.000179
hold696,VSS,Metal1,119.8010,60.2720,0.000284
hold695,VSS,Metal1,127.4810,279.5120,0.000509
hold694,VSS,Metal1,66.5210,135.8720,0.000691
hold693,VSS,Metal1,59.8010,279.5120,0.000408
hold692,VSS,Metal1,151.4810,234.1520,0.000332
hold691,VSS,Metal1,83.8010,264.8070,0.000361
hold690,VSS,Metal1,55.0010,264.3920,0.000305
hold689,VSS,Metal1,21.8810,120.7520,0.000120
hold688,VSS,Metal1,81.4010,211.4720,0.000686
hold687,VSS,Metal1,93.4010,242.1270,0.000203
hold686,VSS,Metal1,137.5610,60.6870,0.000303
hold685,VSS,Metal1,39.6410,60.2720,0.000257
hold684,VSS,Metal1,110.2010,264.8070,0.000058
hold683,VSS,Metal1,41.5610,241.7120,0.000173
hold682,VSS,Metal1,62.6810,196.3520,0.000229
hold681,VSS,Metal1,153.8810,219.0320,0.000380
hold680,VSS,Metal1,113.5610,105.6320,0.000169
hold679,VSS,Metal1,74.6810,128.3120,0.000479
hold678,VSS,Metal1,100.1210,37.5920,0.000036
hold677,VSS,Metal1,30.0410,242.1270,0.000115
hold676,VSS,Metal1,79.4810,249.2720,0.000777
hold675,VSS,Metal1,103.4810,188.7920,0.000071
hold674,VSS,Metal1,130.8410,287.4870,0.000217
hold673,VSS,Metal1,147.6410,53.1270,0.000400
hold672,VSS,Metal1,49.2410,45.1520,0.000237
hold671,VSS,Metal1,153.4010,68.2470,0.000279
hold670,VSS,Metal1,48.7610,113.6070,0.001064
hold669,VSS,Metal1,116.9210,234.1520,0.000190
hold668,VSS,Metal1,76.1210,174.0870,0.000436
hold667,VSS,Metal1,37.2410,143.4320,0.000831
hold666,VSS,Metal1,41.5610,98.0720,0.000312
hold665,VSS,Metal1,138.0410,181.2320,0.000503
hold664,VSS,Metal1,100.1210,166.5270,0.000145
hold663,VSS,Metal1,93.8810,136.2870,0.000628
hold662,VSS,Metal1,144.7610,136.2870,0.000593
hold661,VSS,Metal1,124.1210,166.1120,0.000604
hold660,VSS,Metal1,73.7210,75.3920,0.000573
hold659,VSS,Metal1,163.0010,166.5270,0.000333
hold658,VSS,Metal1,49.7210,150.9920,0.000272
hold657,VSS,Metal1,146.2010,279.5120,0.000620
hold656,VSS,Metal1,158.2010,45.1520,0.000347
hold655,VSS,Metal1,117.8810,38.0070,0.000114
hold654,VSS,Metal1,142.3610,166.1120,0.000735
hold653,VSS,Metal1,76.6010,98.0720,0.000418
hold652,VSS,Metal1,126.5210,75.8070,0.000266
hold651,VSS,Metal1,121.7210,181.2320,0.000313
hold650,VSS,Metal1,21.4010,196.7670,0.000050
hold649,VSS,Metal1,25.6380,234.5670,0.000073
hold648,VSS,Metal1,81.4010,279.9270,0.000426
hold647,VSS,Metal1,20.9210,181.6470,0.000154
hold646,VSS,Metal1,131.3210,204.3270,0.000277
hold645,VSS,Metal1,94.3610,204.3270,0.000244
hold644,VSS,Metal1,60.7610,249.6870,0.000702
hold643,VSS,Metal1,127.4810,226.5920,0.000943
hold642,VSS,Metal1,159.1610,181.6470,0.000520
hold641,VSS,Metal1,131.8010,143.4320,0.000307
hold640,VSS,Metal1,39.6410,105.6320,0.000177
hold639,VSS,Metal1,65.0810,227.0070,0.001957
hold638,VSS,Metal1,76.6010,204.3270,0.000353
hold637,VSS,Metal1,31.9610,317.3120,0.000105
hold636,VSS,Metal1,118.3610,113.6070,0.000347
hold635,VSS,Metal1,101.0810,272.3670,0.000073
hold634,VSS,Metal1,95.3210,234.5670,0.000506
hold633,VSS,Metal1,45.7980,196.3520,0.000179
hold632,VSS,Metal1,312.7610,68.2470,0.001145
hold631,VSS,Metal1,61.7210,166.5270,0.000316
hold630,VSS,Metal1,24.7610,295.0470,0.000028
hold629,VSS,Metal1,88.6010,105.6320,0.000316
hold628,VSS,Metal1,309.8810,83.3670,0.001312
hold627,VSS,Metal1,34.3610,302.1920,0.000064
hold626,VSS,Metal1,58.8410,257.2470,0.001018
hold625,VSS,Metal1,92.3580,151.4070,0.000191
hold624,VSS,Metal1,57.3180,219.4470,0.000175
hold623,VSS,Metal1,106.3610,294.6320,0.000096
hold622,VSS,Metal1,42.5210,264.3920,0.000298
hold621,VSS,Metal1,50.6810,287.4870,0.000187
hold620,VSS,Metal1,39.6410,226.5920,0.001860
hold619,VSS,Metal1,24.7610,309.7520,0.000036
hold618,VSS,Metal1,24.7610,279.5120,0.000068
hold617,VSS,Metal1,21.4010,287.4870,0.000092
hold616,VSS,Metal1,37.7210,279.5120,0.000198
hold615,VSS,Metal1,142.7580,317.7270,0.000554
hold614,VSS,Metal1,314.2010,75.3920,0.000865
hold613,VSS,Metal1,277.2410,75.8070,0.000391
rebuffer612,VSS,Metal1,169.4050,249.2670,0.001244
rebuffer611,VSS,Metal1,63.8050,249.6920,0.000724
rebuffer610,VSS,Metal1,36.9950,211.8920,0.000158
rebuffer609,VSS,Metal1,33.4230,286.9740,0.000128
rebuffer608,VSS,Metal1,239.9650,211.8920,0.000447
rebuffer606,VSS,Metal1,55.5030,295.1450,0.000211
rebuffer605,VSS,Metal1,105.6350,242.1320,0.000053
rebuffer604,VSS,Metal1,237.6350,219.4520,0.000139
rebuffer603,VSS,Metal1,241.9550,98.4920,0.000108
rebuffer602,VSS,Metal1,145.8850,294.6270,0.000229
rebuffer601,VSS,Metal1,147.8750,271.9470,0.000243
rebuffer600,VSS,Metal1,51.8750,294.6270,0.000209
rebuffer599,VSS,Metal1,29.5830,280.0250,0.000119
rebuffer598,VSS,Metal1,29.3150,279.5070,0.000125
rebuffer607,VSS,Metal1,69.1550,227.0120,0.001930
clkload16,VSS,Metal1,304.3010,280.0060,0.002517
clkload15,VSS,Metal1,233.2610,310.2460,0.000391
clkload14,VSS,Metal1,156.9400,226.4420,0.001956
clkload13,VSS,Metal1,126.6960,310.2900,0.000196
clkload12,VSS,Metal1,90.1970,279.4170,0.000367
clkload11,VSS,Metal1,32.7500,264.8470,0.000213
clkload10,VSS,Metal1,38.5100,227.0470,0.001860
clkload9,VSS,Metal1,44.6160,188.6700,0.000590
clkload8,VSS,Metal1,134.3810,128.8060,0.000402
clkload7,VSS,Metal1,40.2960,159.0900,0.000242
clkload6,VSS,Metal1,43.1570,106.1420,0.000204
clkload5,VSS,Metal1,40.4300,75.3520,0.000349
clkload4,VSS,Metal1,20.9020,53.3480,0.000093
clkload3,VSS,Metal1,47.9760,30.5700,0.000341
clkload2,VSS,Metal1,142.5360,37.4700,0.000196
clkload1,VSS,Metal1,123.3360,82.8300,0.000824
clkload0,VSS,Metal1,248.1400,60.8370,0.000033
clkbuf_2_3__f_clk,VSS,Metal1,172.0790,264.9890,0.000082
clkbuf_2_2__f_clk,VSS,Metal1,78.0000,227.1890,0.001922
clkbuf_2_1__f_clk,VSS,Metal1,73.6800,136.4690,0.000693
clkbuf_2_0__f_clk,VSS,Metal1,121.1990,67.6500,0.000177
clkbuf_0_clk,VSS,Metal1,170.1600,173.4900,0.000069
clkbuf_leaf_23_clk,VSS,Metal1,25.4820,52.6170,0.000093
clkbuf_leaf_22_clk,VSS,Metal1,51.4020,29.9370,0.000348
clkbuf_leaf_21_clk,VSS,Metal1,93.0770,53.2220,0.000217
clkbuf_leaf_20_clk,VSS,Metal1,139.2420,29.9370,0.000470
clkbuf_leaf_19_clk,VSS,Metal1,127.2420,82.8570,0.000836
clkbuf_leaf_18_clk,VSS,Metal1,142.5170,128.2170,0.000461
clkbuf_leaf_17_clk,VSS,Metal1,249.0770,67.7370,0.000077
clkbuf_leaf_16_clk,VSS,Metal1,315.7970,166.6220,0.002257
clkbuf_leaf_15_clk,VSS,Metal1,308.1170,279.4170,0.002526
clkbuf_leaf_14_clk,VSS,Metal1,237.6420,310.2620,0.000385
clkbuf_leaf_13_clk,VSS,Metal1,157.4820,227.1020,0.001956
clkbuf_leaf_12_clk,VSS,Metal1,129.5570,249.1770,0.003297
clkbuf_leaf_11_clk,VSS,Metal1,131.4770,302.7020,0.000696
clkbuf_leaf_10_clk,VSS,Metal1,89.8020,280.0220,0.000367
clkbuf_leaf_9_clk,VSS,Metal1,57.6420,309.6570,0.000433
clkbuf_leaf_8_clk,VSS,Metal1,35.0820,271.8570,0.000179
clkbuf_leaf_7_clk,VSS,Metal1,41.2370,234.0570,0.000479
clkbuf_leaf_6_clk,VSS,Metal1,48.9170,188.6970,0.000631
clkbuf_leaf_5_clk,VSS,Metal1,93.0770,211.9820,0.000408
clkbuf_leaf_4_clk,VSS,Metal1,125.7170,173.5770,0.000068
clkbuf_leaf_3_clk,VSS,Metal1,88.7570,136.3820,0.000628
clkbuf_leaf_2_clk,VSS,Metal1,40.2770,158.4570,0.000242
clkbuf_leaf_1_clk,VSS,Metal1,43.1570,113.0970,0.001054
clkbuf_leaf_0_clk,VSS,Metal1,36.5220,75.9020,0.000300
fanout597,VSS,Metal1,298.5950,257.2520,0.000920
fanout596,VSS,Metal1,300.4450,234.5720,0.000435
fanout595,VSS,Metal1,308.1950,174.0920,0.005183
fanout594,VSS,Metal1,297.6350,181.6520,0.000407
fanout592,VSS,Metal1,150.2050,158.9720,0.000173
fanout591,VSS,Metal1,62.8450,158.5470,0.000255
fanout590,VSS,Metal1,139.1650,98.4920,0.000307
fanout589,VSS,Metal1,63.3170,60.7820,0.000421
fanout588,VSS,Metal1,63.5360,60.1740,0.000421
fanout587,VSS,Metal1,92.6050,38.0120,0.000112
fanout586,VSS,Metal1,102.7550,75.8120,0.000163
fanout585,VSS,Metal1,94.5250,38.0120,0.000112
fanout584,VSS,Metal1,97.4750,82.9470,0.000058
fanout583,VSS,Metal1,62.8450,279.5070,0.000408
fanout582,VSS,Metal1,35.0750,211.8920,0.000156
fanout581,VSS,Metal1,101.2450,128.7320,0.000088
fanout580,VSS,Metal1,50.9150,158.5470,0.000254
fanout579,VSS,Metal1,28.7650,188.7870,0.000132
fanout578,VSS,Metal1,27.3250,181.6520,0.000083
fanout577,VSS,Metal1,30.6850,188.7870,0.000228
fanout576,VSS,Metal1,30.6850,211.8920,0.000077
fanout575,VSS,Metal1,25.4750,181.6520,0.000056
fanout574,VSS,Metal1,301.4750,90.5070,0.000412
fanout573,VSS,Metal1,313.4750,90.9320,0.000465
fanout572,VSS,Metal1,301.4750,98.4920,0.000526
fanout571,VSS,Metal1,306.2750,98.4920,0.000546
fanout570,VSS,Metal1,304.8350,105.6270,0.000489
fanout569,VSS,Metal1,166.5250,324.8670,0.000191
fanout568,VSS,Metal1,163.1650,317.3070,0.000133
fanout567,VSS,Metal1,255.8050,324.8670,0.000148
fanout566,VSS,Metal1,254.4350,317.3070,0.000237
fanout565,VSS,Metal1,19.7150,324.8670,0.000003
fanout564,VSS,Metal1,94.0450,317.7320,0.000204
fanout563,VSS,Metal1,128.6050,317.3070,0.000555
fanout562,VSS,Metal1,96.0350,317.7320,0.000121
fanout561,VSS,Metal1,124.3550,279.5070,0.000458
fanout560,VSS,Metal1,85.9550,279.5070,0.000399
fanout559,VSS,Metal1,20.6050,317.7320,0.000085
fanout558,VSS,Metal1,18.6850,317.7320,0.000085
fanout557,VSS,Metal1,13.4750,310.1720,0.000174
fanout556,VSS,Metal1,11.4850,272.3720,0.000100
fanout555,VSS,Metal1,14.4350,279.9320,0.000166
fanout554,VSS,Metal1,95.4850,227.0120,0.000792
fanout553,VSS,Metal1,94.1150,219.4520,0.000083
fanout552,VSS,Metal1,139.1650,196.3470,0.000201
fanout551,VSS,Metal1,95.5550,211.4670,0.000408
fanout550,VSS,Metal1,11.4850,234.5720,0.000156
fanout549,VSS,Metal1,51.3250,234.1470,0.000778
fanout548,VSS,Metal1,13.4750,234.5720,0.000155
fanout547,VSS,Metal1,65.7250,204.3320,0.000355
fanout546,VSS,Metal1,14.4350,196.3470,0.000053
fanout545,VSS,Metal1,14.8450,174.0920,0.000064
fanout544,VSS,Metal1,308.1950,158.9720,0.000462
fanout543,VSS,Metal1,163.2350,68.2520,0.000229
fanout542,VSS,Metal1,95.0050,166.5320,0.000145
fanout541,VSS,Metal1,129.0850,158.5470,0.000191
fanout540,VSS,Metal1,96.9950,166.5320,0.000146
fanout539,VSS,Metal1,92.6750,143.4270,0.000599
fanout538,VSS,Metal1,14.4350,173.6670,0.000065
fanout537,VSS,Metal1,12.5150,173.6670,0.000096
fanout536,VSS,Metal1,10.5950,173.6670,0.000097
fanout535,VSS,Metal1,53.2450,128.7320,0.000373
fanout534,VSS,Metal1,14.4350,128.7320,0.000043
fanout533,VSS,Metal1,14.4350,90.9320,0.000129
fanout532,VSS,Metal1,89.2450,98.0670,0.000356
fanout531,VSS,Metal1,88.8350,90.5070,0.000703
fanout530,VSS,Metal1,88.8350,53.1320,0.000218
fanout529,VSS,Metal1,86.9150,53.1320,0.000285
fanout528,VSS,Metal1,62.9150,98.0670,0.000405
fanout527,VSS,Metal1,12.5150,90.9320,0.000129
fanout526,VSS,Metal1,8.1250,90.5070,0.000130
fanout525,VSS,Metal1,10.5950,53.1320,0.000135
fanout524,VSS,Metal1,8.6050,52.7070,0.000137
fanout523,VSS,Metal1,301.8850,249.2670,0.001361
fanout522,VSS,Metal1,301.8850,136.2920,0.001217
fanout521,VSS,Metal1,295.2350,98.0670,0.000417
fanout520,VSS,Metal1,49.4750,68.2520,0.000193
fanout519,VSS,Metal1,57.1550,68.2520,0.000207
fanout518,VSS,Metal1,96.9950,196.7720,0.000031
fanout517,VSS,Metal1,44.1250,98.4920,0.000336
fanout516,VSS,Metal1,63.3950,173.6670,0.000411
fanout515,VSS,Metal1,39.8050,249.6920,0.000541
fanout514,VSS,Metal1,36.5150,105.6270,0.000156
fanout513,VSS,Metal1,35.0050,83.3720,0.000139
fanout512,VSS,Metal1,124.3550,226.5870,0.000914
fanout511,VSS,Metal1,125.7250,136.2920,0.000331
fanout510,VSS,Metal1,74.2230,83.4650,0.000324
fanout509,VSS,Metal1,107.0050,113.1870,0.000156
fanout508,VSS,Metal1,97.6160,189.3050,0.000154
fanout507,VSS,Metal1,73.4750,226.5870,0.001922
fanout506,VSS,Metal1,99.0560,188.6940,0.000137
fanout505,VSS,Metal1,131.0750,98.0670,0.000214
fanout504,VSS,Metal1,107.0750,106.0520,0.000087
fanout503,VSS,Metal1,102.6850,45.5720,0.000136
fanout502,VSS,Metal1,127.9830,189.3050,0.000347
fanout501,VSS,Metal1,95.6960,249.1740,0.000135
fanout500,VSS,Metal1,101.7950,45.1470,0.000106
fanout499,VSS,Metal1,81.6350,37.5870,0.000296
fanout498,VSS,Metal1,249.6350,120.7470,0.000050
fanout497,VSS,Metal1,231.8050,158.9720,0.000159
fanout496,VSS,Metal1,228.9950,106.0520,0.000739
fanout495,VSS,Metal1,253.9550,158.9720,0.000084
fanout494,VSS,Metal1,285.1550,113.6120,0.000440
fanout493,VSS,Metal1,263.0750,98.0670,0.000139
fanout492,VSS,Metal1,261.1550,98.0670,0.000139
fanout491,VSS,Metal1,288.5150,128.7320,0.000844
fanout490,VSS,Metal1,291.3950,173.6670,0.003433
fanout489,VSS,Metal1,288.0350,128.3070,0.000831
fanout488,VSS,Metal1,287.0750,204.3320,0.000717
fanout487,VSS,Metal1,278.9150,128.3070,0.000370
fanout486,VSS,Metal1,275.0750,135.8670,0.000299
fanout485,VSS,Metal1,287.0750,174.0920,0.001505
fanout484,VSS,Metal1,273.1550,135.8670,0.000285
fanout483,VSS,Metal1,204.0350,158.9720,0.000755
fanout482,VSS,Metal1,278.9150,135.8670,0.000766
fanout481,VSS,Metal1,300.9250,60.2670,0.000292
fanout480,VSS,Metal1,280.2850,174.0920,0.001377
fanout479,VSS,Metal1,304.8350,53.1320,0.001247
fanout478,VSS,Metal1,38.9150,83.3720,0.000192
fanout477,VSS,Metal1,64.7650,189.2120,0.000590
fanout476,VSS,Metal1,38.4350,82.9470,0.000184
fanout475,VSS,Metal1,34.0450,173.6670,0.000060
fanout474,VSS,Metal1,67.6450,181.6520,0.000501
fanout473,VSS,Metal1,38.3650,158.9720,0.000242
fanout472,VSS,Metal1,36.0350,113.1870,0.000938
fanout471,VSS,Metal1,30.2050,166.5320,0.000342
fanout470,VSS,Metal1,64.7650,188.7870,0.000590
fanout469,VSS,Metal1,28.3550,166.5320,0.000036
fanout468,VSS,Metal1,32.1250,75.3870,0.000109
fanout467,VSS,Metal1,34.5250,151.4120,0.000225
fanout466,VSS,Metal1,62.9150,189.2120,0.000612
fanout465,VSS,Metal1,36.9250,256.8270,0.001000
fanout464,VSS,Metal1,24.9950,158.9720,0.000066
fanout463,VSS,Metal1,25.4050,82.9470,0.000073
fanout462,VSS,Metal1,31.2350,249.6920,0.000458
fanout461,VSS,Metal1,29.7950,249.2670,0.000295
fanout460,VSS,Metal1,42.2050,158.9720,0.000242
fanout459,VSS,Metal1,31.2350,90.5070,0.000296
fanout458,VSS,Metal1,34.0450,257.2520,0.000461
fanout457,VSS,Metal1,38.8450,256.8270,0.001023
fanout456,VSS,Metal1,31.2350,256.8270,0.000445
fanout455,VSS,Metal1,26.4350,158.5470,0.000132
fanout454,VSS,Metal1,27.3250,83.3720,0.000092
fanout453,VSS,Metal1,113.2450,98.4920,0.000155
fanout452,VSS,Metal1,112.7650,106.0520,0.000169
fanout451,VSS,Metal1,115.2350,98.4920,0.000181
fanout450,VSS,Metal1,34.9240,158.3830,0.000173
fanout449,VSS,Metal1,116.6050,105.6270,0.000188
fanout448,VSS,Metal1,137.2450,188.7870,0.000378
fanout447,VSS,Metal1,110.8450,106.0520,0.000102
fanout446,VSS,Metal1,110.8450,98.0670,0.000075
fanout445,VSS,Metal1,84.9950,98.4920,0.000391
fanout444,VSS,Metal1,104.9430,189.3050,0.000086
fanout443,VSS,Metal1,101.5830,234.0540,0.000069
fanout442,VSS,Metal1,83.0750,98.4920,0.000399
fanout441,VSS,Metal1,85.8850,98.0670,0.000374
fanout440,VSS,Metal1,141.0850,181.2270,0.000513
fanout439,VSS,Metal1,100.4960,242.2250,0.000055
fanout438,VSS,Metal1,92.1950,158.5470,0.000078
fanout437,VSS,Metal1,97.4750,60.2670,0.000125
fanout436,VSS,Metal1,80.1950,90.9320,0.000693
fanout435,VSS,Metal1,107.6360,188.6230,0.000114
fanout434,VSS,Metal1,99.1830,234.0540,0.000458
fanout433,VSS,Metal1,79.7150,90.5070,0.000689
fanout432,VSS,Metal1,77.7250,90.5070,0.000681
fanout431,VSS,Metal1,246.2750,234.1470,0.000448
fanout430,VSS,Metal1,291.3950,166.1070,0.001690
fanout429,VSS,Metal1,294.7550,68.2520,0.000463
fanout428,VSS,Metal1,293.7950,60.6920,0.000288
fanout427,VSS,Metal1,273.1550,113.6120,0.000125
fanout426,VSS,Metal1,178.5950,98.0670,0.000044
fanout425,VSS,Metal1,261.6350,166.1070,0.000159
fanout424,VSS,Metal1,265.8850,128.7320,0.000277
fanout423,VSS,Metal1,263.9650,158.9720,0.000176
fanout422,VSS,Metal1,252.9250,128.3070,0.000058
fanout421,VSS,Metal1,276.9250,135.8670,0.000736
fanout420,VSS,Metal1,245.7250,166.1070,0.000172
fanout419,VSS,Metal1,158.9150,174.0920,0.000072
fanout418,VSS,Metal1,168.0350,150.9870,0.000118
fanout417,VSS,Metal1,174.2050,113.6120,0.000041
fanout416,VSS,Metal1,264.9950,128.3070,0.000247
fanout415,VSS,Metal1,252.9950,166.5320,0.000063
fanout414,VSS,Metal1,274.0450,143.8520,0.000595
fanout413,VSS,Metal1,212.6750,181.6520,0.000108
fanout412,VSS,Metal1,208.3550,272.3720,0.000853
fanout411,VSS,Metal1,201.1550,287.0670,0.000178
fanout410,VSS,Metal1,280.3550,75.8120,0.000463
fanout409,VSS,Metal1,269.3150,120.7470,0.000559
fanout408,VSS,Metal1,245.7950,302.6120,0.000110
fanout407,VSS,Metal1,266.3650,113.6120,0.000060
fanout406,VSS,Metal1,177.6350,98.4920,0.000032
fanout405,VSS,Metal1,228.5150,22.8920,0.000178
fanout404,VSS,Metal1,247.6450,287.0670,0.000106
fanout403,VSS,Metal1,192.5150,294.6270,0.000221
fanout402,VSS,Metal1,167.0750,189.2120,0.000344
fanout401,VSS,Metal1,238.5950,279.5070,0.000510
fanout400,VSS,Metal1,172.3550,234.1470,0.000084
fanout399,VSS,Metal1,218.3650,287.0670,0.000144
fanout398,VSS,Metal1,211.7150,272.3720,0.000839
fanout397,VSS,Metal1,272.6750,83.3720,0.000586
fanout396,VSS,Metal1,265.9550,121.1720,0.000546
fanout395,VSS,Metal1,283.2350,121.1720,0.000998
fanout394,VSS,Metal1,224.1950,38.0120,0.000306
fanout393,VSS,Metal1,272.1950,143.8520,0.000573
fanout392,VSS,Metal1,255.8750,158.5470,0.000115
fanout391,VSS,Metal1,260.1250,143.8520,0.000377
fanout390,VSS,Metal1,254.3650,90.9320,0.000075
fanout389,VSS,Metal1,256.8350,90.5070,0.000086
fanout388,VSS,Metal1,281.3150,150.9870,0.002083
fanout387,VSS,Metal1,170.9150,211.4670,0.000265
fanout386,VSS,Metal1,173.2450,242.1320,0.000400
fanout385,VSS,Metal1,274.5950,83.3720,0.000586
fanout384,VSS,Metal1,274.5950,75.3870,0.000334
fanout383,VSS,Metal1,193.9550,67.8270,0.000146
fanout382,VSS,Metal1,211.6450,37.5870,0.000291
fanout381,VSS,Metal1,238.5950,204.3320,0.000096
fanout380,VSS,Metal1,287.0050,211.8920,0.000916
fanout379,VSS,Metal1,237.1550,211.4670,0.000473
fanout378,VSS,Metal1,229.4050,203.9070,0.000180
fanout377,VSS,Metal1,243.3250,242.1320,0.000283
fanout376,VSS,Metal1,184.7650,256.8270,0.000827
fanout375,VSS,Metal1,223.7150,264.3870,0.000336
fanout374,VSS,Metal1,186.6850,256.8270,0.000816
fanout373,VSS,Metal1,149.7250,211.8920,0.000091
fanout372,VSS,Metal1,206.4350,196.7720,0.000326
fanout371,VSS,Metal1,214.5250,257.2520,0.000678
fanout370,VSS,Metal1,216.9250,256.8270,0.000584
fanout369,VSS,Metal1,229.8850,271.9470,0.000823
fanout368,VSS,Metal1,281.7950,135.8670,0.000768
fanout367,VSS,Metal1,250.5950,234.5720,0.000427
fanout366,VSS,Metal1,291.8750,203.9070,0.000770
fanout365,VSS,Metal1,283.2350,128.7320,0.000505
fanout364,VSS,Metal1,295.6450,52.7070,0.001193
fanout363,VSS,Metal1,242.3650,204.3320,0.000076
fanout362,VSS,Metal1,256.3550,211.8920,0.000138
fanout361,VSS,Metal1,258.7550,90.5070,0.000096
fanout360,VSS,Metal1,199.6450,166.1070,0.000430
fanout359,VSS,Metal1,202.1150,158.9720,0.000756
fanout358,VSS,Metal1,236.6750,166.5320,0.000346
fanout357,VSS,Metal1,229.8850,90.5070,0.000165
fanout356,VSS,Metal1,186.2050,90.5070,0.000142
fanout355,VSS,Metal1,234.2050,105.6270,0.000291
fanout354,VSS,Metal1,183.8750,105.6270,0.000157
fanout353,VSS,Metal1,235.6450,150.9870,0.000133
fanout352,VSS,Metal1,180.4450,143.4270,0.000077
fanout351,VSS,Metal1,187.1650,67.8270,0.000090
fanout350,VSS,Metal1,12.9950,22.8920,0.000175
fanout349,VSS,Metal1,261.0850,60.6920,0.000083
fanout348,VSS,Metal1,254.3650,45.5720,0.000069
fanout347,VSS,Metal1,167.4850,249.2670,0.001275
fanout346,VSS,Metal1,168.0350,128.3070,0.000208
fanout345,VSS,Metal1,190.0450,264.3870,0.000330
fanout344,VSS,Metal1,188.1950,257.2520,0.000996
fanout343,VSS,Metal1,179.9650,234.1470,0.000085
fanout342,VSS,Metal1,207.8750,219.0270,0.000181
fanout341,VSS,Metal1,172.7650,204.3320,0.000214
fanout340,VSS,Metal1,192.9250,204.3320,0.000261
fanout339,VSS,Metal1,234.2050,203.9070,0.000148
fanout338,VSS,Metal1,155.5550,211.8920,0.000104
fanout337,VSS,Metal1,171.3250,181.2270,0.000124
fanout336,VSS,Metal1,224.6050,188.7870,0.000195
fanout335,VSS,Metal1,180.4450,219.0270,0.000073
fanout334,VSS,Metal1,250.0450,279.5070,0.000104
fanout333,VSS,Metal1,248.6750,234.5720,0.000445
fanout332,VSS,Metal1,267.8750,150.9870,0.000419
fanout331,VSS,Metal1,252.0350,158.9720,0.000039
fanout330,VSS,Metal1,289.9550,203.9070,0.000717
fanout329,VSS,Metal1,269.7950,150.9870,0.001449
fanout328,VSS,Metal1,302.9150,60.6920,0.000296
fanout327,VSS,Metal1,275.9650,158.5470,0.000312
fanout326,VSS,Metal1,231.8750,279.5070,0.000543
fanout325,VSS,Metal1,163.2350,227.0120,0.001674
fanout324,VSS,Metal1,212.1950,279.5070,0.000554
fanout323,VSS,Metal1,179.0750,264.8120,0.000089
fanout322,VSS,Metal1,182.4350,121.1720,0.000106
fanout321,VSS,Metal1,173.7950,121.1720,0.000065
fanout320,VSS,Metal1,180.5150,121.1720,0.000075
fanout319,VSS,Metal1,176.1950,68.2520,0.000042
fanout318,VSS,Metal1,211.2350,38.0120,0.000291
fanout317,VSS,Metal1,255.3250,67.8270,0.000106
fanout316,VSS,Metal1,287.0050,53.1320,0.001112
fanout315,VSS,Metal1,227.9650,90.5070,0.000181
fanout314,VSS,Metal1,181.8850,83.3720,0.000078
fanout313,VSS,Metal1,232.7650,120.7470,0.000310
fanout312,VSS,Metal1,185.7950,121.1720,0.000131
fanout311,VSS,Metal1,184.7650,128.3070,0.000094
fanout310,VSS,Metal1,238.5950,120.7470,0.000303
fanout309,VSS,Metal1,188.1250,143.4270,0.000211
fanout308,VSS,Metal1,183.8050,136.2920,0.000345
fanout307,VSS,Metal1,232.3550,151.4120,0.000150
fanout306,VSS,Metal1,192.4450,158.9720,0.000675
fanout305,VSS,Metal1,190.0450,158.5470,0.000656
fanout304,VSS,Metal1,190.5250,60.2670,0.000576
fanout303,VSS,Metal1,223.1650,45.5720,0.000185
fanout302,VSS,Metal1,196.7650,45.5720,0.000063
fanout301,VSS,Metal1,273.5650,67.8270,0.000142
fanout300,VSS,Metal1,273.0850,60.2670,0.000237
fanout299,VSS,Metal1,304.7650,120.7470,0.001514
fanout298,VSS,Metal1,301.9550,219.0270,0.000613
fanout297,VSS,Metal1,295.2350,271.9470,0.000454
fanout296,VSS,Metal1,302.8450,295.0520,0.004304
fanout295,VSS,Metal1,299.0050,272.3720,0.000481
fanout294,VSS,Metal1,264.9950,287.4920,0.001206
fanout293,VSS,Metal1,212.1950,295.0520,0.000259
fanout292,VSS,Metal1,178.5950,309.7470,0.000200
fanout291,VSS,Metal1,299.9650,173.6670,0.004354
fanout290,VSS,Metal1,308.6750,113.6120,0.001034
fanout289,VSS,Metal1,283.2350,211.4670,0.000883
fanout288,VSS,Metal1,288.5150,166.5320,0.000800
fanout287,VSS,Metal1,289.4750,166.1070,0.000837
fanout286,VSS,Metal1,247.2350,128.3070,0.000150
fanout285,VSS,Metal1,197.2450,166.1070,0.000386
fanout284,VSS,Metal1,263.9650,150.9870,0.000323
fanout283,VSS,Metal1,282.6850,189.2120,0.001763
fanout282,VSS,Metal1,240.5150,204.3320,0.000100
fanout281,VSS,Metal1,267.8750,203.9070,0.000552
fanout280,VSS,Metal1,191.0750,121.1720,0.000158
fanout279,VSS,Metal1,268.7650,211.8920,0.000412
fanout278,VSS,Metal1,270.7550,83.3720,0.000588
fanout277,VSS,Metal1,254.4350,136.2920,0.000096
fanout276,VSS,Metal1,267.3950,173.6670,0.000423
fanout275,VSS,Metal1,216.9950,173.6670,0.000441
fanout274,VSS,Metal1,216.5150,120.7470,0.000437
fanout273,VSS,Metal1,215.0750,158.5470,0.000732
fanout272,VSS,Metal1,277.9550,196.3470,0.000870
fanout271,VSS,Metal1,280.8350,166.5320,0.000630
fanout270,VSS,Metal1,285.1550,211.4670,0.000891
fanout269,VSS,Metal1,224.6750,143.4270,0.000321
fanout268,VSS,Metal1,139.2350,90.5070,0.000136
fanout267,VSS,Metal1,113.2450,188.7870,0.000289
fanout266,VSS,Metal1,113.3150,257.2520,0.000181
fanout265,VSS,Metal1,136.3550,75.8120,0.000268
fanout264,VSS,Metal1,135.3250,30.0270,0.000470
fanout263,VSS,Metal1,137.7950,143.8520,0.000338
fanout262,VSS,Metal1,135.3250,204.3320,0.000286
fanout261,VSS,Metal1,135.3250,196.7720,0.000210
fanout260,VSS,Metal1,135.8050,143.8520,0.000334
fanout259,VSS,Metal1,133.8850,136.2920,0.000572
fanout258,VSS,Metal1,145.4050,45.5720,0.000338
fanout257,VSS,Metal1,92.1950,188.7870,0.000399
fanout256,VSS,Metal1,116.1950,264.3870,0.000114
fanout255,VSS,Metal1,120.9950,227.0120,0.000721
fanout254,VSS,Metal1,67.2350,174.0920,0.000411
fanout253,VSS,Metal1,115.6450,143.4270,0.000162
fanout252,VSS,Metal1,102.7550,106.0520,0.000086
fanout251,VSS,Metal1,134.8450,52.7070,0.000481
fanout250,VSS,Metal1,123.8750,128.7320,0.000402
fanout249,VSS,Metal1,92.6750,181.2270,0.000190
fanout248,VSS,Metal1,117.1550,272.3720,0.000160
fanout247,VSS,Metal1,121.4050,135.8670,0.000212
fanout246,VSS,Metal1,130.5250,37.5870,0.000194
fanout245,VSS,Metal1,134.9150,135.8670,0.000585
fanout244,VSS,Metal1,130.5250,189.2120,0.000348
fanout243,VSS,Metal1,142.5950,241.7070,0.000382
fanout242,VSS,Metal1,52.3550,256.8270,0.001051
fanout241,VSS,Metal1,126.7550,60.2670,0.000302
fanout240,VSS,Metal1,136.2850,128.3070,0.000432
fanout239,VSS,Metal1,121.4750,113.6120,0.000364
fanout238,VSS,Metal1,93.0850,173.6670,0.000422
fanout237,VSS,Metal1,122.3650,279.5070,0.000440
fanout236,VSS,Metal1,112.3550,113.1870,0.000155
fanout235,VSS,Metal1,132.9950,30.0270,0.000470
fanout234,VSS,Metal1,155.9650,166.5320,0.000720
fanout233,VSS,Metal1,156.0350,158.9720,0.000148
fanout232,VSS,Metal1,74.4350,211.4670,0.000670
fanout231,VSS,Metal1,134.9150,98.4920,0.000299
fanout230,VSS,Metal1,91.2350,128.7320,0.000118
output229,VSS,Metal1,317.7250,75.3870,0.000865
output228,VSS,Metal1,132.9250,310.1720,0.000196
output227,VSS,Metal1,115.6450,324.8670,0.000167
output226,VSS,Metal1,69.5650,324.8670,0.000029
output225,VSS,Metal1,131.0050,317.3070,0.000556
output224,VSS,Metal1,6.7550,279.9320,0.000191
output223,VSS,Metal1,6.7550,241.7070,0.000096
output222,VSS,Metal1,6.7550,204.3320,0.000046
output221,VSS,Metal1,315.8050,45.5720,0.002711
output220,VSS,Metal1,309.6350,15.3320,0.000049
output219,VSS,Metal1,6.7550,234.5720,0.000178
output218,VSS,Metal1,6.7550,15.3320,0.000023
output217,VSS,Metal1,219.8750,22.8920,0.000363
output216,VSS,Metal1,216.0350,22.8920,0.000488
output215,VSS,Metal1,207.8750,22.4670,0.000554
output214,VSS,Metal1,317.7250,98.0670,0.000625
output213,VSS,Metal1,317.7250,98.4920,0.000625
output212,VSS,Metal1,125.7250,15.3320,0.000194
output211,VSS,Metal1,6.7550,105.6270,0.000084
output210,VSS,Metal1,8.6750,113.1870,0.000117
output209,VSS,Metal1,6.7550,113.6120,0.000122
output208,VSS,Metal1,127.1650,324.8670,0.000337
output207,VSS,Metal1,6.7550,135.8670,0.000077
output206,VSS,Metal1,6.7550,158.9720,0.000147
output205,VSS,Metal1,141.0850,15.3320,0.000315
output204,VSS,Metal1,6.7550,166.1070,0.000059
output203,VSS,Metal1,142.1150,22.8920,0.000585
output202,VSS,Metal1,6.7550,249.6920,0.000225
output201,VSS,Metal1,6.7550,219.4520,0.000099
output200,VSS,Metal1,6.7550,271.9470,0.000108
output199,VSS,Metal1,142.0450,310.1720,0.000220
output198,VSS,Metal1,6.7550,249.2670,0.000225
output197,VSS,Metal1,153.0850,324.8670,0.000366
output196,VSS,Metal1,234.7550,15.3320,0.000059
output195,VSS,Metal1,244.3550,324.8670,0.000228
output194,VSS,Metal1,236.6750,324.8670,0.000351
output193,VSS,Metal1,221.3150,324.8670,0.000443
output192,VSS,Metal1,223.2350,324.8670,0.000440
output191,VSS,Metal1,202.5950,317.3070,0.000510
output190,VSS,Metal1,200.6750,317.3070,0.000496
output189,VSS,Metal1,200.6750,317.7320,0.000496
output188,VSS,Metal1,315.8050,105.6270,0.000565
output187,VSS,Metal1,315.8050,113.6120,0.001034
output186,VSS,Metal1,206.9150,324.8670,0.000394
output185,VSS,Metal1,317.7250,113.6120,0.001033
output184,VSS,Metal1,315.8050,150.9870,0.003340
output183,VSS,Metal1,315.8050,158.9720,0.000463
output182,VSS,Metal1,317.7250,181.2270,0.000649
output181,VSS,Metal1,317.7250,196.3470,0.001573
output180,VSS,Metal1,317.7250,227.0120,0.001243
output179,VSS,Metal1,317.7250,234.1470,0.000473
output178,VSS,Metal1,317.7250,249.6920,0.001408
output177,VSS,Metal1,317.2450,264.8120,0.001205
output176,VSS,Metal1,317.7250,271.9470,0.000529
output175,VSS,Metal1,144.4450,324.8670,0.000415
output174,VSS,Metal1,317.7250,294.6270,0.004345
output173,VSS,Metal1,315.8050,324.8670,0.000617
output172,VSS,Metal1,313.8850,324.8670,0.000606
output171,VSS,Metal1,317.7250,324.8670,0.000622
output170,VSS,Metal1,317.7250,279.5070,0.002528
output169,VSS,Metal1,311.9650,324.8670,0.000591
output168,VSS,Metal1,272.6750,324.8670,0.000443
output167,VSS,Metal1,274.5950,324.8670,0.000469
output166,VSS,Metal1,265.4750,317.7320,0.000257
output165,VSS,Metal1,253.9550,324.8670,0.000096
output164,VSS,Metal1,131.0050,324.8670,0.000380
output163,VSS,Metal1,317.7250,106.0520,0.000569
output162,VSS,Metal1,238.5950,324.8670,0.000327
output161,VSS,Metal1,230.9150,324.8670,0.000402
output160,VSS,Metal1,117.5650,324.8670,0.000211
output159,VSS,Metal1,129.0850,324.8670,0.000361
output158,VSS,Metal1,6.7550,287.4920,0.000095
output157,VSS,Metal1,6.7550,264.3870,0.000378
output156,VSS,Metal1,6.7550,234.1470,0.000178
output155,VSS,Metal1,317.7250,45.5720,0.002712
output154,VSS,Metal1,232.8350,15.3320,0.000078
output153,VSS,Metal1,6.7550,242.1320,0.000096
output152,VSS,Metal1,38.9150,15.3320,0.000054
output151,VSS,Metal1,204.9950,15.3320,0.000119
output150,VSS,Metal1,225.1550,15.3320,0.000120
output149,VSS,Metal1,208.8350,15.3320,0.000129
output148,VSS,Metal1,315.8050,98.4920,0.000620
output147,VSS,Metal1,167.5550,15.3320,0.000135
output146,VSS,Metal1,120.5150,15.3320,0.000124
output145,VSS,Metal1,6.7550,106.0520,0.000084
output144,VSS,Metal1,6.7550,113.1870,0.000122
output143,VSS,Metal1,6.7550,120.7470,0.000155
output142,VSS,Metal1,132.9250,324.8670,0.000392
output141,VSS,Metal1,6.7550,143.4270,0.000036
output140,VSS,Metal1,8.6750,173.6670,0.000101
output139,VSS,Metal1,131.4850,15.3320,0.000254
output138,VSS,Metal1,8.6750,166.1070,0.000057
output137,VSS,Metal1,122.4350,15.3320,0.000151
output136,VSS,Metal1,317.7250,211.8920,0.001037
output135,VSS,Metal1,6.7550,226.5870,0.000088
output134,VSS,Metal1,6.7550,272.3720,0.000108
output133,VSS,Metal1,248.1950,324.8670,0.000142
output132,VSS,Metal1,6.7550,279.5070,0.000191
output131,VSS,Metal1,151.1650,317.3070,0.000514
output130,VSS,Metal1,221.7950,22.8920,0.000334
output129,VSS,Metal1,240.5150,324.8670,0.000298
output128,VSS,Metal1,228.9950,324.8670,0.000415
output127,VSS,Metal1,211.7150,317.3070,0.000513
output126,VSS,Metal1,198.7550,317.7320,0.000471
output125,VSS,Metal1,179.0750,324.8670,0.000089
output124,VSS,Metal1,171.3950,324.8670,0.000104
output123,VSS,Metal1,162.2050,317.7320,0.000151
output122,VSS,Metal1,205.9550,22.4670,0.000564
output121,VSS,Metal1,228.9950,15.3320,0.000105
output120,VSS,Metal1,160.7650,324.8670,0.000280
output119,VSS,Metal1,207.8750,22.8920,0.000554
output118,VSS,Metal1,230.9150,15.3320,0.000093
output117,VSS,Metal1,184.8350,15.3320,0.000049
output116,VSS,Metal1,217.4750,30.0270,0.000760
output115,VSS,Metal1,317.7250,90.9320,0.000476
output114,VSS,Metal1,317.7250,105.6270,0.000569
output113,VSS,Metal1,156.5150,15.3320,0.000274
output112,VSS,Metal1,143.0050,15.3320,0.000322
output111,VSS,Metal1,144.9250,15.3320,0.000325
output110,VSS,Metal1,148.7650,15.3320,0.000320
output109,VSS,Metal1,155.0050,324.8670,0.000349
output108,VSS,Metal1,158.4350,15.3320,0.000256
output107,VSS,Metal1,161.7250,15.3320,0.000218
output106,VSS,Metal1,146.8450,15.3320,0.000324
output105,VSS,Metal1,154.5250,15.3320,0.000290
output104,VSS,Metal1,317.7250,158.9720,0.000462
output103,VSS,Metal1,173.3150,324.8670,0.000067
output102,VSS,Metal1,158.8450,324.8670,0.000306
output101,VSS,Metal1,252.0350,324.8670,0.000041
output100,VSS,Metal1,250.1150,324.8670,0.000094
output99,VSS,Metal1,242.4350,324.8670,0.000265
output98,VSS,Metal1,126.6850,317.3070,0.000504
input97,VSS,Metal1,6.6850,317.7320,0.000092
input96,VSS,Metal1,227.0750,324.8670,0.000424
input95,VSS,Metal1,198.7550,317.3070,0.000471
input94,VSS,Metal1,203.0750,324.8670,0.000361
input93,VSS,Metal1,193.4750,324.8670,0.000267
input92,VSS,Metal1,194.9150,317.7320,0.000409
input91,VSS,Metal1,181.8850,310.1720,0.000341
input90,VSS,Metal1,177.1550,324.8670,0.000057
input89,VSS,Metal1,199.2350,15.3320,0.000092
input88,VSS,Metal1,210.7550,15.3320,0.000130
input87,VSS,Metal1,175.2350,324.8670,0.000027
input86,VSS,Metal1,195.3950,15.3320,0.000072
input85,VSS,Metal1,211.7150,30.0270,0.000708
input84,VSS,Metal1,203.0750,15.3320,0.000111
input83,VSS,Metal1,217.9550,22.8920,0.000397
input82,VSS,Metal1,178.1150,15.3320,0.000034
input81,VSS,Metal1,227.0750,15.3320,0.000113
input80,VSS,Metal1,312.9250,83.3720,0.001312
input79,VSS,Metal1,313.9550,90.5070,0.000466
input78,VSS,Metal1,313.9550,113.6120,0.001033
input77,VSS,Metal1,312.0350,113.6120,0.001033
input76,VSS,Metal1,178.1150,317.3070,0.000189
input75,VSS,Metal1,317.7950,121.1720,0.001528
input74,VSS,Metal1,313.4750,135.8670,0.001268
input73,VSS,Metal1,317.7950,150.9870,0.003340
input72,VSS,Metal1,201.1550,324.8670,0.000344
input71,VSS,Metal1,313.9550,150.9870,0.003328
input70,VSS,Metal1,195.3950,324.8670,0.000287
input69,VSS,Metal1,178.1150,310.1720,0.000178
input68,VSS,Metal1,201.0850,15.3320,0.000101
input67,VSS,Metal1,197.3150,324.8670,0.000307
input66,VSS,Metal1,190.5950,317.3070,0.000394
input65,VSS,Metal1,182.9150,324.8670,0.000145
input64,VSS,Metal1,234.6850,324.8670,0.000370
input63,VSS,Metal1,232.8350,324.8670,0.000386
input62,VSS,Metal1,216.5150,324.8670,0.000433
input61,VSS,Metal1,214.5950,324.8670,0.000426
input60,VSS,Metal1,196.8350,317.7320,0.000439
input59,VSS,Metal1,164.6750,324.8670,0.000219
input58,VSS,Metal1,156.9250,324.8670,0.000328
input57,VSS,Metal1,315.8750,90.9320,0.000472
input56,VSS,Metal1,317.7950,90.5070,0.000476
input55,VSS,Metal1,125.2450,324.8670,0.000309
input54,VSS,Metal1,315.8750,90.5070,0.000472
input53,VSS,Metal1,317.7950,82.9470,0.001315
input52,VSS,Metal1,314.9150,83.3720,0.001313
input51,VSS,Metal1,316.8350,83.3720,0.001314
input50,VSS,Metal1,6.6850,173.6670,0.000102
input49,VSS,Metal1,6.6850,174.0920,0.000102
input48,VSS,Metal1,8.6050,279.9320,0.000185
input47,VSS,Metal1,94.5950,15.3320,0.000032
input46,VSS,Metal1,92.6750,15.3320,0.000045
input45,VSS,Metal1,51.6630,15.4250,0.000090
input44,VSS,Metal1,158.8450,317.3070,0.000390
input43,VSS,Metal1,129.5650,15.3320,0.000235
input42,VSS,Metal1,128.6050,22.4670,0.000555
input41,VSS,Metal1,127.6450,15.3320,0.000216
input40,VSS,Metal1,163.6450,15.3320,0.000192
input39,VSS,Metal1,317.7950,166.1070,0.002257
input38,VSS,Metal1,315.8750,227.0120,0.001242
input37,VSS,Metal1,257.7250,324.8670,0.000202
input36,VSS,Metal1,265.4750,324.8670,0.000347
input35,VSS,Metal1,246.2750,324.8670,0.000186
input34,VSS,Metal1,248.1250,317.7320,0.000344
input33,VSS,Metal1,136.7650,324.8670,0.000408
input32,VSS,Metal1,225.1550,324.8670,0.000432
input31,VSS,Metal1,210.7550,324.8670,0.000411
input30,VSS,Metal1,212.6750,324.8670,0.000419
input29,VSS,Metal1,189.6350,324.8670,0.000225
input28,VSS,Metal1,134.8450,324.8670,0.000400
input27,VSS,Metal1,180.9950,324.8670,0.000118
input26,VSS,Metal1,160.7650,317.3070,0.000266
input25,VSS,Metal1,197.3150,15.3320,0.000082
input24,VSS,Metal1,209.7950,22.8920,0.000537
input23,VSS,Metal1,151.1650,324.8670,0.000380
input22,VSS,Metal1,205.9550,22.8920,0.000564
input21,VSS,Metal1,206.9150,15.3320,0.000124
input20,VSS,Metal1,216.5150,15.3320,0.000130
input19,VSS,Metal1,174.2750,15.3320,0.000049
input18,VSS,Metal1,172.2850,15.3320,0.000083
input17,VSS,Metal1,176.1950,15.3320,0.000018
input16,VSS,Metal1,160.2850,22.4670,0.000564
input15,VSS,Metal1,139.1650,15.3320,0.000305
input14,VSS,Metal1,137.2450,15.3320,0.000294
input13,VSS,Metal1,315.8750,121.1720,0.001528
input12,VSS,Metal1,169.4750,324.8670,0.000137
input11,VSS,Metal1,165.5650,15.3320,0.000165
input10,VSS,Metal1,313.4750,136.2920,0.001268
input9,VSS,Metal1,133.4050,15.3320,0.000268
input8,VSS,Metal1,150.6850,15.3320,0.000311
input7,VSS,Metal1,313.4750,151.4120,0.003325
input6,VSS,Metal1,180.0350,310.1720,0.000305
input5,VSS,Metal1,208.8350,324.8670,0.000403
input4,VSS,Metal1,204.9250,324.8670,0.000376
input3,VSS,Metal1,191.5550,324.8670,0.000246
input2,VSS,Metal1,199.2350,324.8670,0.000326
input1,VSS,Metal1,162.7550,324.8670,0.000248
_5467_,VSS,Metal1,311.9650,38.0120,0.000165
_5466_,VSS,Metal1,307.6450,22.4670,0.001098
_5465_,VSS,Metal1,12.5150,22.4670,0.000176
_5464_,VSS,Metal1,214.0450,22.8920,0.000490
_5463_,VSS,Metal1,209.7250,22.4670,0.000537
_5462_,VSS,Metal1,201.0850,22.4670,0.000573
_5461_,VSS,Metal1,311.9650,98.4920,0.000608
_5460_,VSS,Metal1,314.3650,98.0670,0.000615
_5459_,VSS,Metal1,135.3950,15.3320,0.000283
_5458_,VSS,Metal1,12.5150,105.6270,0.000072
_5457_,VSS,Metal1,12.5150,106.0520,0.000072
_5456_,VSS,Metal1,10.1150,113.6120,0.000110
_5455_,VSS,Metal1,12.5150,128.7320,0.000044
_5454_,VSS,Metal1,11.5550,158.9720,0.000139
_5453_,VSS,Metal1,152.6750,15.3320,0.000301
_5452_,VSS,Metal1,9.6350,158.9720,0.000144
_5451_,VSS,Metal1,130.5250,22.4670,0.000579
_5450_,VSS,Metal1,8.6750,249.2670,0.000222
_5449_,VSS,Metal1,11.0750,219.4520,0.000096
_5448_,VSS,Metal1,12.5150,271.9470,0.000095
_5447_,VSS,Metal1,146.4350,324.8670,0.000408
_5446_,VSS,Metal1,12.5150,242.1320,0.000075
_5445_,VSS,Metal1,138.7550,324.8670,0.000414
_5444_,VSS,Metal1,122.4350,302.6120,0.000262
_5443_,VSS,Metal1,71.5550,324.8670,0.000030
_5442_,VSS,Metal1,148.8350,324.8670,0.000396
_5441_,VSS,Metal1,8.6750,279.5070,0.000185
_5440_,VSS,Metal1,12.5150,241.7070,0.000075
_5439_,VSS,Metal1,9.6350,211.4670,0.000094
_5438_,VSS,Metal1,9.6350,234.5720,0.000162
_5437_,VSS,Metal1,150.7550,317.7320,0.000516
_5436_,VSS,Metal1,156.5150,317.3070,0.000390
_5435_,VSS,Metal1,23.1450,317.2270,0.000084
_5434_,VSS,Metal1,114.8250,256.7470,0.000181
_5433_,VSS,Metal1,62.5050,166.0270,0.000316
_5432_,VSS,Metal1,117.7050,310.2520,0.000170
_5431_,VSS,Metal1,100.4250,309.6670,0.000114
_5430_,VSS,Metal1,78.8250,249.7720,0.000777
_5429_,VSS,Metal1,67.7850,317.2270,0.000391
_5428_,VSS,Metal1,45.2250,310.2520,0.000431
_5427_,VSS,Metal1,57.2250,211.3870,0.000480
_5426_,VSS,Metal1,16.4250,226.5070,0.000087
_5425_,VSS,Metal1,94.6650,257.3320,0.000082
_5424_,VSS,Metal1,125.8650,203.8270,0.000266
_5423_,VSS,Metal1,118.1850,181.7320,0.000313
_5422_,VSS,Metal1,157.5450,45.6520,0.000347
_5421_,VSS,Metal1,69.7050,45.0670,0.000407
_5420_,VSS,Metal1,17.3850,60.1870,0.000090
_5419_,VSS,Metal1,99.9450,67.7470,0.000177
_5418_,VSS,Metal1,112.9050,45.0670,0.000181
_5417_,VSS,Metal1,53.3850,60.7720,0.000371
_5416_,VSS,Metal1,109.5450,113.6920,0.000155
_5415_,VSS,Metal1,152.7450,67.7470,0.000279
_5414_,VSS,Metal1,85.5450,106.1320,0.000314
_5413_,VSS,Metal1,24.1050,91.0120,0.000119
_5412_,VSS,Metal1,49.5450,121.2520,0.000662
_5411_,VSS,Metal1,61.0650,136.3720,0.000687
_5410_,VSS,Metal1,34.1850,143.9320,0.000829
_5409_,VSS,Metal1,37.5450,166.6120,0.000360
_5408_,VSS,Metal1,141.2250,143.3470,0.000338
_5407_,VSS,Metal1,101.3850,143.9320,0.000071
_5406_,VSS,Metal1,147.9450,151.4920,0.000292
_5405_,VSS,Metal1,21.2250,242.2120,0.000063
_5404_,VSS,Metal1,129.2250,234.0670,0.000332
_5403_,VSS,Metal1,29.3850,302.6920,0.000053
_5402_,VSS,Metal1,148.9050,249.7720,0.003219
_5401_,VSS,Metal1,52.9050,166.6120,0.000316
_5400_,VSS,Metal1,118.6650,317.8120,0.000392
_5399_,VSS,Metal1,103.3050,317.8120,0.000121
_5398_,VSS,Metal1,65.3850,242.2120,0.000271
_5397_,VSS,Metal1,82.6650,317.8120,0.000346
_5396_,VSS,Metal1,59.6250,310.2520,0.000431
_5395_,VSS,Metal1,70.6650,203.8270,0.000355
_5394_,VSS,Metal1,37.0650,189.2920,0.000500
_5393_,VSS,Metal1,99.9450,256.7470,0.000082
_5392_,VSS,Metal1,142.6650,203.8270,0.000597
_5391_,VSS,Metal1,120.5850,188.7070,0.000323
_5390_,VSS,Metal1,146.9850,52.6270,0.000400
_5389_,VSS,Metal1,77.3850,60.1870,0.000441
_5388_,VSS,Metal1,15.9450,45.6520,0.000100
_5387_,VSS,Metal1,105.7050,68.3320,0.000172
_5386_,VSS,Metal1,129.2250,53.2120,0.000481
_5385_,VSS,Metal1,44.7450,45.6520,0.000237
_5384_,VSS,Metal1,104.7450,105.5470,0.000086
_5383_,VSS,Metal1,118.6650,68.3320,0.000172
_5382_,VSS,Metal1,85.0650,75.8920,0.000170
_5381_,VSS,Metal1,14.9850,67.7470,0.000061
_5380_,VSS,Metal1,32.2650,106.1320,0.000155
_5379_,VSS,Metal1,68.2650,143.3470,0.000740
_5378_,VSS,Metal1,18.3450,128.2270,0.000043
_5377_,VSS,Metal1,14.9850,181.1470,0.000156
_5376_,VSS,Metal1,122.9850,143.3470,0.000227
_5375_,VSS,Metal1,69.7050,151.4920,0.000264
_5374_,VSS,Metal1,115.3050,166.0270,0.000587
_5373_,VSS,Metal1,16.9050,234.0670,0.000154
_5372_,VSS,Metal1,119.1450,219.5320,0.000305
_5371_,VSS,Metal1,15.9450,295.1320,0.000045
_5370_,VSS,Metal1,115.7850,249.7720,0.002696
_5369_,VSS,Metal1,75.4650,181.1470,0.000499
_5368_,VSS,Metal1,117.2250,294.5470,0.000136
_5367_,VSS,Metal1,91.7850,272.4520,0.000255
_5366_,VSS,Metal1,52.4250,242.2120,0.000276
_5365_,VSS,Metal1,70.1850,302.1070,0.000224
_5364_,VSS,Metal1,57.7050,302.6920,0.000230
_5363_,VSS,Metal1,55.7850,227.0920,0.001968
_5362_,VSS,Metal1,13.0650,189.2920,0.000205
_5361_,VSS,Metal1,86.0250,234.6520,0.000768
_5360_,VSS,Metal1,86.0250,203.8270,0.000325
_5359_,VSS,Metal1,84.5850,188.7070,0.000479
_5358_,VSS,Metal1,134.0250,30.5320,0.000470
_5357_,VSS,Metal1,74.5050,60.7720,0.000441
_5356_,VSS,Metal1,16.9050,37.5070,0.000049
_5355_,VSS,Metal1,92.2650,52.6270,0.000217
_5354_,VSS,Metal1,115.7850,53.2120,0.000455
_5353_,VSS,Metal1,42.3450,37.5070,0.000078
_5352_,VSS,Metal1,128.2650,106.1320,0.000327
_5351_,VSS,Metal1,120.5850,75.3070,0.000265
_5350_,VSS,Metal1,66.8250,91.0120,0.000658
_5349_,VSS,Metal1,15.4650,98.5720,0.000101
_5348_,VSS,Metal1,44.2650,120.6670,0.000662
_5347_,VSS,Metal1,81.7050,120.6670,0.000353
_5346_,VSS,Metal1,17.3850,113.6920,0.000099
_5345_,VSS,Metal1,17.3850,158.4670,0.000136
_5344_,VSS,Metal1,128.7450,128.2270,0.000402
_5343_,VSS,Metal1,83.6250,166.6120,0.000212
_5342_,VSS,Metal1,118.6650,166.6120,0.000590
_5341_,VSS,Metal1,16.9050,257.3320,0.000061
_5340_,VSS,Metal1,135.4650,219.5320,0.000396
_5339_,VSS,Metal1,15.4650,286.9870,0.000094
_5338_,VSS,Metal1,123.9450,271.8670,0.000240
_5337_,VSS,Metal1,75.4650,181.7320,0.000499
_5336_,VSS,Metal1,129.2250,309.6670,0.000195
_5335_,VSS,Metal1,100.4250,317.2270,0.000121
_5334_,VSS,Metal1,49.0650,264.8920,0.000303
_5333_,VSS,Metal1,81.7050,317.2270,0.000346
_5332_,VSS,Metal1,46.1850,317.2270,0.000236
_5331_,VSS,Metal1,67.7850,234.0670,0.000868
_5330_,VSS,Metal1,17.3850,211.9720,0.000091
_5329_,VSS,Metal1,98.9850,218.9470,0.000082
_5328_,VSS,Metal1,102.8250,204.4120,0.000131
_5327_,VSS,Metal1,99.9450,181.1470,0.000100
_5326_,VSS,Metal1,154.1850,22.9720,0.000582
_5325_,VSS,Metal1,66.8250,22.9720,0.000285
_5324_,VSS,Metal1,26.9850,22.9720,0.000125
_5323_,VSS,Metal1,86.9850,67.7470,0.000186
_5322_,VSS,Metal1,113.3850,22.3870,0.000483
_5321_,VSS,Metal1,53.8650,22.9720,0.000282
_5320_,VSS,Metal1,107.6250,91.0120,0.000059
_5319_,VSS,Metal1,134.0250,67.7470,0.000221
_5318_,VSS,Metal1,92.2650,91.0120,0.000702
_5317_,VSS,Metal1,24.1050,68.3320,0.000056
_5316_,VSS,Metal1,62.9850,113.1070,0.001034
_5315_,VSS,Metal1,60.5850,128.8120,0.000433
_5314_,VSS,Metal1,18.3450,136.3720,0.000071
_5313_,VSS,Metal1,15.9450,166.6120,0.000054
_5312_,VSS,Metal1,142.1850,128.8120,0.000461
_5311_,VSS,Metal1,83.6250,150.9070,0.000209
_5310_,VSS,Metal1,119.6250,151.4920,0.000130
_5309_,VSS,Metal1,33.7050,264.3070,0.000212
_5308_,VSS,Metal1,149.3850,234.6520,0.000332
_5307_,VSS,Metal1,15.9450,279.4270,0.000165
_5306_,VSS,Metal1,127.7850,256.7470,0.000238
_5305_,VSS,Metal1,46.1850,181.1470,0.000345
_5304_,VSS,Metal1,130.1850,286.9870,0.000217
_5303_,VSS,Metal1,97.5450,294.5470,0.000064
_5302_,VSS,Metal1,50.0250,257.3320,0.001051
_5301_,VSS,Metal1,69.7050,287.5720,0.000605
_5300_,VSS,Metal1,41.8650,287.5720,0.000153
_5299_,VSS,Metal1,48.5850,219.5320,0.000128
_5298_,VSS,Metal1,30.8250,226.5070,0.001777
_5297_,VSS,Metal1,87.9450,241.6270,0.000218
_5296_,VSS,Metal1,126.3450,196.8520,0.000218
_5295_,VSS,Metal1,134.0250,181.7320,0.000503
_5294_,VSS,Metal1,134.5050,22.9720,0.000579
_5293_,VSS,Metal1,71.1450,22.3870,0.000284
_5292_,VSS,Metal1,31.7850,29.9470,0.000177
_5291_,VSS,Metal1,96.1050,22.3870,0.000239
_5290_,VSS,Metal1,121.5450,22.9720,0.000508
_5289_,VSS,Metal1,53.3850,22.3870,0.000282
_5288_,VSS,Metal1,124.4250,113.1070,0.000363
_5287_,VSS,Metal1,136.4250,83.4520,0.000816
_5286_,VSS,Metal1,73.0650,98.5720,0.000418
_5285_,VSS,Metal1,15.4650,82.8670,0.000710
_5284_,VSS,Metal1,52.4250,91.0120,0.000471
_5283_,VSS,Metal1,71.1450,121.2520,0.000353
_5282_,VSS,Metal1,16.9050,113.1070,0.000099
_5281_,VSS,Metal1,17.3850,151.4920,0.000060
_5280_,VSS,Metal1,109.5450,135.7870,0.000168
_5279_,VSS,Metal1,99.4650,166.0270,0.000145
_5278_,VSS,Metal1,133.0650,151.4920,0.000270
_5277_,VSS,Metal1,16.9050,264.3070,0.000373
_5276_,VSS,Metal1,118.1850,218.9470,0.000305
_5275_,VSS,Metal1,15.9450,309.6670,0.000173
_5274_,VSS,Metal1,130.1850,272.4520,0.000242
_5273_,VSS,Metal1,48.5850,181.7320,0.000345
_5272_,VSS,Metal1,140.7450,295.1320,0.000228
_5271_,VSS,Metal1,105.7050,302.1070,0.000077
_5270_,VSS,Metal1,64.9050,271.8670,0.000271
_5269_,VSS,Metal1,84.5850,302.6920,0.000154
_5268_,VSS,Metal1,42.3450,302.6920,0.000155
_5267_,VSS,Metal1,80.7450,226.5070,0.001918
_5266_,VSS,Metal1,16.9050,211.3870,0.000091
_5265_,VSS,Metal1,101.3850,219.5320,0.000082
_5264_,VSS,Metal1,107.6250,203.8270,0.000134
_5263_,VSS,Metal1,100.4250,181.7320,0.000100
_5262_,VSS,Metal1,160.4250,30.5320,0.000201
_5261_,VSS,Metal1,173.3850,30.5320,0.000116
_5260_,VSS,Metal1,36.1050,60.7720,0.000256
_5259_,VSS,Metal1,96.5850,30.5320,0.000107
_5258_,VSS,Metal1,172.9050,52.6270,0.000061
_5257_,VSS,Metal1,57.7050,67.7470,0.000207
_5256_,VSS,Metal1,142.6650,97.9870,0.000307
_5255_,VSS,Metal1,166.1850,60.7720,0.000042
_5254_,VSS,Metal1,63.9450,82.8670,0.000326
_5253_,VSS,Metal1,46.1850,75.8920,0.000373
_5252_,VSS,Metal1,51.4650,90.4270,0.000471
_5251_,VSS,Metal1,97.5450,128.2270,0.000103
_5250_,VSS,Metal1,48.1050,143.3470,0.000836
_5249_,VSS,Metal1,49.0650,151.4920,0.000272
_5248_,VSS,Metal1,160.9050,143.3470,0.000127
_5247_,VSS,Metal1,110.0250,150.9070,0.000130
_5246_,VSS,Metal1,162.3450,166.0270,0.000333
_5245_,VSS,Metal1,38.0250,234.6520,0.000471
_5244_,VSS,Metal1,153.2250,219.5320,0.000380
_5243_,VSS,Metal1,32.7450,272.4520,0.000177
_5242_,VSS,Metal1,148.9050,264.8920,0.000766
_5241_,VSS,Metal1,58.6650,196.8520,0.000229
_5240_,VSS,Metal1,145.5450,280.0120,0.000620
_5239_,VSS,Metal1,107.1450,271.8670,0.000124
_5238_,VSS,Metal1,83.1450,264.3070,0.000361
_5237_,VSS,Metal1,77.8650,279.4270,0.000425
_5236_,VSS,Metal1,56.7450,280.0120,0.000407
_5235_,VSS,Metal1,80.7450,211.9720,0.000686
_5234_,VSS,Metal1,21.7050,196.2670,0.000050
_5233_,VSS,Metal1,116.2650,234.6520,0.000190
_5232_,VSS,Metal1,159.4650,203.8270,0.000602
_5231_,VSS,Metal1,150.3450,181.7320,0.000521
_5230_,VSS,Metal1,308.7450,82.8670,0.001312
_5229_,VSS,Metal1,312.1050,67.7470,0.001145
_5228_,VSS,Metal1,273.2250,82.8670,0.000586
_5227_,VSS,Metal1,312.1050,75.8920,0.000865
_5226_,VSS,Metal1,138.3450,317.2270,0.000554
_5225_,VSS,Metal1,133.3350,317.8120,0.000554
_5224_,VSS,Metal1,312.1050,113.1070,0.001033
_5223_,VSS,Metal1,312.1050,128.8120,0.001225
_5222_,VSS,Metal1,312.1050,143.9320,0.000763
_5221_,VSS,Metal1,312.1050,158.4670,0.000462
_5220_,VSS,Metal1,312.1050,173.5870,0.005183
_5219_,VSS,Metal1,312.1050,188.7070,0.002262
_5218_,VSS,Metal1,312.1050,203.8270,0.000822
_5217_,VSS,Metal1,312.1050,218.9470,0.000798
_5216_,VSS,Metal1,308.2650,227.0920,0.001232
_5215_,VSS,Metal1,312.1050,241.6270,0.001621
_5214_,VSS,Metal1,312.1050,264.3070,0.001205
_5213_,VSS,Metal1,305.8650,271.8670,0.000519
_5212_,VSS,Metal1,312.1050,280.0120,0.002528
_5211_,VSS,Metal1,312.1050,302.1070,0.001066
_5210_,VSS,Metal1,312.1050,317.8120,0.000483
_5209_,VSS,Metal1,299.1450,317.8120,0.000461
_5208_,VSS,Metal1,282.8250,271.8670,0.000340
_5207_,VSS,Metal1,286.1850,317.2270,0.000395
_5206_,VSS,Metal1,274.1850,310.2520,0.000840
_5205_,VSS,Metal1,272.7450,295.1320,0.004038
_5204_,VSS,Metal1,267.9450,317.2270,0.000255
_5203_,VSS,Metal1,257.8650,317.8120,0.000236
_5202_,VSS,Metal1,236.2650,317.2270,0.000441
_5201_,VSS,Metal1,229.0650,280.0120,0.000543
_5200_,VSS,Metal1,212.7450,294.5470,0.000258
_5199_,VSS,Metal1,215.6250,317.8120,0.000513
_5198_,VSS,Metal1,195.4650,310.2520,0.000482
_5197_,VSS,Metal1,182.9850,317.8120,0.000188
_5196_,VSS,Metal1,169.5450,317.8120,0.000107
_5195_,VSS,Metal1,158.0250,295.1320,0.000158
_5194_,VSS,Metal1,146.9850,22.3870,0.000582
_5193_,VSS,Metal1,79.7850,22.9720,0.000266
_5192_,VSS,Metal1,15.9450,52.6270,0.000095
_5191_,VSS,Metal1,93.7050,22.9720,0.000239
_5190_,VSS,Metal1,113.8650,29.9470,0.000214
_5189_,VSS,Metal1,40.4250,22.9720,0.000181
_5188_,VSS,Metal1,122.0250,90.4270,0.000126
_5187_,VSS,Metal1,145.5450,82.8670,0.000808
_5186_,VSS,Metal1,69.7050,75.8920,0.000573
_5185_,VSS,Metal1,15.4650,90.4270,0.000129
_5184_,VSS,Metal1,36.5850,98.5720,0.000307
_5183_,VSS,Metal1,93.2250,135.7870,0.000628
_5182_,VSS,Metal1,15.9450,135.7870,0.000071
_5181_,VSS,Metal1,22.6650,174.1720,0.000046
_5180_,VSS,Metal1,115.7850,128.2270,0.000279
_5179_,VSS,Metal1,77.8650,166.0270,0.000220
_5178_,VSS,Metal1,141.7050,166.6120,0.000735
_5177_,VSS,Metal1,15.9450,249.1870,0.000212
_5176_,VSS,Metal1,135.9450,234.6520,0.000332
_5175_,VSS,Metal1,15.9500,317.2720,0.000085
_5174_,VSS,Metal1,107.6300,256.7920,0.000114
_5173_,VSS,Metal1,53.8700,166.0720,0.000317
_5172_,VSS,Metal1,110.5100,310.2070,0.000162
_5171_,VSS,Metal1,93.2300,309.7120,0.000220
_5170_,VSS,Metal1,75.7300,249.2320,0.000777
_5169_,VSS,Metal1,60.5900,317.2720,0.000375
_5168_,VSS,Metal1,37.5500,317.2720,0.000105
_5167_,VSS,Metal1,50.9900,204.3670,0.000302
_5166_,VSS,Metal1,9.2300,226.5520,0.000087
_5165_,VSS,Metal1,87.4700,257.2870,0.000126
_5164_,VSS,Metal1,119.1500,196.8070,0.000216
_5163_,VSS,Metal1,111.4700,181.1920,0.000204
_5162_,VSS,Metal1,153.7100,45.1120,0.000347
_5161_,VSS,Metal1,62.5100,45.1120,0.000413
_5160_,VSS,Metal1,10.1900,60.2320,0.000090
_5159_,VSS,Metal1,96.3700,68.2870,0.000177
_5158_,VSS,Metal1,108.1100,38.0470,0.000065
_5157_,VSS,Metal1,46.1900,60.7270,0.000331
_5156_,VSS,Metal1,102.3500,113.6470,0.000091
_5155_,VSS,Metal1,148.4300,60.7270,0.000236
_5154_,VSS,Metal1,78.3500,106.0870,0.000306
_5153_,VSS,Metal1,16.9100,90.9670,0.000129
_5152_,VSS,Metal1,42.3500,121.2070,0.000662
_5151_,VSS,Metal1,55.7900,143.3920,0.000781
_5150_,VSS,Metal1,26.9900,143.8870,0.000776
_5149_,VSS,Metal1,32.2700,173.6320,0.000046
_5148_,VSS,Metal1,132.1100,136.3270,0.000528
_5147_,VSS,Metal1,94.1900,143.8870,0.000071
_5146_,VSS,Metal1,140.7500,151.4470,0.000275
_5145_,VSS,Metal1,14.0300,242.1670,0.000063
_5144_,VSS,Metal1,123.9500,241.6720,0.000311
_5143_,VSS,Metal1,22.1900,302.6470,0.000056
_5142_,VSS,Metal1,141.7100,249.7270,0.003223
_5141_,VSS,Metal1,47.1500,166.0720,0.000328
_5140_,VSS,Metal1,111.4700,317.7670,0.000392
_5139_,VSS,Metal1,98.0300,324.8320,0.000021
_5138_,VSS,Metal1,60.1100,241.6720,0.000271
_5137_,VSS,Metal1,78.3500,324.8320,0.000027
_5136_,VSS,Metal1,55.3100,317.7670,0.000250
_5135_,VSS,Metal1,63.7300,203.8720,0.000353
_5134_,VSS,Metal1,29.8700,189.2470,0.000186
_5133_,VSS,Metal1,93.2300,249.7270,0.000645
_5132_,VSS,Metal1,133.0700,203.8720,0.000286
_5131_,VSS,Metal1,111.4700,188.7520,0.000222
_5130_,VSS,Metal1,142.1900,53.1670,0.000400
_5129_,VSS,Metal1,70.1900,53.1670,0.000271
_5128_,VSS,Metal1,8.7500,45.6070,0.000100
_5127_,VSS,Metal1,98.5100,68.2870,0.000177
_5126_,VSS,Metal1,124.4300,60.2320,0.000302
_5125_,VSS,Metal1,37.5500,45.6070,0.000232
_5124_,VSS,Metal1,97.5500,105.5920,0.000147
_5123_,VSS,Metal1,111.9500,75.3520,0.000223
_5122_,VSS,Metal1,77.8700,75.8470,0.000187
_5121_,VSS,Metal1,12.8500,60.7270,0.000090
_5120_,VSS,Metal1,26.9900,105.5920,0.000155
_5119_,VSS,Metal1,61.0700,143.3920,0.000773
_5118_,VSS,Metal1,11.1500,128.2720,0.000045
_5117_,VSS,Metal1,12.8500,181.6870,0.000156
_5116_,VSS,Metal1,118.1900,143.8870,0.000227
_5115_,VSS,Metal1,64.4300,150.9520,0.000264
_5114_,VSS,Metal1,110.0300,166.5670,0.000587
_5113_,VSS,Metal1,9.7100,234.1120,0.000162
_5112_,VSS,Metal1,113.8700,226.5520,0.000558
_5111_,VSS,Metal1,12.8500,302.1520,0.000064
_5110_,VSS,Metal1,110.5100,257.2870,0.000181
_5109_,VSS,Metal1,71.1500,174.1270,0.000428
_5108_,VSS,Metal1,110.0300,294.5920,0.000096
_5107_,VSS,Metal1,84.8500,272.4070,0.000257
_5106_,VSS,Metal1,49.8100,241.6720,0.000276
_5105_,VSS,Metal1,62.9900,295.0870,0.000188
_5104_,VSS,Metal1,50.5100,302.6470,0.000206
_5103_,VSS,Metal1,49.8100,234.1120,0.000526
_5102_,VSS,Metal1,12.8500,196.8070,0.000054
_5101_,VSS,Metal1,78.8300,234.6070,0.000817
_5100_,VSS,Metal1,78.8300,203.8720,0.000329
_5099_,VSS,Metal1,77.3900,189.2470,0.000511
_5098_,VSS,Metal1,126.8300,30.4870,0.000458
_5097_,VSS,Metal1,67.3100,60.7270,0.000440
_5096_,VSS,Metal1,9.7100,37.5520,0.000049
_5095_,VSS,Metal1,85.3300,52.6720,0.000288
_5094_,VSS,Metal1,111.4700,60.2320,0.000168
_5093_,VSS,Metal1,35.1500,37.5520,0.000042
_5092_,VSS,Metal1,123.9500,105.5920,0.000327
_5091_,VSS,Metal1,113.3900,75.3520,0.000223
_5090_,VSS,Metal1,59.8900,90.9670,0.000481
_5089_,VSS,Metal1,8.2700,98.5270,0.000101
_5088_,VSS,Metal1,38.9900,121.2070,0.000662
_5087_,VSS,Metal1,77.3900,113.6470,0.000796
_5086_,VSS,Metal1,12.1100,121.2070,0.000153
_5085_,VSS,Metal1,10.1900,158.5120,0.000143
_5084_,VSS,Metal1,126.6100,121.2070,0.000178
_5083_,VSS,Metal1,76.4300,166.5670,0.000220
_5082_,VSS,Metal1,111.4700,166.5670,0.000587
_5081_,VSS,Metal1,12.5900,264.8470,0.000373
_5080_,VSS,Metal1,129.2300,227.0470,0.000951
_5079_,VSS,Metal1,12.8500,287.5270,0.000094
_5078_,VSS,Metal1,119.1500,279.4720,0.000389
_5077_,VSS,Metal1,71.1500,188.7520,0.000564
_5076_,VSS,Metal1,124.4300,302.6470,0.000614
_5075_,VSS,Metal1,95.6300,310.2070,0.000114
_5074_,VSS,Metal1,41.8700,264.8470,0.000298
_5073_,VSS,Metal1,75.4700,324.8320,0.000029
_5072_,VSS,Metal1,38.9900,317.2720,0.000188
_5071_,VSS,Metal1,62.9900,234.6070,0.000868
_5070_,VSS,Metal1,10.1900,211.9270,0.000094
_5069_,VSS,Metal1,91.0900,219.4870,0.000120
_5068_,VSS,Metal1,91.3100,204.3670,0.000325
_5067_,VSS,Metal1,94.1900,174.1270,0.000417
_5066_,VSS,Metal1,147.9500,30.4870,0.000400
_5065_,VSS,Metal1,64.6900,29.9920,0.000350
_5064_,VSS,Metal1,19.7900,22.9270,0.000139
_5063_,VSS,Metal1,83.6300,60.7270,0.000377
_5062_,VSS,Metal1,104.7500,22.4320,0.000314
_5061_,VSS,Metal1,54.1300,37.5520,0.000280
_5060_,VSS,Metal1,100.4300,90.9670,0.000052
_5059_,VSS,Metal1,129.2300,68.2870,0.000221
_5058_,VSS,Metal1,87.7300,98.0320,0.000355
_5057_,VSS,Metal1,16.9100,68.2870,0.000061
_5056_,VSS,Metal1,59.4100,106.0870,0.000279
_5055_,VSS,Metal1,55.3100,128.2720,0.000433
_5054_,VSS,Metal1,13.5500,143.3920,0.000036
_5053_,VSS,Metal1,9.0100,166.5670,0.000057
_5052_,VSS,Metal1,129.7100,128.7670,0.000402
_5051_,VSS,Metal1,78.8300,143.8870,0.000639
_5050_,VSS,Metal1,112.4300,158.5120,0.000090
_5049_,VSS,Metal1,26.5100,264.3520,0.000128
_5048_,VSS,Metal1,145.0700,241.6720,0.000389
_5047_,VSS,Metal1,9.7100,272.4070,0.000104
_5046_,VSS,Metal1,122.9900,249.2320,0.002750
_5045_,VSS,Metal1,38.9900,181.1920,0.000263
_5044_,VSS,Metal1,124.9100,279.9670,0.000464
_5043_,VSS,Metal1,90.6100,294.5920,0.000127
_5042_,VSS,Metal1,42.8300,257.2870,0.001027
_5041_,VSS,Metal1,62.5100,287.5270,0.000589
_5040_,VSS,Metal1,34.6700,287.5270,0.000147
_5039_,VSS,Metal1,41.3900,219.4870,0.000091
_5038_,VSS,Metal1,23.6300,226.5520,0.000057
_5037_,VSS,Metal1,80.7500,241.6720,0.000240
_5036_,VSS,Metal1,119.1500,204.3670,0.000163
_5035_,VSS,Metal1,128.0500,181.1920,0.000479
_5034_,VSS,Metal1,126.8300,22.4320,0.000508
_5033_,VSS,Metal1,65.8700,29.9920,0.000349
_5032_,VSS,Metal1,27.4700,22.4320,0.000125
_5031_,VSS,Metal1,90.8300,15.3670,0.000059
_5030_,VSS,Metal1,124.9100,22.4320,0.000508
_5029_,VSS,Metal1,46.1900,22.4320,0.000181
_5028_,VSS,Metal1,120.1100,120.7120,0.000165
_5027_,VSS,Metal1,129.2300,83.4070,0.000836
_5026_,VSS,Metal1,65.8700,98.5270,0.000404
_5025_,VSS,Metal1,8.2700,82.9120,0.000710
_5024_,VSS,Metal1,48.1100,83.4070,0.000228
_5023_,VSS,Metal1,63.9500,121.2070,0.000379
_5022_,VSS,Metal1,8.2700,113.6470,0.000118
_5021_,VSS,Metal1,10.1900,151.4470,0.000061
_5020_,VSS,Metal1,102.3500,135.8320,0.000115
_5019_,VSS,Metal1,94.6700,173.6320,0.000414
_5018_,VSS,Metal1,127.5700,158.5120,0.000187
_5017_,VSS,Metal1,9.7100,264.3520,0.000375
_5016_,VSS,Metal1,110.9900,218.9920,0.000171
_5015_,VSS,Metal1,9.0100,309.7120,0.000173
_5014_,VSS,Metal1,120.8500,279.4720,0.000389
_5013_,VSS,Metal1,41.3900,181.6870,0.000345
_5012_,VSS,Metal1,136.4300,302.1520,0.000696
_5011_,VSS,Metal1,98.5100,302.1520,0.000136
_5010_,VSS,Metal1,57.7100,271.9120,0.000177
_5009_,VSS,Metal1,77.3900,302.6470,0.000193
_5008_,VSS,Metal1,37.5500,302.1520,0.000155
_5007_,VSS,Metal1,76.4300,234.1120,0.000827
_5006_,VSS,Metal1,8.0500,211.4320,0.000094
_5005_,VSS,Metal1,92.2700,219.4870,0.000107
_5004_,VSS,Metal1,99.4700,196.8070,0.000025
_5003_,VSS,Metal1,90.8300,181.1920,0.000190
_5002_,VSS,Metal1,157.5500,37.5520,0.000143
_5001_,VSS,Metal1,168.5900,29.9920,0.000116
_5000_,VSS,Metal1,28.9100,60.7270,0.000187
_4999_,VSS,Metal1,89.3900,30.4870,0.000143
_4998_,VSS,Metal1,168.5900,45.6070,0.000184
_4997_,VSS,Metal1,50.5100,67.7920,0.000205
_4996_,VSS,Metal1,140.7500,90.9670,0.000153
_4995_,VSS,Metal1,159.2500,60.7270,0.000065
_4994_,VSS,Metal1,59.1500,75.8470,0.000539
_4993_,VSS,Metal1,42.6100,75.3520,0.000373
_4992_,VSS,Metal1,44.7500,98.0320,0.000343
_4991_,VSS,Metal1,93.2300,121.2070,0.000052
_4990_,VSS,Metal1,40.9100,143.3920,0.000835
_4989_,VSS,Metal1,44.2700,150.9520,0.000272
_4988_,VSS,Metal1,153.7100,143.3920,0.000337
_4987_,VSS,Metal1,106.4500,151.4470,0.000130
_4986_,VSS,Metal1,158.0300,159.0070,0.000148
_4985_,VSS,Metal1,31.3100,234.1120,0.000338
_4984_,VSS,Metal1,147.4700,226.5520,0.001273
_4983_,VSS,Metal1,25.5500,272.4070,0.000046
_4982_,VSS,Metal1,144.5900,264.3520,0.000766
_4981_,VSS,Metal1,51.4700,196.8070,0.000219
_4980_,VSS,Metal1,141.2300,279.4720,0.000620
_4979_,VSS,Metal1,99.9500,271.9120,0.000073
_4978_,VSS,Metal1,79.3100,257.2870,0.000126
_4977_,VSS,Metal1,70.6700,279.4720,0.000423
_4976_,VSS,Metal1,49.0700,279.4720,0.000317
_4975_,VSS,Metal1,75.9500,211.4320,0.000686
_4974_,VSS,Metal1,15.9500,196.8070,0.000052
_4973_,VSS,Metal1,112.6900,234.1120,0.000190
_4972_,VSS,Metal1,152.2700,203.8720,0.000600
_4971_,VSS,Metal1,145.0700,188.7520,0.000380
_4970_,VSS,Metal1,304.4300,83.4070,0.001312
_4969_,VSS,Metal1,308.7500,60.7270,0.000299
_4968_,VSS,Metal1,268.9100,83.4070,0.000586
_4967_,VSS,Metal1,307.7900,75.3520,0.000865
_4966_,VSS,Metal1,134.7700,310.2070,0.000195
_4965_,VSS,Metal1,125.8700,317.7670,0.000467
_4964_,VSS,Metal1,305.1700,113.1520,0.001009
_4963_,VSS,Metal1,306.8300,128.2720,0.001225
_4962_,VSS,Metal1,307.3100,143.3920,0.000763
_4961_,VSS,Metal1,306.3500,159.0070,0.000448
_4960_,VSS,Metal1,306.8300,166.0720,0.002136
_4959_,VSS,Metal1,307.3100,189.2470,0.002262
_4958_,VSS,Metal1,304.9100,203.8720,0.000810
_4957_,VSS,Metal1,307.3100,211.9270,0.001035
_4956_,VSS,Metal1,302.9900,226.5520,0.001232
_4955_,VSS,Metal1,304.9100,241.6720,0.000821
_4954_,VSS,Metal1,307.7900,264.8470,0.001205
_4953_,VSS,Metal1,298.6700,271.9120,0.000476
_4952_,VSS,Metal1,307.3100,272.4070,0.000519
_4951_,VSS,Metal1,304.9100,302.1520,0.001040
_4950_,VSS,Metal1,309.2300,317.2720,0.000483
_4949_,VSS,Metal1,291.9500,317.7670,0.000395
_4948_,VSS,Metal1,275.6300,271.9120,0.000248
_4947_,VSS,Metal1,278.9900,317.2720,0.000298
_4946_,VSS,Metal1,272.0500,317.7670,0.000261
_4945_,VSS,Metal1,265.5500,295.0870,0.002108
_4944_,VSS,Metal1,264.3700,310.2070,0.000462
_4943_,VSS,Metal1,250.9300,317.7670,0.000152
_4942_,VSS,Metal1,229.0700,317.2720,0.000467
_4941_,VSS,Metal1,224.7500,287.0320,0.000141
_4940_,VSS,Metal1,205.0700,287.5270,0.000186
_4939_,VSS,Metal1,209.8700,317.2720,0.000513
_4938_,VSS,Metal1,192.3700,309.7120,0.000482
_4937_,VSS,Metal1,173.8700,310.2070,0.000085
_4936_,VSS,Metal1,169.3300,317.2720,0.000107
_4935_,VSS,Metal1,148.4300,295.0870,0.000208
_4934_,VSS,Metal1,143.4100,30.4870,0.000459
_4933_,VSS,Metal1,72.5900,29.9920,0.000335
_4932_,VSS,Metal1,9.0100,53.1670,0.000137
_4931_,VSS,Metal1,88.4300,29.9920,0.000177
_4930_,VSS,Metal1,103.3100,22.4320,0.000241
_4929_,VSS,Metal1,35.1500,22.4320,0.000181
_4928_,VSS,Metal1,114.8300,90.4720,0.000126
_4927_,VSS,Metal1,142.1900,75.8470,0.000262
_4926_,VSS,Metal1,62.5100,75.8470,0.000556
_4925_,VSS,Metal1,10.6700,90.9670,0.000129
_4924_,VSS,Metal1,31.7900,98.0320,0.000307
_4923_,VSS,Metal1,84.8500,136.3270,0.000649
_4922_,VSS,Metal1,12.3700,143.3920,0.000036
_4921_,VSS,Metal1,17.3900,181.6870,0.000156
_4920_,VSS,Metal1,108.5900,128.2720,0.000164
_4919_,VSS,Metal1,70.6700,166.0720,0.000230
_4918_,VSS,Metal1,137.3900,173.6320,0.000073
_4917_,VSS,Metal1,10.6700,242.1670,0.000082
_4916_,VSS,Metal1,306.4930,113.7100,0.001016
_4915_,VSS,Metal1,305.4290,121.2310,0.001514
_4914_,VSS,Metal1,306.7400,120.6700,0.001514
_4913_,VSS,Metal1,309.9300,121.2310,0.001516
_4912_,VSS,Metal1,303.8750,128.3650,0.001172
_4911_,VSS,Metal1,311.4390,120.6260,0.001517
_4910_,VSS,Metal1,299.0750,128.6750,0.001084
_4909_,VSS,Metal1,303.9210,135.3950,0.001233
_4908_,VSS,Metal1,298.0450,135.9250,0.001204
_4907_,VSS,Metal1,295.9060,151.5100,0.002876
_4906_,VSS,Metal1,304.5730,151.5100,0.002941
_4905_,VSS,Metal1,293.8130,151.5300,0.002641
_4904_,VSS,Metal1,300.6290,135.8080,0.001213
_4903_,VSS,Metal1,301.4910,128.3400,0.001155
_4902_,VSS,Metal1,309.5470,128.3400,0.001226
_4901_,VSS,Metal1,316.1650,128.2670,0.001225
_4900_,VSS,Metal1,312.7060,121.2700,0.001517
_4899_,VSS,Metal1,304.5460,143.9500,0.000733
_4898_,VSS,Metal1,301.5200,151.5330,0.002937
_4897_,VSS,Metal1,298.1150,151.3550,0.002900
_4896_,VSS,Metal1,300.3300,150.9280,0.002937
_4895_,VSS,Metal1,302.3800,143.9300,0.000733
_4894_,VSS,Metal1,310.4100,143.3680,0.000765
_4893_,VSS,Metal1,302.4350,158.9150,0.000398
_4892_,VSS,Metal1,304.1650,158.5070,0.000432
_4891_,VSS,Metal1,301.9720,158.5800,0.000398
_4890_,VSS,Metal1,300.4270,158.9400,0.000367
_4889_,VSS,Metal1,298.7090,158.4880,0.000363
_4888_,VSS,Metal1,297.5650,174.0350,0.004312
_4887_,VSS,Metal1,306.0130,174.1900,0.004404
_4886_,VSS,Metal1,302.4520,181.2600,0.000586
_4885_,VSS,Metal1,299.9480,174.0600,0.004354
_4884_,VSS,Metal1,308.9700,151.4710,0.003301
_4883_,VSS,Metal1,311.4660,151.5300,0.003316
_4882_,VSS,Metal1,304.5460,166.6300,0.002036
_4881_,VSS,Metal1,302.5490,174.1510,0.004382
_4880_,VSS,Metal1,300.4260,181.1100,0.000563
_4879_,VSS,Metal1,303.2100,173.6080,0.004382
_4878_,VSS,Metal1,302.4530,166.6500,0.002036
_4877_,VSS,Metal1,306.7400,166.6100,0.002136
_4876_,VSS,Metal1,313.7650,166.0670,0.002257
_4875_,VSS,Metal1,311.2660,166.0100,0.002168
_4874_,VSS,Metal1,304.5730,189.3100,0.002229
_4873_,VSS,Metal1,300.0530,188.6700,0.001904
_4872_,VSS,Metal1,304.3720,188.8200,0.002229
_4871_,VSS,Metal1,301.7650,188.7470,0.002215
_4870_,VSS,Metal1,299.7730,181.7500,0.000563
_4869_,VSS,Metal1,303.0220,203.8860,0.000794
_4868_,VSS,Metal1,297.6350,211.8350,0.000921
_4867_,VSS,Metal1,306.1860,211.3500,0.001033
_4866_,VSS,Metal1,303.2100,181.7110,0.000586
_4865_,VSS,Metal1,305.9020,181.6730,0.000586
_4864_,VSS,Metal1,311.4390,181.7730,0.000640
_4863_,VSS,Metal1,305.5060,196.8700,0.001551
_4862_,VSS,Metal1,303.4130,196.8900,0.001552
_4861_,VSS,Metal1,300.5600,204.4530,0.000773
_4860_,VSS,Metal1,304.6500,204.3910,0.000810
_4859_,VSS,Metal1,301.2150,203.8560,0.000774
_4858_,VSS,Metal1,311.8500,196.2880,0.001567
_4857_,VSS,Metal1,308.5860,196.2300,0.001561
_4856_,VSS,Metal1,305.6050,219.4920,0.000741
_4855_,VSS,Metal1,303.8750,211.5250,0.001028
_4854_,VSS,Metal1,303.8750,219.0850,0.000706
_4853_,VSS,Metal1,303.5850,211.9430,0.001028
_4852_,VSS,Metal1,301.0400,212.0130,0.001024
_4851_,VSS,Metal1,300.6290,211.4080,0.001024
_4850_,VSS,Metal1,297.6510,211.5000,0.000921
_4849_,VSS,Metal1,295.7330,212.0100,0.000910
_4848_,VSS,Metal1,296.6750,242.1720,0.000760
_4847_,VSS,Metal1,300.4450,241.7650,0.000771
_4846_,VSS,Metal1,296.2960,257.3160,0.000907
_4845_,VSS,Metal1,296.8650,256.7380,0.000907
_4844_,VSS,Metal1,311.9190,226.4660,0.001232
_4843_,VSS,Metal1,300.7330,227.1100,0.001182
_4842_,VSS,Metal1,303.6900,234.0880,0.000450
_4841_,VSS,Metal1,302.6260,241.6100,0.000791
_4840_,VSS,Metal1,299.8500,234.0880,0.000434
_4839_,VSS,Metal1,298.6130,227.1300,0.001034
_4838_,VSS,Metal1,308.0790,226.4660,0.001232
_4837_,VSS,Metal1,313.1850,219.5030,0.000798
_4836_,VSS,Metal1,303.3950,234.5150,0.000450
_4835_,VSS,Metal1,302.4520,242.1000,0.000791
_4834_,VSS,Metal1,296.4130,249.1700,0.001333
_4833_,VSS,Metal1,299.4700,249.2500,0.001337
_4832_,VSS,Metal1,291.7300,249.7270,0.000854
_4831_,VSS,Metal1,299.8500,242.1910,0.000771
_4830_,VSS,Metal1,298.3350,241.6560,0.000762
_4829_,VSS,Metal1,305.3320,242.1000,0.000821
_4828_,VSS,Metal1,312.3300,249.2080,0.001396
_4827_,VSS,Metal1,311.1380,256.7920,0.001078
_4826_,VSS,Metal1,303.8050,257.1950,0.000972
_4825_,VSS,Metal1,300.7050,257.3030,0.000957
_4824_,VSS,Metal1,300.8100,256.7680,0.000957
_4823_,VSS,Metal1,297.7550,249.7320,0.001335
_4822_,VSS,Metal1,294.0150,256.7760,0.000719
_4821_,VSS,Metal1,294.9450,249.7430,0.001311
_4820_,VSS,Metal1,302.1750,249.7430,0.001361
_4819_,VSS,Metal1,299.9480,249.6600,0.001337
_4818_,VSS,Metal1,308.5870,249.6600,0.001379
_4817_,VSS,Metal1,310.8850,257.2920,0.001078
_4816_,VSS,Metal1,315.5860,249.7900,0.001408
_4815_,VSS,Metal1,299.7460,264.9100,0.001129
_4814_,VSS,Metal1,297.1730,271.8300,0.000454
_4813_,VSS,Metal1,296.7200,264.9330,0.001110
_4812_,VSS,Metal1,298.1320,264.4200,0.001110
_4811_,VSS,Metal1,293.3150,264.7550,0.001093
_4810_,VSS,Metal1,300.7330,280.0300,0.002471
_4809_,VSS,Metal1,297.8250,287.5430,0.001652
_4808_,VSS,Metal1,297.8250,294.5380,0.004293
_4807_,VSS,Metal1,294.8690,264.3280,0.001110
_4806_,VSS,Metal1,293.0250,249.7430,0.000870
_4805_,VSS,Metal1,307.5990,256.7060,0.000993
_4804_,VSS,Metal1,303.6130,279.4100,0.002517
_4803_,VSS,Metal1,304.6500,287.0080,0.001733
_4802_,VSS,Metal1,300.1490,287.0080,0.001689
_4801_,VSS,Metal1,304.0930,287.5900,0.001733
_4800_,VSS,Metal1,301.4930,279.3900,0.002471
_4799_,VSS,Metal1,312.8100,287.0080,0.001751
_4798_,VSS,Metal1,312.0530,279.3900,0.002528
_4797_,VSS,Metal1,304.8350,294.9950,0.004321
_4796_,VSS,Metal1,305.0250,294.5760,0.004321
_4795_,VSS,Metal1,302.7250,294.5870,0.004304
_4794_,VSS,Metal1,300.7060,294.5300,0.004295
_4793_,VSS,Metal1,297.6510,295.0200,0.004293
_4792_,VSS,Metal1,301.8380,303.0840,0.001031
_4791_,VSS,Metal1,300.6290,287.5510,0.001689
_4790_,VSS,Metal1,306.4950,287.5430,0.001734
_4789_,VSS,Metal1,307.2520,295.0200,0.004337
_4788_,VSS,Metal1,311.3700,302.6710,0.001066
_4787_,VSS,Metal1,313.8850,310.2120,0.001651
_4786_,VSS,Metal1,304.0660,309.6500,0.001189
_4785_,VSS,Metal1,296.3090,309.6880,0.001175
_4784_,VSS,Metal1,300.8100,309.6880,0.001178
_4783_,VSS,Metal1,293.7400,309.6700,0.001175
_4782_,VSS,Metal1,306.2600,310.2500,0.001647
_4781_,VSS,Metal1,308.8950,310.2230,0.001649
_4780_,VSS,Metal1,311.9180,310.6440,0.001651
_4779_,VSS,Metal1,312.1550,309.7070,0.001651
_4778_,VSS,Metal1,292.7650,310.1150,0.001169
_4777_,VSS,Metal1,289.7650,302.6520,0.000912
_4776_,VSS,Metal1,291.1350,302.1360,0.000912
_4775_,VSS,Metal1,292.8510,302.2200,0.000941
_4774_,VSS,Metal1,293.6100,302.6710,0.000941
_4773_,VSS,Metal1,296.1060,302.7300,0.000941
_4772_,VSS,Metal1,303.6900,310.2310,0.001189
_4771_,VSS,Metal1,285.3460,279.4100,0.001823
_4770_,VSS,Metal1,280.0930,264.9100,0.001073
_4769_,VSS,Metal1,279.4130,272.4900,0.000340
_4768_,VSS,Metal1,282.5700,272.4310,0.000340
_4767_,VSS,Metal1,280.8810,286.5950,0.001568
_4766_,VSS,Metal1,290.0300,272.4070,0.000425
_4765_,VSS,Metal1,287.1890,272.4310,0.000340
_4764_,VSS,Metal1,277.8100,272.4070,0.000340
_4763_,VSS,Metal1,282.9450,264.8630,0.001073
_4762_,VSS,Metal1,285.0100,272.4070,0.000341
_4761_,VSS,Metal1,285.2690,287.0080,0.001636
_4760_,VSS,Metal1,287.4660,302.7300,0.000912
_4759_,VSS,Metal1,277.8850,294.6850,0.004039
_4758_,VSS,Metal1,278.7250,287.5320,0.001470
_4757_,VSS,Metal1,278.7980,286.5950,0.001468
_4756_,VSS,Metal1,280.6450,279.9720,0.001602
_4755_,VSS,Metal1,271.2350,279.8750,0.000568
_4754_,VSS,Metal1,257.7950,279.8750,0.000124
_4753_,VSS,Metal1,267.4110,279.5400,0.000449
_4752_,VSS,Metal1,268.8350,279.8750,0.000512
_4751_,VSS,Metal1,281.7070,287.4600,0.001568
_4750_,VSS,Metal1,283.0900,279.9670,0.001602
_4749_,VSS,Metal1,283.5250,287.5320,0.001609
_4748_,VSS,Metal1,276.7050,287.5430,0.001404
_4747_,VSS,Metal1,277.4750,302.5550,0.000746
_4746_,VSS,Metal1,276.9250,309.7070,0.000840
_4745_,VSS,Metal1,265.4070,279.9890,0.000449
_4744_,VSS,Metal1,264.1490,279.4480,0.000444
_4743_,VSS,Metal1,261.1550,279.5650,0.000303
_4742_,VSS,Metal1,260.7890,279.9910,0.000303
_4741_,VSS,Metal1,269.6500,279.4720,0.000512
_4740_,VSS,Metal1,274.8900,302.6710,0.000727
_4739_,VSS,Metal1,266.1730,294.5300,0.002108
_4738_,VSS,Metal1,264.0530,294.5100,0.000159
_4737_,VSS,Metal1,268.1700,287.0080,0.001247
_4736_,VSS,Metal1,264.3300,287.0080,0.001206
_4735_,VSS,Metal1,261.3750,287.0160,0.000354
_4734_,VSS,Metal1,270.6390,302.0660,0.000675
_4733_,VSS,Metal1,271.4250,302.6630,0.000675
_4732_,VSS,Metal1,246.0700,294.5860,0.000105
_4731_,VSS,Metal1,250.5250,302.2450,0.000071
_4730_,VSS,Metal1,240.6160,294.5630,0.000133
_4729_,VSS,Metal1,243.0160,294.5630,0.000133
_4728_,VSS,Metal1,248.1080,295.0200,0.000094
_4727_,VSS,Metal1,259.9330,302.7100,0.000194
_4726_,VSS,Metal1,258.8000,295.1730,0.000129
_4725_,VSS,Metal1,254.6250,302.1360,0.000131
_4724_,VSS,Metal1,250.7090,295.1110,0.000089
_4723_,VSS,Metal1,249.3750,294.5760,0.000089
_4722_,VSS,Metal1,258.2200,302.1100,0.000184
_4721_,VSS,Metal1,256.2680,309.7800,0.000119
_4720_,VSS,Metal1,258.4660,317.2100,0.000236
_4719_,VSS,Metal1,258.7270,309.6730,0.000413
_4718_,VSS,Metal1,252.2530,310.2700,0.000084
_4717_,VSS,Metal1,250.1330,310.2900,0.000101
_4716_,VSS,Metal1,252.0800,294.5060,0.000082
_4715_,VSS,Metal1,252.5320,302.2200,0.000071
_4714_,VSS,Metal1,238.3060,294.5300,0.000238
_4713_,VSS,Metal1,230.8800,294.5460,0.000256
_4712_,VSS,Metal1,255.2100,295.1110,0.000129
_4711_,VSS,Metal1,255.1350,294.5760,0.000129
_4710_,VSS,Metal1,255.6900,310.2310,0.000119
_4709_,VSS,Metal1,231.3920,302.6690,0.000362
_4708_,VSS,Metal1,232.6500,295.1110,0.000246
_4707_,VSS,Metal1,229.4750,302.2450,0.000377
_4706_,VSS,Metal1,235.2800,302.0660,0.000337
_4705_,VSS,Metal1,235.2530,295.1700,0.000238
_4704_,VSS,Metal1,237.9700,302.1520,0.000190
_4703_,VSS,Metal1,239.3700,302.6710,0.000178
_4702_,VSS,Metal1,253.9730,309.6300,0.000105
_4701_,VSS,Metal1,226.5250,287.4350,0.000137
_4700_,VSS,Metal1,233.1250,287.5320,0.000106
_4699_,VSS,Metal1,228.0520,294.6600,0.000270
_4698_,VSS,Metal1,234.1870,294.6600,0.000245
_4697_,VSS,Metal1,227.6690,295.1110,0.000270
_4696_,VSS,Metal1,209.7950,294.9950,0.000261
_4695_,VSS,Metal1,226.1900,294.5920,0.000271
_4694_,VSS,Metal1,222.1590,295.1730,0.000273
_4693_,VSS,Metal1,220.2850,310.2120,0.000491
_4692_,VSS,Metal1,207.6130,295.1500,0.000258
_4691_,VSS,Metal1,205.4930,295.1700,0.000236
_4690_,VSS,Metal1,204.1490,294.5680,0.000236
_4689_,VSS,Metal1,207.5860,302.7100,0.000468
_4688_,VSS,Metal1,207.5090,287.5510,0.000190
_4687_,VSS,Metal1,210.9750,287.5430,0.000187
_4686_,VSS,Metal1,215.6620,302.1660,0.000442
_4685_,VSS,Metal1,212.7210,303.0840,0.000468
_4684_,VSS,Metal1,220.1650,302.6520,0.000429
_4683_,VSS,Metal1,208.2850,310.1150,0.000509
_4682_,VSS,Metal1,206.6250,309.6960,0.000500
_4681_,VSS,Metal1,204.1490,302.6710,0.000462
_4680_,VSS,Metal1,189.1550,302.2450,0.000369
_4679_,VSS,Metal1,203.7450,309.6960,0.000494
_4678_,VSS,Metal1,201.1720,302.5800,0.000453
_4677_,VSS,Metal1,205.0700,302.1520,0.000462
_4676_,VSS,Metal1,203.2650,302.1360,0.000462
_4675_,VSS,Metal1,202.1900,309.7120,0.000492
_4674_,VSS,Metal1,212.0100,309.6880,0.000512
_4673_,VSS,Metal1,190.3330,309.6500,0.000482
_4672_,VSS,Metal1,191.3700,302.6710,0.000405
_4671_,VSS,Metal1,175.4260,302.0900,0.000064
_4670_,VSS,Metal1,186.8690,302.6710,0.000331
_4669_,VSS,Metal1,184.5750,302.6630,0.000328
_4668_,VSS,Metal1,184.3730,309.6300,0.000402
_4667_,VSS,Metal1,187.5300,309.6880,0.000450
_4666_,VSS,Metal1,193.8210,317.2720,0.000397
_4665_,VSS,Metal1,176.1250,310.1150,0.000081
_4664_,VSS,Metal1,176.3850,309.6960,0.000067
_4663_,VSS,Metal1,173.9090,302.6710,0.000064
_4662_,VSS,Metal1,166.5950,302.5550,0.000138
_4661_,VSS,Metal1,177.1720,302.5800,0.000293
_4660_,VSS,Metal1,174.9750,309.6960,0.000085
_4659_,VSS,Metal1,171.4130,302.7300,0.000080
_4658_,VSS,Metal1,184.0950,310.2230,0.000402
_4657_,VSS,Metal1,187.5980,324.3950,0.000203
_4656_,VSS,Metal1,196.1650,317.2670,0.000423
_4655_,VSS,Metal1,164.8660,310.2700,0.000183
_4654_,VSS,Metal1,160.9490,309.6880,0.000203
_4653_,VSS,Metal1,149.9860,302.0900,0.000489
_4652_,VSS,Metal1,165.4500,309.6880,0.000183
_4651_,VSS,Metal1,168.2550,309.6960,0.000179
_4650_,VSS,Metal1,162.7730,310.2900,0.000195
_4649_,VSS,Metal1,169.8390,310.2930,0.000172
_4648_,VSS,Metal1,150.6850,294.9950,0.000194
_4647_,VSS,Metal1,156.2250,294.5760,0.000158
_4646_,VSS,Metal1,153.2000,302.7330,0.000424
_4645_,VSS,Metal1,154.1150,310.1150,0.000212
_4644_,VSS,Metal1,153.4500,302.1280,0.000424
_4643_,VSS,Metal1,156.0200,302.1100,0.000140
_4642_,VSS,Metal1,226.1120,22.4100,0.000200
_4641_,VSS,Metal1,229.6950,22.4160,0.000175
_4640_,VSS,Metal1,222.7550,15.2750,0.000125
_4639_,VSS,Metal1,222.0160,22.4630,0.000334
_4638_,VSS,Metal1,224.1060,23.0100,0.000318
_4637_,VSS,Metal1,215.9650,22.5250,0.000488
_4636_,VSS,Metal1,219.4130,15.4500,0.000128
_4635_,VSS,Metal1,214.1150,15.2750,0.000132
_4634_,VSS,Metal1,217.9550,22.5250,0.000397
_4633_,VSS,Metal1,212.0500,22.3980,0.000510
_4632_,VSS,Metal1,211.9050,22.9430,0.000510
_4631_,VSS,Metal1,179.1210,21.9950,0.000320
_4630_,VSS,Metal1,184.0240,22.3080,0.000430
_4629_,VSS,Metal1,179.3830,29.9630,0.000116
_4628_,VSS,Metal1,187.7900,22.4320,0.000435
_4627_,VSS,Metal1,180.3370,15.3530,0.000035
_4626_,VSS,Metal1,180.0520,22.8600,0.000320
_4625_,VSS,Metal1,182.8450,15.2750,0.000035
_4624_,VSS,Metal1,179.2950,90.9830,0.000143
_4623_,VSS,Metal1,175.9350,91.0210,0.000027
_4622_,VSS,Metal1,173.0260,91.0300,0.000078
_4621_,VSS,Metal1,176.5030,98.0030,0.000026
_4620_,VSS,Metal1,174.7270,98.4470,0.000052
_4619_,VSS,Metal1,171.6850,98.5320,0.000072
_4618_,VSS,Metal1,173.7600,97.9860,0.000052
_4617_,VSS,Metal1,171.0160,98.0030,0.000078
_4616_,VSS,Metal1,157.8850,83.3150,0.000489
_4615_,VSS,Metal1,162.7200,90.4260,0.000138
_4614_,VSS,Metal1,159.6900,90.4480,0.000141
_4613_,VSS,Metal1,165.6520,90.9000,0.000131
_4612_,VSS,Metal1,153.5650,90.5650,0.000158
_4611_,VSS,Metal1,156.0000,90.4260,0.000152
_4610_,VSS,Metal1,158.8600,91.0100,0.000141
_4609_,VSS,Metal1,152.1950,98.1250,0.000305
_4608_,VSS,Metal1,158.6950,97.9080,0.000240
_4607_,VSS,Metal1,156.4450,90.8750,0.000152
_4606_,VSS,Metal1,155.0400,97.9860,0.000250
_4605_,VSS,Metal1,155.6000,98.6130,0.000249
_4604_,VSS,Metal1,163.6450,105.6850,0.000384
_4603_,VSS,Metal1,166.0800,105.5460,0.000373
_4602_,VSS,Metal1,161.9090,106.1110,0.000387
_4601_,VSS,Metal1,159.3070,106.0200,0.000387
_4600_,VSS,Metal1,162.6850,22.5250,0.000489
_4599_,VSS,Metal1,167.5200,113.6930,0.000056
_4598_,VSS,Metal1,163.8290,113.6710,0.000063
_4597_,VSS,Metal1,162.2930,113.0700,0.000067
_4596_,VSS,Metal1,164.6050,120.8050,0.000176
_4595_,VSS,Metal1,166.5600,121.2530,0.000169
_4594_,VSS,Metal1,162.8690,121.2310,0.000178
_4593_,VSS,Metal1,162.7720,128.3400,0.000270
_4592_,VSS,Metal1,159.8050,113.5550,0.000222
_4591_,VSS,Metal1,156.9600,113.6930,0.000223
_4590_,VSS,Metal1,157.5890,121.2310,0.000197
_4589_,VSS,Metal1,160.3400,120.6700,0.000188
_4588_,VSS,Metal1,157.4050,151.0450,0.000292
_4587_,VSS,Metal1,164.6400,150.9060,0.000140
_4586_,VSS,Metal1,159.3800,150.9100,0.000175
_4585_,VSS,Metal1,162.2050,151.0450,0.000175
_4584_,VSS,Metal1,160.6150,151.5720,0.000175
_4583_,VSS,Metal1,180.7050,159.0230,0.000476
_4582_,VSS,Metal1,178.5600,159.0530,0.000064
_4581_,VSS,Metal1,172.9490,159.0310,0.000056
_4580_,VSS,Metal1,175.9050,159.0230,0.000031
_4579_,VSS,Metal1,169.0120,256.8600,0.000052
_4578_,VSS,Metal1,171.8400,249.7730,0.001005
_4577_,VSS,Metal1,168.7060,249.7900,0.001244
_4576_,VSS,Metal1,163.2350,249.6350,0.002041
_4575_,VSS,Metal1,158.1750,256.7380,0.000194
_4574_,VSS,Metal1,165.1550,256.8850,0.000172
_4573_,VSS,Metal1,166.0800,249.7730,0.002038
_4572_,VSS,Metal1,165.0660,227.1300,0.001644
_4571_,VSS,Metal1,162.3200,256.7060,0.000172
_4570_,VSS,Metal1,159.8910,249.6600,0.002984
_4569_,VSS,Metal1,158.6550,264.2980,0.000727
_4568_,VSS,Metal1,156.7360,272.3760,0.000231
_4567_,VSS,Metal1,157.0700,279.4720,0.000564
_4566_,VSS,Metal1,153.6070,280.0060,0.000608
_4565_,VSS,Metal1,244.4690,317.7910,0.000356
_4564_,VSS,Metal1,244.1830,317.2430,0.000356
_4563_,VSS,Metal1,248.4130,280.0300,0.000218
_4562_,VSS,Metal1,246.0970,279.9530,0.000277
_4561_,VSS,Metal1,240.1490,317.7910,0.000442
_4560_,VSS,Metal1,242.3650,309.8050,0.000332
_4559_,VSS,Metal1,243.5850,302.6630,0.000178
_4558_,VSS,Metal1,237.5180,318.2040,0.000441
_4557_,VSS,Metal1,235.2530,309.6300,0.000385
_4556_,VSS,Metal1,238.5920,309.6900,0.000385
_4555_,VSS,Metal1,229.5890,317.7910,0.000467
_4554_,VSS,Metal1,232.8510,317.7000,0.000441
_4553_,VSS,Metal1,225.5670,317.7890,0.000506
_4552_,VSS,Metal1,215.5550,317.3650,0.000513
_4551_,VSS,Metal1,218.9320,324.9000,0.000438
_4550_,VSS,Metal1,220.7650,309.8050,0.000491
_4549_,VSS,Metal1,222.9450,302.1360,0.000412
_4548_,VSS,Metal1,205.5890,317.2480,0.000511
_4547_,VSS,Metal1,207.8930,317.8500,0.000512
_4546_,VSS,Metal1,204.4470,317.7890,0.000511
_4545_,VSS,Metal1,189.6350,294.9950,0.000200
_4544_,VSS,Metal1,190.5250,294.6850,0.000200
_4543_,VSS,Metal1,187.9050,294.5760,0.000140
_4542_,VSS,Metal1,185.9850,294.5760,0.000140
_4541_,VSS,Metal1,171.4410,287.9640,0.000107
_4540_,VSS,Metal1,172.2870,294.5700,0.000150
_4539_,VSS,Metal1,169.4930,287.6100,0.000113
_4538_,VSS,Metal1,166.5950,287.4350,0.000131
_4537_,VSS,Metal1,163.6450,287.1250,0.000134
_4536_,VSS,Metal1,161.2260,286.9500,0.000188
_4535_,VSS,Metal1,165.6510,287.1000,0.000134
_4534_,VSS,Metal1,162.2750,272.3150,0.000193
_4533_,VSS,Metal1,163.6450,241.7650,0.000411
_4532_,VSS,Metal1,160.3730,272.4900,0.000224
_4531_,VSS,Metal1,160.8510,257.2200,0.000172
_4530_,VSS,Metal1,156.0510,241.7400,0.000408
_4529_,VSS,Metal1,161.6100,242.1910,0.000413
_4528_,VSS,Metal1,161.3320,234.5400,0.000284
_4527_,VSS,Metal1,156.9270,242.1890,0.000408
_4526_,VSS,Metal1,157.4720,317.7890,0.000390
_4525_,VSS,Metal1,152.8930,317.8300,0.000503
_4524_,VSS,Metal1,153.1730,317.1900,0.000503
_4523_,VSS,Metal1,311.6560,90.4430,0.000445
_4522_,VSS,Metal1,271.7150,105.9950,0.000357
_4521_,VSS,Metal1,275.8450,90.9720,0.000329
_4520_,VSS,Metal1,272.6930,113.0700,0.000125
_4519_,VSS,Metal1,269.5060,106.1500,0.000356
_4518_,VSS,Metal1,131.5520,241.6500,0.000323
_4517_,VSS,Metal1,13.9520,249.7490,0.000212
_4516_,VSS,Metal1,132.9270,166.5890,0.000696
_4515_,VSS,Metal1,75.8720,159.0290,0.000243
_4514_,VSS,Metal1,115.2320,121.2290,0.000162
_4513_,VSS,Metal1,18.2720,173.6100,0.000047
_4512_,VSS,Metal1,9.6320,136.3490,0.000074
_4511_,VSS,Metal1,84.4470,135.8100,0.000649
_4510_,VSS,Metal1,35.5520,98.0100,0.000307
_4509_,VSS,Metal1,13.4720,83.4290,0.000710
_4508_,VSS,Metal1,66.7520,75.3300,0.000573
_4507_,VSS,Metal1,136.7670,82.8900,0.000816
_4506_,VSS,Metal1,118.1120,83.4290,0.000636
_4505_,VSS,Metal1,41.3120,22.4100,0.000181
_4504_,VSS,Metal1,108.0320,22.9490,0.000483
_4503_,VSS,Metal1,87.3270,22.4100,0.000239
_4502_,VSS,Metal1,14.9120,45.0900,0.000100
_4501_,VSS,Metal1,75.8720,29.9700,0.000335
_4500_,VSS,Metal1,144.9920,29.9700,0.000459
_4499_,VSS,Metal1,141.9300,324.8080,0.000416
_4498_,VSS,Metal1,146.1750,317.7830,0.000544
_4497_,VSS,Metal1,144.2530,310.2700,0.000222
_4496_,VSS,Metal1,146.8260,309.6300,0.000221
_4495_,VSS,Metal1,147.6900,310.2310,0.000221
_4494_,VSS,Metal1,150.8690,310.2310,0.000219
_4493_,VSS,Metal1,152.4150,309.6960,0.000217
_4492_,VSS,Metal1,149.0550,317.7830,0.000544
_4491_,VSS,Metal1,303.5300,90.9730,0.000416
_4490_,VSS,Metal1,287.1890,90.4480,0.000385
_4489_,VSS,Metal1,283.2530,83.4900,0.000625
_4488_,VSS,Metal1,306.6850,90.8750,0.000421
_4487_,VSS,Metal1,300.4270,90.9000,0.000407
_4486_,VSS,Metal1,309.0850,90.8750,0.000421
_4485_,VSS,Metal1,302.1450,98.0160,0.000528
_4484_,VSS,Metal1,303.3950,75.4450,0.000815
_4483_,VSS,Metal1,304.5450,75.8630,0.000839
_4482_,VSS,Metal1,266.4350,75.7550,0.000263
_4481_,VSS,Metal1,263.2950,75.9010,0.000233
_4480_,VSS,Metal1,238.8850,75.3470,0.000105
_4479_,VSS,Metal1,236.6470,75.3130,0.000106
_4478_,VSS,Metal1,226.9410,75.3520,0.000105
_4477_,VSS,Metal1,224.1670,121.2460,0.000403
_4476_,VSS,Metal1,222.7270,174.1660,0.000270
_4475_,VSS,Metal1,254.6250,128.2560,0.000058
_4474_,VSS,Metal1,214.8150,174.1810,0.000445
_4473_,VSS,Metal1,213.1270,264.7670,0.000343
_4472_,VSS,Metal1,196.4180,264.8470,0.000341
_4471_,VSS,Metal1,189.9370,264.8330,0.000330
_4470_,VSS,Metal1,177.1270,203.8330,0.000030
_4469_,VSS,Metal1,177.1710,151.3800,0.000039
_4468_,VSS,Metal1,269.9850,75.8630,0.000291
_4467_,VSS,Metal1,304.5460,67.7300,0.001080
_4466_,VSS,Metal1,300.1360,67.7630,0.001080
_4465_,VSS,Metal1,291.8050,68.2920,0.000441
_4464_,VSS,Metal1,289.1860,121.2700,0.001311
_4463_,VSS,Metal1,302.8260,60.1500,0.000296
_4462_,VSS,Metal1,288.7050,75.3360,0.000566
_4461_,VSS,Metal1,284.2130,68.3700,0.000323
_4460_,VSS,Metal1,311.9470,45.1800,0.002661
_4459_,VSS,Metal1,289.4750,68.1950,0.000395
_4458_,VSS,Metal1,302.3460,67.7100,0.001080
_4457_,VSS,Metal1,292.0650,75.3360,0.000594
_4456_,VSS,Metal1,300.0810,82.4750,0.001247
_4455_,VSS,Metal1,291.6700,82.9060,0.001100
_4454_,VSS,Metal1,288.2260,82.8500,0.001100
_4453_,VSS,Metal1,253.6660,83.4700,0.000041
_4452_,VSS,Metal1,251.4850,75.8520,0.000034
_4451_,VSS,Metal1,250.5250,83.4120,0.000057
_4450_,VSS,Metal1,251.0470,91.0060,0.000052
_4449_,VSS,Metal1,248.1670,83.4460,0.000057
_4448_,VSS,Metal1,251.9920,90.4330,0.000052
_4447_,VSS,Metal1,254.8450,90.5650,0.000077
_4446_,VSS,Metal1,247.5430,68.3160,0.000077
_4445_,VSS,Metal1,252.9670,68.3260,0.000070
_4444_,VSS,Metal1,254.1450,75.3360,0.000102
_4443_,VSS,Metal1,236.4130,196.2500,0.000315
_4442_,VSS,Metal1,230.8870,196.8460,0.000323
_4441_,VSS,Metal1,237.1550,196.8120,0.000315
_4440_,VSS,Metal1,234.2750,196.8120,0.000320
_4439_,VSS,Metal1,232.3550,203.8670,0.000157
_4438_,VSS,Metal1,236.0610,204.3670,0.000123
_4437_,VSS,Metal1,236.6320,203.8330,0.000123
_4436_,VSS,Metal1,234.8560,211.4030,0.000468
_4435_,VSS,Metal1,232.3270,204.4060,0.000157
_4434_,VSS,Metal1,233.2870,196.2730,0.000321
_4433_,VSS,Metal1,233.3330,181.1100,0.000154
_4432_,VSS,Metal1,302.6530,53.2300,0.001209
_4431_,VSS,Metal1,303.3250,52.7650,0.001209
_4430_,VSS,Metal1,310.0450,37.9550,0.000159
_4429_,VSS,Metal1,307.4260,38.1100,0.000159
_4428_,VSS,Metal1,142.7860,181.7500,0.000519
_4427_,VSS,Metal1,144.4260,181.1100,0.000520
_4426_,VSS,Metal1,153.0870,196.8290,0.000113
_4425_,VSS,Metal1,107.4870,234.6290,0.000163
_4424_,VSS,Metal1,26.9120,196.8290,0.000043
_4423_,VSS,Metal1,71.9670,211.9490,0.000653
_4422_,VSS,Metal1,52.3520,279.4500,0.000404
_4421_,VSS,Metal1,74.4320,279.9890,0.000425
_4420_,VSS,Metal1,74.3670,264.3300,0.000376
_4419_,VSS,Metal1,102.7520,264.8690,0.000058
_4418_,VSS,Metal1,136.7670,279.9890,0.000596
_4417_,VSS,Metal1,55.7120,196.2900,0.000229
_4416_,VSS,Metal1,140.1270,264.8690,0.000745
_4415_,VSS,Metal1,29.2450,272.0050,0.000177
_4414_,VSS,Metal1,30.9450,271.8960,0.000178
_4413_,VSS,Metal1,144.4470,219.5090,0.000396
_4412_,VSS,Metal1,34.5920,234.0900,0.000472
_4411_,VSS,Metal1,153.5670,166.0500,0.000729
_4410_,VSS,Metal1,101.2470,150.9300,0.000110
_4409_,VSS,Metal1,154.0470,136.3490,0.000475
_4408_,VSS,Metal1,40.2870,151.4690,0.000246
_4407_,VSS,Metal1,42.2720,136.3490,0.000359
_4406_,VSS,Metal1,88.7670,128.2500,0.000140
_4405_,VSS,Metal1,43.6470,90.9890,0.000359
_4404_,VSS,Metal1,37.4070,75.3300,0.000300
_4403_,VSS,Metal1,64.8320,83.4290,0.000326
_4402_,VSS,Metal1,161.7920,67.7700,0.000229
_4401_,VSS,Metal1,137.7920,90.9890,0.000136
_4400_,VSS,Metal1,53.3120,60.2100,0.000371
_4399_,VSS,Metal1,164.1270,52.6500,0.000099
_4398_,VSS,Metal1,93.1520,37.5300,0.000112
_4397_,VSS,Metal1,32.6720,60.2100,0.000256
_4396_,VSS,Metal1,167.4870,37.5300,0.000116
_4395_,VSS,Metal1,155.5520,29.9700,0.000206
_4394_,VSS,Metal1,142.7150,113.1470,0.000293
_4393_,VSS,Metal1,95.5520,188.7300,0.000399
_4392_,VSS,Metal1,102.7520,196.8290,0.000028
_4391_,VSS,Metal1,96.9920,226.5300,0.000243
_4390_,VSS,Metal1,14.4320,204.3890,0.000043
_4389_,VSS,Metal1,74.3670,219.5090,0.000194
_4388_,VSS,Metal1,41.7920,302.1300,0.000155
_4387_,VSS,Metal1,80.1920,302.1300,0.000157
_4386_,VSS,Metal1,60.5120,264.8690,0.000325
_4385_,VSS,Metal1,101.3120,295.1090,0.000057
_4384_,VSS,Metal1,131.9670,295.1090,0.000218
_4383_,VSS,Metal1,48.0320,189.2690,0.000631
_4382_,VSS,Metal1,125.7920,264.8690,0.000365
_4381_,VSS,Metal1,12.9250,302.5550,0.000064
_4380_,VSS,Metal1,16.0650,302.6630,0.000062
_4379_,VSS,Metal1,119.5520,226.5300,0.000721
_4378_,VSS,Metal1,14.9120,256.7700,0.000061
_4377_,VSS,Metal1,129.6320,150.9300,0.000271
_4376_,VSS,Metal1,90.6870,166.0500,0.000212
_4375_,VSS,Metal1,113.3120,128.7890,0.000282
_4374_,VSS,Metal1,14.9120,150.9300,0.000063
_4373_,VSS,Metal1,10.5920,120.6900,0.000153
_4372_,VSS,Metal1,67.2320,120.6900,0.000353
_4371_,VSS,Metal1,48.0320,98.0100,0.000354
_4370_,VSS,Metal1,13.4720,75.8690,0.000153
_4369_,VSS,Metal1,69.6320,98.0100,0.000418
_4368_,VSS,Metal1,131.5520,75.8690,0.000267
_4367_,VSS,Metal1,115.6470,113.1300,0.000157
_4366_,VSS,Metal1,46.0470,29.9700,0.000341
_4365_,VSS,Metal1,112.7670,22.9490,0.000483
_4364_,VSS,Metal1,92.1920,29.9700,0.000109
_4363_,VSS,Metal1,27.3920,30.5090,0.000171
_4362_,VSS,Metal1,69.6320,15.3890,0.000097
_4361_,VSS,Metal1,133.9520,22.4100,0.000579
_4360_,VSS,Metal1,139.8350,113.1470,0.000310
_4359_,VSS,Metal1,131.0720,181.1700,0.000503
_4358_,VSS,Metal1,117.0870,203.8500,0.000135
_4357_,VSS,Metal1,88.3520,242.1890,0.000218
_4356_,VSS,Metal1,27.6130,219.5500,0.000080
_4355_,VSS,Metal1,25.4930,219.5700,0.000035
_4354_,VSS,Metal1,50.1730,218.9300,0.000129
_4353_,VSS,Metal1,50.8260,226.4700,0.001967
_4352_,VSS,Metal1,40.5460,286.9700,0.000154
_4351_,VSS,Metal1,42.6660,286.9500,0.000153
_4350_,VSS,Metal1,69.1520,287.0100,0.000605
_4349_,VSS,Metal1,50.1730,256.7300,0.001051
_4348_,VSS,Metal1,47.9460,256.7100,0.001051
_4347_,VSS,Metal1,94.8130,287.5900,0.000136
_4346_,VSS,Metal1,92.6930,287.6100,0.000147
_4345_,VSS,Metal1,121.4070,287.0100,0.000158
_4344_,VSS,Metal1,47.0720,174.1490,0.000076
_4343_,VSS,Metal1,123.8720,257.3090,0.000238
_4342_,VSS,Metal1,13.8850,272.3150,0.000089
_4341_,VSS,Metal1,16.5450,272.4230,0.000089
_4340_,VSS,Metal1,143.0070,234.0900,0.000332
_4339_,VSS,Metal1,30.9730,257.3500,0.000445
_4338_,VSS,Metal1,28.8530,257.3700,0.000053
_4337_,VSS,Metal1,117.1520,158.4900,0.000117
_4336_,VSS,Metal1,81.3730,143.9500,0.000639
_4335_,VSS,Metal1,81.5460,151.5300,0.000209
_4334_,VSS,Metal1,137.7920,121.2290,0.000203
_4333_,VSS,Metal1,15.3920,166.0500,0.000054
_4332_,VSS,Metal1,16.8320,143.3700,0.000035
_4331_,VSS,Metal1,60.9920,128.2500,0.000433
_4330_,VSS,Metal1,54.2070,113.1300,0.001038
_4329_,VSS,Metal1,19.7120,75.3300,0.000149
_4328_,VSS,Metal1,83.4870,90.9890,0.000700
_4327_,VSS,Metal1,130.5920,60.7490,0.000308
_4326_,VSS,Metal1,105.1520,90.4500,0.000061
_4325_,VSS,Metal1,51.3920,30.5090,0.000348
_4324_,VSS,Metal1,112.3520,30.5090,0.000214
_4323_,VSS,Metal1,88.8320,60.7490,0.000328
_4322_,VSS,Metal1,23.0720,29.9700,0.000058
_4321_,VSS,Metal1,69.1520,29.9700,0.000349
_4320_,VSS,Metal1,145.4070,22.9490,0.000583
_4319_,VSS,Metal1,141.5470,120.7800,0.000204
_4318_,VSS,Metal1,148.7460,113.7300,0.000259
_4317_,VSS,Metal1,91.6470,181.7090,0.000190
_4316_,VSS,Metal1,99.3920,211.4100,0.000070
_4315_,VSS,Metal1,92.1270,226.5300,0.001309
_4314_,VSS,Metal1,14.9120,218.9700,0.000093
_4313_,VSS,Metal1,59.0070,234.0900,0.000835
_4312_,VSS,Metal1,43.2320,309.6900,0.000431
_4311_,VSS,Metal1,77.3120,310.2290,0.000316
_4310_,VSS,Metal1,49.9520,264.3300,0.000303
_4309_,VSS,Metal1,91.6470,317.2500,0.000263
_4308_,VSS,Metal1,120.4470,309.6900,0.000171
_4307_,VSS,Metal1,68.1270,188.7300,0.000563
_4306_,VSS,Metal1,120.5120,272.4290,0.000240
_4305_,VSS,Metal1,12.4450,279.8750,0.000165
_4304_,VSS,Metal1,15.5850,287.5430,0.000094
_4303_,VSS,Metal1,131.5520,218.9700,0.000396
_4302_,VSS,Metal1,8.1270,257.3090,0.000061
_4301_,VSS,Metal1,116.6720,173.6100,0.000054
_4300_,VSS,Metal1,80.1920,173.6100,0.000434
_4299_,VSS,Metal1,123.3920,121.2290,0.000178
_4298_,VSS,Metal1,14.9120,159.0290,0.000138
_4297_,VSS,Metal1,15.3920,120.6900,0.000143
_4296_,VSS,Metal1,72.9270,120.6900,0.000353
_4295_,VSS,Metal1,39.3920,113.6690,0.001007
_4294_,VSS,Metal1,13.4720,98.0100,0.000101
_4293_,VSS,Metal1,65.7920,90.4500,0.000658
_4292_,VSS,Metal1,121.4720,75.8690,0.000265
_4291_,VSS,Metal1,119.4870,106.1090,0.000281
_4290_,VSS,Metal1,42.2720,30.5090,0.000298
_4289_,VSS,Metal1,113.3120,52.6500,0.000457
_4288_,VSS,Metal1,90.2720,45.6290,0.000104
_4287_,VSS,Metal1,14.9120,30.5090,0.000078
_4286_,VSS,Metal1,68.6720,60.2100,0.000440
_4285_,VSS,Metal1,133.9520,37.5300,0.000193
_4284_,VSS,Metal1,140.1520,113.5670,0.000310
_4283_,VSS,Metal1,86.3650,181.5950,0.000244
_4282_,VSS,Metal1,88.5450,189.2630,0.000479
_4281_,VSS,Metal1,90.2050,196.7150,0.000082
_4280_,VSS,Metal1,92.8650,196.8230,0.000075
_4279_,VSS,Metal1,84.9250,234.2050,0.000769
_4278_,VSS,Metal1,86.6250,234.0960,0.000769
_4277_,VSS,Metal1,12.4450,196.4050,0.000054
_4276_,VSS,Metal1,9.8250,196.2960,0.000054
_4275_,VSS,Metal1,53.2450,226.6450,0.001968
_4274_,VSS,Metal1,53.5350,234.0960,0.000798
_4273_,VSS,Metal1,52.8320,302.1300,0.000228
_4272_,VSS,Metal1,69.1520,295.1090,0.000182
_4271_,VSS,Metal1,52.2850,249.3250,0.000630
_4270_,VSS,Metal1,54.4950,249.2160,0.000650
_4269_,VSS,Metal1,90.6850,272.0050,0.000256
_4268_,VSS,Metal1,94.3350,279.4560,0.000324
_4267_,VSS,Metal1,116.6720,287.5490,0.000086
_4266_,VSS,Metal1,66.6870,181.1700,0.000500
_4265_,VSS,Metal1,116.6720,249.2100,0.002696
_4264_,VSS,Metal1,13.2130,294.5300,0.000046
_4263_,VSS,Metal1,16.2660,294.5100,0.000045
_4262_,VSS,Metal1,116.1250,226.6450,0.000558
_4261_,VSS,Metal1,111.5850,219.5030,0.000188
_4260_,VSS,Metal1,14.3650,226.9550,0.000087
_4259_,VSS,Metal1,15.6150,234.6230,0.000155
_4258_,VSS,Metal1,115.7120,159.0290,0.000117
_4257_,VSS,Metal1,73.4720,150.9300,0.000264
_4256_,VSS,Metal1,119.0050,136.2350,0.000204
_4255_,VSS,Metal1,116.3850,136.3430,0.000186
_4254_,VSS,Metal1,12.4450,174.0350,0.000096
_4253_,VSS,Metal1,9.8250,174.1430,0.000099
_4252_,VSS,Metal1,15.3920,121.2290,0.000143
_4251_,VSS,Metal1,64.8320,143.9090,0.000741
_4250_,VSS,Metal1,32.1250,105.6850,0.000155
_4249_,VSS,Metal1,33.3450,113.1360,0.000919
_4248_,VSS,Metal1,12.9920,68.3090,0.000061
_4247_,VSS,Metal1,80.1920,75.3300,0.000171
_4246_,VSS,Metal1,120.9920,60.7490,0.000284
_4245_,VSS,Metal1,104.6720,98.5490,0.000048
_4244_,VSS,Metal1,43.2320,45.0900,0.000237
_4243_,VSS,Metal1,123.8070,52.6500,0.000481
_4242_,VSS,Metal1,100.8320,60.7490,0.000068
_4241_,VSS,Metal1,14.4320,38.0690,0.000049
_4240_,VSS,Metal1,73.4720,53.1890,0.000279
_4239_,VSS,Metal1,138.2070,52.6500,0.000405
_4238_,VSS,Metal1,136.9360,113.6760,0.000334
_4237_,VSS,Metal1,117.1520,189.2690,0.000323
_4236_,VSS,Metal1,138.7520,196.8290,0.000201
_4235_,VSS,Metal1,96.5120,249.7490,0.000135
_4234_,VSS,Metal1,35.0050,188.8450,0.000500
_4233_,VSS,Metal1,34.7850,196.2960,0.000081
_4232_,VSS,Metal1,68.1250,204.2750,0.000355
_4231_,VSS,Metal1,70.3350,204.3830,0.000355
_4230_,VSS,Metal1,55.2320,317.2500,0.000250
_4229_,VSS,Metal1,78.2720,309.6900,0.000316
_4228_,VSS,Metal1,61.4720,249.2100,0.000702
_4227_,VSS,Metal1,99.3920,310.2290,0.000114
_4226_,VSS,Metal1,112.2870,317.2500,0.000392
_4225_,VSS,Metal1,49.4050,166.1650,0.000316
_4224_,VSS,Metal1,45.3450,166.5830,0.000360
_4223_,VSS,Metal1,141.5670,256.7700,0.000234
_4222_,VSS,Metal1,26.1730,302.0900,0.000053
_4221_,VSS,Metal1,28.2660,302.0700,0.000053
_4220_,VSS,Metal1,125.7920,234.6290,0.000332
_4219_,VSS,Metal1,170.8800,241.6260,0.000410
_4218_,VSS,Metal1,173.5330,241.6100,0.000400
_4217_,VSS,Metal1,176.1250,241.7650,0.000028
_4216_,VSS,Metal1,173.9860,249.1700,0.000077
_4215_,VSS,Metal1,255.3250,196.8120,0.000059
_4214_,VSS,Metal1,249.8260,189.3100,0.000167
_4213_,VSS,Metal1,252.9670,196.8460,0.000040
_4212_,VSS,Metal1,252.9950,203.9650,0.000061
_4211_,VSS,Metal1,250.5600,203.8260,0.000066
_4210_,VSS,Metal1,250.5250,196.7150,0.000155
_4209_,VSS,Metal1,243.8400,196.8530,0.000155
_4208_,VSS,Metal1,254.9330,196.2300,0.000059
_4207_,VSS,Metal1,251.9460,196.2300,0.000040
_4206_,VSS,Metal1,253.2900,189.2710,0.000049
_4205_,VSS,Metal1,250.7860,188.6900,0.000166
_4204_,VSS,Metal1,253.6650,181.7030,0.000131
_4203_,VSS,Metal1,264.6350,196.8120,0.000746
_4202_,VSS,Metal1,267.7580,197.2440,0.000817
_4201_,VSS,Metal1,269.6050,196.8120,0.000843
_4200_,VSS,Metal1,268.2850,196.4050,0.000819
_4199_,VSS,Metal1,270.0130,203.8100,0.000552
_4198_,VSS,Metal1,272.8650,204.3830,0.000588
_4197_,VSS,Metal1,21.1520,241.6500,0.000063
_4196_,VSS,Metal1,175.2000,264.3060,0.000083
_4195_,VSS,Metal1,177.8530,264.2900,0.000083
_4194_,VSS,Metal1,183.2780,263.9150,0.000210
_4193_,VSS,Metal1,183.3250,264.7550,0.000210
_4192_,VSS,Metal1,272.1520,174.1660,0.000544
_4191_,VSS,Metal1,251.6010,180.7550,0.000024
_4190_,VSS,Metal1,250.5950,174.0350,0.000067
_4189_,VSS,Metal1,282.2750,174.0350,0.001476
_4188_,VSS,Metal1,285.9100,173.6260,0.001505
_4187_,VSS,Metal1,286.1150,166.4750,0.000786
_4186_,VSS,Metal1,286.7300,166.0660,0.000786
_4185_,VSS,Metal1,284.9830,151.4760,0.002250
_4184_,VSS,Metal1,251.3700,181.7110,0.000066
_4183_,VSS,Metal1,246.0150,181.1760,0.000126
_4182_,VSS,Metal1,247.9330,181.1300,0.000081
_4181_,VSS,Metal1,272.3860,173.5700,0.000544
_4180_,VSS,Metal1,277.2130,174.1900,0.001175
_4179_,VSS,Metal1,140.6070,158.4900,0.000191
_4178_,VSS,Metal1,275.0400,151.4930,0.001590
_4177_,VSS,Metal1,277.6930,151.5100,0.001594
_4176_,VSS,Metal1,272.1950,151.3550,0.001586
_4175_,VSS,Metal1,282.4930,151.5100,0.002090
_4174_,VSS,Metal1,267.8750,159.0120,0.000209
_4173_,VSS,Metal1,270.2050,166.4750,0.000428
_4172_,VSS,Metal1,273.1730,166.6500,0.000535
_4171_,VSS,Metal1,277.8850,173.7250,0.001175
_4170_,VSS,Metal1,269.6170,173.6460,0.000430
_4169_,VSS,Metal1,269.7250,174.0350,0.000430
_4168_,VSS,Metal1,256.3270,159.0460,0.000115
_4167_,VSS,Metal1,253.9730,158.4300,0.000084
_4166_,VSS,Metal1,259.6450,166.1650,0.000159
_4165_,VSS,Metal1,260.9500,159.0130,0.000156
_4164_,VSS,Metal1,255.3950,166.1650,0.000079
_4163_,VSS,Metal1,252.9600,166.0260,0.000063
_4162_,VSS,Metal1,263.0930,158.4300,0.000170
_4161_,VSS,Metal1,260.8650,158.4960,0.000156
_4160_,VSS,Metal1,248.7890,159.0310,0.000067
_4159_,VSS,Metal1,251.9460,158.4300,0.000039
_4158_,VSS,Metal1,248.7890,158.4880,0.000067
_4157_,VSS,Metal1,271.2520,166.1400,0.000458
_4156_,VSS,Metal1,275.4850,173.7250,0.001142
_4155_,VSS,Metal1,275.0050,174.0350,0.001142
_4154_,VSS,Metal1,268.5730,189.3100,0.000955
_4153_,VSS,Metal1,280.2850,173.7250,0.001376
_4152_,VSS,Metal1,278.8260,166.6500,0.000538
_4151_,VSS,Metal1,275.2930,204.4300,0.000610
_4150_,VSS,Metal1,94.5920,150.9300,0.000188
_4149_,VSS,Metal1,164.6400,151.4930,0.000140
_4148_,VSS,Metal1,165.8530,158.4500,0.000092
_4147_,VSS,Metal1,177.5650,166.4750,0.000065
_4146_,VSS,Metal1,179.7460,256.7300,0.000764
_4145_,VSS,Metal1,219.8320,166.4870,0.000515
_4144_,VSS,Metal1,229.1300,166.5730,0.000456
_4143_,VSS,Metal1,233.1300,166.0480,0.000398
_4142_,VSS,Metal1,226.0450,166.1650,0.000498
_4141_,VSS,Metal1,194.6260,159.0700,0.000726
_4140_,VSS,Metal1,197.7250,158.6050,0.000750
_4139_,VSS,Metal1,199.9330,158.4500,0.000753
_4138_,VSS,Metal1,202.3330,158.4500,0.000756
_4137_,VSS,Metal1,200.1250,158.9150,0.000753
_4136_,VSS,Metal1,197.2800,159.0530,0.000750
_4135_,VSS,Metal1,232.2670,166.5000,0.000405
_4134_,VSS,Metal1,234.6850,166.4750,0.000397
_4133_,VSS,Metal1,215.6750,166.0670,0.000515
_4132_,VSS,Metal1,216.2230,166.5360,0.000515
_4131_,VSS,Metal1,209.8960,166.5960,0.000436
_4130_,VSS,Metal1,212.6900,166.5500,0.000503
_4129_,VSS,Metal1,137.3120,136.3490,0.000590
_4128_,VSS,Metal1,154.0800,121.2530,0.000213
_4127_,VSS,Metal1,154.8130,120.6500,0.000213
_4126_,VSS,Metal1,217.9550,151.3550,0.000298
_4125_,VSS,Metal1,280.0930,151.5100,0.002072
_4124_,VSS,Metal1,213.1550,151.0450,0.000309
_4123_,VSS,Metal1,215.5270,151.4860,0.000299
_4122_,VSS,Metal1,227.9650,158.6050,0.000545
_4121_,VSS,Metal1,230.4000,158.4660,0.000427
_4120_,VSS,Metal1,211.7150,143.7950,0.000320
_4119_,VSS,Metal1,210.4100,143.3860,0.000320
_4118_,VSS,Metal1,215.0750,143.7950,0.000322
_4117_,VSS,Metal1,217.4400,150.9060,0.000296
_4116_,VSS,Metal1,208.3730,135.7500,0.000560
_4115_,VSS,Metal1,229.2900,166.0480,0.000456
_4114_,VSS,Metal1,234.0900,158.4880,0.000133
_4113_,VSS,Metal1,190.8160,150.9830,0.000305
_4112_,VSS,Metal1,210.5830,158.4830,0.000749
_4111_,VSS,Metal1,212.9830,158.4830,0.000737
_4110_,VSS,Metal1,211.6300,151.4300,0.000325
_4109_,VSS,Metal1,208.5730,151.5100,0.000325
_4108_,VSS,Metal1,32.6720,166.0500,0.000360
_4107_,VSS,Metal1,175.2000,136.3730,0.000327
_4106_,VSS,Metal1,175.4530,135.7700,0.000327
_4105_,VSS,Metal1,227.0050,135.9250,0.000575
_4104_,VSS,Metal1,269.0530,135.7700,0.000234
_4103_,VSS,Metal1,229.4750,143.3870,0.000307
_4102_,VSS,Metal1,232.2660,143.9700,0.000294
_4101_,VSS,Metal1,235.9060,143.3300,0.000289
_4100_,VSS,Metal1,234.2930,143.9700,0.000290
_4099_,VSS,Metal1,244.8350,143.3870,0.000279
_4098_,VSS,Metal1,241.9200,136.3730,0.000120
_4097_,VSS,Metal1,248.4700,143.3860,0.000270
_4096_,VSS,Metal1,251.4660,143.3100,0.000039
_4095_,VSS,Metal1,245.9850,136.3430,0.000118
_4094_,VSS,Metal1,241.4750,143.4850,0.000287
_4093_,VSS,Metal1,237.9300,143.9110,0.000287
_4092_,VSS,Metal1,233.4160,150.9230,0.000144
_4091_,VSS,Metal1,234.4930,151.5100,0.000137
_4090_,VSS,Metal1,229.4050,136.2350,0.000569
_4089_,VSS,Metal1,231.6130,136.3900,0.000536
_4088_,VSS,Metal1,222.2470,136.2470,0.000571
_4087_,VSS,Metal1,192.1360,136.3560,0.000465
_4086_,VSS,Metal1,29.7920,143.3700,0.000827
_4085_,VSS,Metal1,168.4800,120.6660,0.000168
_4084_,VSS,Metal1,171.1330,120.6500,0.000161
_4083_,VSS,Metal1,258.6380,121.6440,0.000111
_4082_,VSS,Metal1,263.0050,128.3650,0.000178
_4081_,VSS,Metal1,255.9760,128.7960,0.000092
_4080_,VSS,Metal1,255.5860,135.7700,0.000101
_4079_,VSS,Metal1,252.9950,135.9250,0.000049
_4078_,VSS,Metal1,238.1610,136.7640,0.000143
_4077_,VSS,Metal1,217.6660,143.9500,0.000324
_4076_,VSS,Metal1,212.6750,166.1650,0.000503
_4075_,VSS,Metal1,254.4520,121.1400,0.000077
_4074_,VSS,Metal1,252.0000,120.6660,0.000043
_4073_,VSS,Metal1,254.8450,120.8050,0.000077
_4072_,VSS,Metal1,251.2100,121.2130,0.000043
_4071_,VSS,Metal1,244.6450,128.2670,0.000153
_4070_,VSS,Metal1,241.9200,128.2260,0.000165
_4069_,VSS,Metal1,244.8000,121.2530,0.000165
_4068_,VSS,Metal1,242.6250,128.7830,0.000165
_4067_,VSS,Metal1,247.9050,113.6630,0.000037
_4066_,VSS,Metal1,246.7550,113.2450,0.000040
_4065_,VSS,Metal1,244.9490,120.6880,0.000165
_4064_,VSS,Metal1,253.6660,128.8300,0.000058
_4063_,VSS,Metal1,250.5950,135.9250,0.000041
_4062_,VSS,Metal1,229.2970,135.8460,0.000569
_4061_,VSS,Metal1,194.4350,136.2350,0.000519
_4060_,VSS,Metal1,61.4720,135.8100,0.000687
_4059_,VSS,Metal1,180.0000,120.6660,0.000075
_4058_,VSS,Metal1,177.3460,121.2700,0.000049
_4057_,VSS,Metal1,221.7250,121.1150,0.000420
_4056_,VSS,Metal1,265.6930,120.6500,0.000546
_4055_,VSS,Metal1,220.8810,120.2750,0.000420
_4054_,VSS,Metal1,225.7550,120.7070,0.000401
_4053_,VSS,Metal1,230.1730,120.6500,0.000360
_4052_,VSS,Metal1,227.9650,120.8050,0.000401
_4051_,VSS,Metal1,202.2160,113.6760,0.000079
_4050_,VSS,Metal1,198.6850,120.8050,0.000330
_4049_,VSS,Metal1,204.7330,113.7100,0.000080
_4048_,VSS,Metal1,202.5060,113.0700,0.000079
_4047_,VSS,Metal1,203.9650,120.8050,0.000336
_4046_,VSS,Metal1,201.1200,120.6660,0.000334
_4045_,VSS,Metal1,200.1060,121.2900,0.000334
_4044_,VSS,Metal1,236.0100,120.6880,0.000310
_4043_,VSS,Metal1,231.5150,113.6520,0.000080
_4042_,VSS,Metal1,234.6380,114.0840,0.000061
_4041_,VSS,Metal1,218.7370,120.7260,0.000427
_4040_,VSS,Metal1,216.8050,121.2120,0.000434
_4039_,VSS,Metal1,189.6350,120.8050,0.000146
_4038_,VSS,Metal1,188.8660,121.2700,0.000142
_4037_,VSS,Metal1,44.1920,113.6690,0.001054
_4036_,VSS,Metal1,152.6400,105.5460,0.000403
_4035_,VSS,Metal1,155.2930,105.5300,0.000402
_4034_,VSS,Metal1,226.1150,105.9950,0.000760
_4033_,VSS,Metal1,256.5730,106.1500,0.000077
_4032_,VSS,Metal1,221.3310,106.0200,0.000765
_4031_,VSS,Metal1,223.7150,105.9950,0.000765
_4030_,VSS,Metal1,217.0400,106.1730,0.000765
_4029_,VSS,Metal1,213.8550,106.1030,0.000755
_4028_,VSS,Metal1,232.0100,106.0930,0.000300
_4027_,VSS,Metal1,236.0100,106.1110,0.000272
_4026_,VSS,Metal1,230.3650,105.6850,0.000738
_4025_,VSS,Metal1,208.6630,105.5630,0.000724
_4024_,VSS,Metal1,202.3050,98.5430,0.000313
_4023_,VSS,Metal1,198.2400,105.5460,0.000280
_4022_,VSS,Metal1,207.8750,105.9950,0.000724
_4021_,VSS,Metal1,208.8000,98.5730,0.000312
_4020_,VSS,Metal1,210.1860,106.1700,0.000728
_4019_,VSS,Metal1,202.4050,105.5870,0.000557
_4018_,VSS,Metal1,246.5700,105.5680,0.000094
_4017_,VSS,Metal1,188.7760,106.1160,0.000211
_4016_,VSS,Metal1,190.7850,106.1030,0.000229
_4015_,VSS,Metal1,187.9330,113.0900,0.000072
_4014_,VSS,Metal1,184.4010,112.7150,0.000058
_4013_,VSS,Metal1,21.6320,98.0100,0.000099
_4012_,VSS,Metal1,156.9600,75.3060,0.000204
_4011_,VSS,Metal1,159.6130,75.2900,0.000204
_4010_,VSS,Metal1,235.6450,75.7550,0.000109
_4009_,VSS,Metal1,272.4130,75.9100,0.000291
_4008_,VSS,Metal1,231.8750,90.9720,0.000148
_4007_,VSS,Metal1,232.5730,98.5900,0.000172
_4006_,VSS,Metal1,237.5180,97.5950,0.000152
_4005_,VSS,Metal1,238.5250,90.8750,0.000125
_4004_,VSS,Metal1,239.5720,98.1000,0.000131
_4003_,VSS,Metal1,233.7520,98.1120,0.000170
_4002_,VSS,Metal1,230.0900,98.0260,0.000176
_4001_,VSS,Metal1,225.2900,90.4660,0.000181
_4000_,VSS,Metal1,207.8750,83.3150,0.000194
_3999_,VSS,Metal1,223.1460,97.9500,0.000216
_3998_,VSS,Metal1,205.4750,83.3150,0.000194
_3997_,VSS,Metal1,233.7060,91.0500,0.000147
_3996_,VSS,Metal1,246.4950,98.5430,0.000105
_3995_,VSS,Metal1,249.5650,105.6850,0.000060
_3994_,VSS,Metal1,226.3050,98.0160,0.000196
_3993_,VSS,Metal1,219.5090,98.0080,0.000220
_3992_,VSS,Metal1,192.8050,98.0270,0.000324
_3991_,VSS,Metal1,190.3360,98.0630,0.000325
_3990_,VSS,Metal1,81.1520,105.5700,0.000314
_3989_,VSS,Metal1,163.6800,75.8930,0.000186
_3988_,VSS,Metal1,166.3330,75.9100,0.000186
_3987_,VSS,Metal1,260.6050,75.7550,0.000212
_3986_,VSS,Metal1,265.6930,82.8500,0.000463
_3985_,VSS,Metal1,215.8450,82.9070,0.000133
_3984_,VSS,Metal1,212.0050,90.4670,0.000207
_3983_,VSS,Metal1,214.2350,83.4120,0.000188
_3982_,VSS,Metal1,211.5980,83.8440,0.000191
_3981_,VSS,Metal1,214.5070,90.9000,0.000207
_3980_,VSS,Metal1,213.1550,105.6850,0.000755
_3979_,VSS,Metal1,214.9580,121.6440,0.000432
_3978_,VSS,Metal1,216.9520,75.8860,0.000099
_3977_,VSS,Metal1,226.8150,83.4230,0.000133
_3976_,VSS,Metal1,236.3150,82.9070,0.000115
_3975_,VSS,Metal1,238.5250,90.5650,0.000125
_3974_,VSS,Metal1,238.2350,113.6520,0.000057
_3973_,VSS,Metal1,237.5920,151.4860,0.000110
_3972_,VSS,Metal1,236.5860,158.4300,0.000093
_3971_,VSS,Metal1,224.8650,82.8960,0.000133
_3970_,VSS,Metal1,210.7550,83.0050,0.000191
_3969_,VSS,Metal1,213.6000,82.8660,0.000188
_3968_,VSS,Metal1,209.3900,90.4720,0.000207
_3967_,VSS,Metal1,202.7300,82.9060,0.000235
_3966_,VSS,Metal1,199.7330,82.8300,0.000234
_3965_,VSS,Metal1,200.8930,75.9100,0.000055
_3964_,VSS,Metal1,221.7060,82.8300,0.000133
_3963_,VSS,Metal1,228.3300,82.8880,0.000129
_3962_,VSS,Metal1,190.4050,75.8520,0.000046
_3961_,VSS,Metal1,183.6850,83.4120,0.000133
_3960_,VSS,Metal1,188.7210,83.8440,0.000174
_3959_,VSS,Metal1,187.6450,98.1250,0.000323
_3958_,VSS,Metal1,190.1000,113.1100,0.000077
_3957_,VSS,Metal1,192.8780,135.3950,0.000465
_3956_,VSS,Metal1,198.4100,150.9460,0.000323
_3955_,VSS,Metal1,210.4930,166.0100,0.000436
_3954_,VSS,Metal1,143.9670,67.7700,0.000234
_3953_,VSS,Metal1,175.6800,60.7730,0.000040
_3952_,VSS,Metal1,176.4130,67.7300,0.000042
_3951_,VSS,Metal1,190.0450,60.6350,0.000186
_3950_,VSS,Metal1,193.2130,45.0500,0.000038
_3949_,VSS,Metal1,217.4910,60.6600,0.000374
_3948_,VSS,Metal1,209.7950,67.8850,0.000225
_3947_,VSS,Metal1,203.0750,60.6350,0.000616
_3946_,VSS,Metal1,200.8660,60.7900,0.000612
_3945_,VSS,Metal1,208.4690,60.7510,0.000615
_3944_,VSS,Metal1,224.6050,67.8850,0.000223
_3943_,VSS,Metal1,225.7700,68.2930,0.000223
_3942_,VSS,Metal1,233.6100,75.3280,0.000109
_3941_,VSS,Metal1,218.3650,67.7870,0.000224
_3940_,VSS,Metal1,202.0800,67.7460,0.000198
_3939_,VSS,Metal1,216.0000,67.7460,0.000224
_3938_,VSS,Metal1,213.3450,67.7760,0.000225
_3937_,VSS,Metal1,204.9250,67.8850,0.000225
_3936_,VSS,Metal1,216.7050,68.3030,0.000224
_3935_,VSS,Metal1,229.8670,67.8600,0.000214
_3934_,VSS,Metal1,232.2850,67.8850,0.000210
_3933_,VSS,Metal1,105.0850,113.2450,0.000155
_3932_,VSS,Metal1,102.9750,113.1360,0.000091
_3931_,VSS,Metal1,172.8000,67.7460,0.000074
_3930_,VSS,Metal1,174.0130,68.3500,0.000074
_3929_,VSS,Metal1,178.5250,60.6350,0.000061
_3928_,VSS,Metal1,176.8930,53.2300,0.000061
_3927_,VSS,Metal1,208.8350,53.1720,0.000341
_3926_,VSS,Metal1,230.0900,60.2260,0.000256
_3925_,VSS,Metal1,199.2070,53.0870,0.000330
_3924_,VSS,Metal1,192.7060,60.1700,0.000592
_3923_,VSS,Metal1,193.9720,52.7400,0.000319
_3922_,VSS,Metal1,196.5730,60.1700,0.000609
_3921_,VSS,Metal1,227.0930,60.1500,0.000274
_3920_,VSS,Metal1,236.0100,60.7510,0.000087
_3919_,VSS,Metal1,205.0960,52.6430,0.000341
_3918_,VSS,Metal1,213.5650,53.0750,0.000336
_3917_,VSS,Metal1,212.1600,60.1860,0.000418
_3916_,VSS,Metal1,209.7060,52.5900,0.000340
_3915_,VSS,Metal1,202.0450,45.5150,0.000206
_3914_,VSS,Metal1,199.2000,45.6530,0.000203
_3913_,VSS,Metal1,230.2500,60.7510,0.000256
_3912_,VSS,Metal1,211.1650,53.0750,0.000340
_3911_,VSS,Metal1,207.5860,52.6100,0.000341
_3910_,VSS,Metal1,205.6930,53.2300,0.000341
_3909_,VSS,Metal1,48.5120,60.2100,0.000369
_3908_,VSS,Metal1,171.7580,21.9950,0.000152
_3907_,VSS,Metal1,214.8130,29.9300,0.000731
_3906_,VSS,Metal1,213.0850,30.3950,0.000711
_3905_,VSS,Metal1,244.6630,29.9630,0.001062
_3904_,VSS,Metal1,245.7250,45.5150,0.000059
_3903_,VSS,Metal1,244.9700,52.6660,0.000111
_3902_,VSS,Metal1,245.1300,53.1910,0.000111
_3901_,VSS,Metal1,241.7650,45.1070,0.000073
_3900_,VSS,Metal1,238.3060,38.1100,0.000176
_3899_,VSS,Metal1,236.6750,45.2050,0.000073
_3898_,VSS,Metal1,240.0000,52.6260,0.000247
_3897_,VSS,Metal1,239.5200,45.0660,0.000073
_3896_,VSS,Metal1,240.2250,38.0630,0.000176
_3895_,VSS,Metal1,248.9700,53.1910,0.000030
_3894_,VSS,Metal1,245.2260,22.3500,0.000101
_3893_,VSS,Metal1,241.5760,22.9560,0.000129
_3892_,VSS,Metal1,246.9460,29.9300,0.001051
_3891_,VSS,Metal1,111.8720,38.0690,0.000072
_3890_,VSS,Metal1,201.6350,30.0850,0.000440
_3889_,VSS,Metal1,203.7450,22.4160,0.000571
_3888_,VSS,Metal1,209.7250,30.3950,0.000513
_3887_,VSS,Metal1,199.1460,29.9100,0.000440
_3886_,VSS,Metal1,253.8850,37.5470,0.000032
_3885_,VSS,Metal1,252.3430,52.6430,0.000022
_3884_,VSS,Metal1,251.8450,45.6120,0.000043
_3883_,VSS,Metal1,251.0400,45.0660,0.000043
_3882_,VSS,Metal1,249.6000,45.6530,0.000045
_3881_,VSS,Metal1,227.5550,45.5150,0.000105
_3880_,VSS,Metal1,226.1150,52.7650,0.000328
_3879_,VSS,Metal1,225.2560,45.6360,0.000185
_3878_,VSS,Metal1,251.8630,53.1960,0.000022
_3877_,VSS,Metal1,247.9060,52.6100,0.000030
_3876_,VSS,Metal1,253.4930,60.1500,0.000041
_3875_,VSS,Metal1,255.1050,60.2160,0.000049
_3874_,VSS,Metal1,253.9710,60.6600,0.000041
_3873_,VSS,Metal1,251.7460,60.7900,0.000031
_3872_,VSS,Metal1,252.5150,30.0850,0.000050
_3871_,VSS,Metal1,249.1000,22.9700,0.000067
_3870_,VSS,Metal1,246.2750,22.8350,0.000095
_3869_,VSS,Metal1,251.2660,22.9900,0.000056
_3868_,VSS,Metal1,254.9310,30.0600,0.000051
_3867_,VSS,Metal1,250.0800,29.9460,0.000576
_3866_,VSS,Metal1,247.4550,22.4160,0.000095
_3865_,VSS,Metal1,249.9370,22.4460,0.000067
_3864_,VSS,Metal1,243.8750,22.8350,0.000126
_3863_,VSS,Metal1,247.2350,30.3950,0.001051
_3862_,VSS,Metal1,216.9600,45.6530,0.000214
_3861_,VSS,Metal1,95.0720,60.7490,0.000168
_3860_,VSS,Metal1,200.6400,22.9730,0.000573
_3859_,VSS,Metal1,203.2930,22.9900,0.000571
_3858_,VSS,Metal1,225.0680,30.0600,0.001015
_3857_,VSS,Metal1,262.1000,29.9500,0.000176
_3856_,VSS,Metal1,265.3030,22.9560,0.000623
_3855_,VSS,Metal1,262.8970,22.9130,0.000345
_3854_,VSS,Metal1,263.8300,45.6130,0.000256
_3853_,VSS,Metal1,265.2900,45.0880,0.000256
_3852_,VSS,Metal1,264.0350,53.0750,0.000848
_3851_,VSS,Metal1,265.8660,60.1500,0.000133
_3850_,VSS,Metal1,263.5550,60.3250,0.000123
_3849_,VSS,Metal1,265.1300,38.0530,0.000067
_3848_,VSS,Metal1,261.6350,45.2050,0.000214
_3847_,VSS,Metal1,259.9350,45.0960,0.000214
_3846_,VSS,Metal1,261.6350,37.9550,0.000045
_3845_,VSS,Metal1,264.2530,37.4900,0.000067
_3844_,VSS,Metal1,264.1360,60.7560,0.000123
_3843_,VSS,Metal1,268.7460,60.8100,0.000138
_3842_,VSS,Metal1,259.8290,60.2080,0.000076
_3841_,VSS,Metal1,13.9520,53.1890,0.000095
_3840_,VSS,Metal1,193.4400,22.9730,0.000527
_3839_,VSS,Metal1,197.5330,30.5500,0.000434
_3838_,VSS,Metal1,192.2250,22.4160,0.000527
_3837_,VSS,Metal1,276.9950,30.4920,0.000313
_3836_,VSS,Metal1,276.4870,45.0730,0.001670
_3835_,VSS,Metal1,277.4400,60.7730,0.000238
_3834_,VSS,Metal1,281.3330,45.6900,0.001798
_3833_,VSS,Metal1,282.9730,45.0500,0.001804
_3832_,VSS,Metal1,280.3550,45.2050,0.001782
_3831_,VSS,Metal1,274.5950,45.5150,0.001639
_3830_,VSS,Metal1,271.6800,45.6530,0.001588
_3829_,VSS,Metal1,276.0530,38.1300,0.000081
_3828_,VSS,Metal1,275.2660,60.1700,0.000237
_3827_,VSS,Metal1,270.7710,60.6600,0.000228
_3826_,VSS,Metal1,277.3860,60.1500,0.000238
_3825_,VSS,Metal1,273.7490,60.7510,0.000237
_3824_,VSS,Metal1,278.7980,23.3640,0.000907
_3823_,VSS,Metal1,286.0280,22.8600,0.000996
_3822_,VSS,Metal1,275.5550,22.5250,0.000841
_3821_,VSS,Metal1,277.8850,30.0850,0.000315
_3820_,VSS,Metal1,272.7760,22.9560,0.000811
_3819_,VSS,Metal1,268.7460,23.0100,0.000768
_3818_,VSS,Metal1,283.3420,22.9130,0.000987
_3817_,VSS,Metal1,280.8350,22.8350,0.000950
_3816_,VSS,Metal1,69.1520,38.0690,0.000284
_3815_,VSS,Metal1,197.7600,22.9730,0.000565
_3814_,VSS,Metal1,203.2930,30.5500,0.000478
_3813_,VSS,Metal1,198.9450,22.4160,0.000569
_3812_,VSS,Metal1,293.7250,29.9870,0.000455
_3811_,VSS,Metal1,286.5600,45.6530,0.001854
_3810_,VSS,Metal1,292.3270,37.5130,0.000117
_3809_,VSS,Metal1,299.0050,37.6450,0.000120
_3808_,VSS,Metal1,289.6660,52.6100,0.001137
_3807_,VSS,Metal1,297.6000,45.0660,0.002013
_3806_,VSS,Metal1,297.3730,30.5500,0.000497
_3805_,VSS,Metal1,295.8500,37.5460,0.000117
_3804_,VSS,Metal1,288.9060,45.6900,0.002010
_3803_,VSS,Metal1,281.6170,67.8060,0.000310
_3802_,VSS,Metal1,275.6010,67.3550,0.000253
_3801_,VSS,Metal1,295.6450,22.8350,0.001006
_3800_,VSS,Metal1,293.0530,22.9900,0.001006
_3799_,VSS,Metal1,307.1650,22.8350,0.001066
_3798_,VSS,Metal1,309.3730,22.9900,0.001099
_3797_,VSS,Metal1,148.7670,45.6290,0.000345
_3796_,VSS,Metal1,192.0000,29.9460,0.000396
_3795_,VSS,Metal1,194.6260,29.9300,0.000403
_3794_,VSS,Metal1,193.8680,37.9800,0.000117
_3793_,VSS,Metal1,301.1300,45.1060,0.002502
_3792_,VSS,Metal1,294.7270,60.3120,0.000292
_3791_,VSS,Metal1,291.0500,60.7330,0.000282
_3790_,VSS,Metal1,296.7760,53.1960,0.001199
_3789_,VSS,Metal1,300.4450,53.0750,0.001206
_3788_,VSS,Metal1,300.4800,60.7730,0.000292
_3787_,VSS,Metal1,290.4530,60.1500,0.000282
_3786_,VSS,Metal1,290.0620,67.8060,0.000408
_3785_,VSS,Metal1,286.2160,60.7560,0.000249
_3784_,VSS,Metal1,300.7060,52.6100,0.001206
_3783_,VSS,Metal1,298.0800,52.6260,0.001199
_3782_,VSS,Metal1,291.7860,53.2500,0.001180
_3781_,VSS,Metal1,284.6750,53.0750,0.000869
_3780_,VSS,Metal1,280.0650,60.2160,0.000242
_3779_,VSS,Metal1,266.7370,60.7130,0.000135
_3778_,VSS,Metal1,244.3270,60.7660,0.000034
_3777_,VSS,Metal1,243.8930,60.1500,0.000034
_3776_,VSS,Metal1,244.3550,82.9070,0.000068
_3775_,VSS,Metal1,241.5950,82.9070,0.000068
_3774_,VSS,Metal1,242.6550,159.0230,0.000087
_3773_,VSS,Metal1,240.9180,181.8130,0.000143
_3772_,VSS,Metal1,236.8650,181.7030,0.000154
_3771_,VSS,Metal1,245.7670,90.4330,0.000066
_3770_,VSS,Metal1,248.3150,90.9720,0.000052
_3769_,VSS,Metal1,246.9750,98.0160,0.000105
_3768_,VSS,Metal1,247.5250,181.6920,0.000081
_3767_,VSS,Metal1,244.0650,90.9830,0.000082
_3766_,VSS,Metal1,286.7090,67.7680,0.000344
_3765_,VSS,Metal1,286.5080,68.2200,0.000344
_3764_,VSS,Metal1,278.7250,67.7870,0.000282
_3763_,VSS,Metal1,255.8470,68.3260,0.000105
_3762_,VSS,Metal1,253.0960,67.7630,0.000069
_3761_,VSS,Metal1,255.7300,75.8470,0.000174
_3760_,VSS,Metal1,249.5650,68.2920,0.000077
_3759_,VSS,Metal1,241.9270,67.7530,0.000079
_3758_,VSS,Metal1,227.1760,67.7630,0.000223
_3757_,VSS,Metal1,241.9550,113.1470,0.000056
_3756_,VSS,Metal1,243.2230,106.1160,0.000254
_3755_,VSS,Metal1,246.9750,106.1410,0.000094
_3754_,VSS,Metal1,239.8450,113.6520,0.000056
_3753_,VSS,Metal1,241.4050,158.5070,0.000087
_3752_,VSS,Metal1,238.5180,159.1330,0.000093
_3751_,VSS,Metal1,233.1430,173.6030,0.000207
_3750_,VSS,Metal1,236.1950,181.1870,0.000154
_3749_,VSS,Metal1,239.4210,181.1920,0.000143
_3748_,VSS,Metal1,252.7050,188.7360,0.000049
_3747_,VSS,Metal1,237.0660,174.2100,0.000157
_3746_,VSS,Metal1,305.1300,45.0880,0.002524
_3745_,VSS,Metal1,298.1610,29.5550,0.000540
_3744_,VSS,Metal1,280.8350,30.0850,0.000430
_3743_,VSS,Metal1,278.9610,37.1150,0.000092
_3742_,VSS,Metal1,278.4520,22.5000,0.000908
_3741_,VSS,Metal1,224.4700,45.1060,0.000185
_3740_,VSS,Metal1,227.9650,45.2050,0.000105
_3739_,VSS,Metal1,220.7010,45.6070,0.000214
_3738_,VSS,Metal1,190.1610,53.6040,0.000295
_3737_,VSS,Metal1,221.2300,45.1300,0.000214
_3736_,VSS,Metal1,211.7330,52.5900,0.000340
_3735_,VSS,Metal1,212.6750,128.3650,0.000200
_3734_,VSS,Metal1,211.4530,121.2700,0.000430
_3733_,VSS,Metal1,210.4650,128.2560,0.000125
_3732_,VSS,Metal1,213.6350,128.6750,0.000201
_3731_,VSS,Metal1,209.8960,136.3560,0.000562
_3730_,VSS,Metal1,211.7330,128.8500,0.000134
_3729_,VSS,Metal1,259.8350,226.5470,0.000122
_3728_,VSS,Metal1,263.4670,226.9800,0.000158
_3727_,VSS,Metal1,260.3300,181.1860,0.000174
_3726_,VSS,Metal1,258.6660,173.5500,0.000059
_3725_,VSS,Metal1,258.6850,196.7150,0.000079
_3724_,VSS,Metal1,259.7150,234.6120,0.000210
_3723_,VSS,Metal1,218.6260,234.0500,0.000591
_3722_,VSS,Metal1,262.2350,234.6120,0.000316
_3721_,VSS,Metal1,264.9520,211.3930,0.000363
_3720_,VSS,Metal1,270.1860,196.2300,0.000843
_3719_,VSS,Metal1,262.9860,181.1100,0.000393
_3718_,VSS,Metal1,214.6700,128.2720,0.000202
_3717_,VSS,Metal1,212.1950,135.9250,0.000566
_3716_,VSS,Metal1,239.2930,128.8300,0.000192
_3715_,VSS,Metal1,205.2970,143.8730,0.000284
_3714_,VSS,Metal1,203.8450,136.3320,0.000555
_3713_,VSS,Metal1,210.3760,113.1230,0.000080
_3712_,VSS,Metal1,211.1650,105.6850,0.000730
_3711_,VSS,Metal1,203.5730,83.4900,0.000235
_3710_,VSS,Metal1,199.6260,83.4900,0.000234
_3709_,VSS,Metal1,206.1460,105.5300,0.000711
_3708_,VSS,Metal1,206.4530,98.6100,0.000314
_3707_,VSS,Metal1,209.3310,98.1000,0.000312
_3706_,VSS,Metal1,308.9700,45.0880,0.002594
_3705_,VSS,Metal1,307.4530,29.9300,0.000564
_3704_,VSS,Metal1,305.4160,22.4030,0.001066
_3703_,VSS,Metal1,280.8350,22.5250,0.000950
_3702_,VSS,Metal1,275.2660,29.9300,0.000308
_3701_,VSS,Metal1,265.9400,29.9500,0.000297
_3700_,VSS,Metal1,275.3830,22.9560,0.000841
_3699_,VSS,Metal1,278.1450,15.3830,0.000033
_3698_,VSS,Metal1,270.8300,22.9270,0.000768
_3697_,VSS,Metal1,265.2970,30.4730,0.000297
_3696_,VSS,Metal1,262.6110,30.4200,0.000179
_3695_,VSS,Metal1,259.9050,29.9760,0.000114
_3694_,VSS,Metal1,185.3150,30.3950,0.000341
_3693_,VSS,Metal1,187.7330,30.5700,0.000380
_3692_,VSS,Metal1,103.2350,37.6450,0.000036
_3691_,VSS,Metal1,99.8050,52.6670,0.000153
_3690_,VSS,Metal1,94.3060,60.1700,0.000168
_3689_,VSS,Metal1,97.4400,53.2130,0.000192
_3688_,VSS,Metal1,93.6000,45.0660,0.000082
_3687_,VSS,Metal1,99.1050,60.2160,0.000068
_3686_,VSS,Metal1,99.8050,45.6120,0.000059
_3685_,VSS,Metal1,100.0950,38.0630,0.000036
_3684_,VSS,Metal1,99.3600,45.0660,0.000059
_3683_,VSS,Metal1,96.4800,45.0660,0.000065
_3682_,VSS,Metal1,101.7600,53.2130,0.000074
_3681_,VSS,Metal1,280.7470,37.9800,0.000093
_3680_,VSS,Metal1,278.9150,45.5150,0.001739
_3679_,VSS,Metal1,278.0560,38.0760,0.000083
_3678_,VSS,Metal1,33.0850,45.6120,0.000192
_3677_,VSS,Metal1,32.8650,67.7760,0.000057
_3676_,VSS,Metal1,24.9600,45.0660,0.000046
_3675_,VSS,Metal1,27.8400,45.6530,0.000064
_3674_,VSS,Metal1,30.7200,45.0660,0.000169
_3673_,VSS,Metal1,271.7900,67.7920,0.000143
_3672_,VSS,Metal1,36.9400,53.2100,0.000166
_3671_,VSS,Metal1,36.2260,60.1700,0.000256
_3670_,VSS,Metal1,30.2050,45.6120,0.000169
_3669_,VSS,Metal1,30.4930,52.6100,0.000106
_3668_,VSS,Metal1,27.8400,45.0660,0.000064
_3667_,VSS,Metal1,24.9600,45.6530,0.000046
_3666_,VSS,Metal1,33.3750,45.0960,0.000192
_3665_,VSS,Metal1,234.5500,29.9860,0.001069
_3664_,VSS,Metal1,237.8530,29.9300,0.001074
_3663_,VSS,Metal1,238.7850,22.9430,0.000176
_3662_,VSS,Metal1,231.9500,29.9920,0.001061
_3661_,VSS,Metal1,191.7730,52.6100,0.000295
_3660_,VSS,Metal1,185.8130,53.2500,0.000064
_3659_,VSS,Metal1,189.1730,68.3700,0.000112
_3658_,VSS,Metal1,235.7320,30.4200,0.001072
_3657_,VSS,Metal1,231.4130,30.5700,0.001049
_3656_,VSS,Metal1,240.2550,29.9760,0.001074
_3655_,VSS,Metal1,236.4970,37.5660,0.000195
_3654_,VSS,Metal1,231.1350,37.5360,0.000235
_3653_,VSS,Metal1,233.3310,30.4200,0.001069
_3652_,VSS,Metal1,226.7860,37.4900,0.000256
_3651_,VSS,Metal1,184.2100,22.9270,0.000430
_3650_,VSS,Metal1,61.9720,45.5400,0.000415
_3649_,VSS,Metal1,61.2130,60.1700,0.000421
_3648_,VSS,Metal1,56.9650,45.1070,0.000414
_3647_,VSS,Metal1,54.2400,45.0660,0.000267
_3646_,VSS,Metal1,59.2660,52.6100,0.000271
_3645_,VSS,Metal1,51.0500,38.0530,0.000226
_3644_,VSS,Metal1,47.8570,38.0330,0.000078
_3643_,VSS,Metal1,242.0300,52.6720,0.000132
_3642_,VSS,Metal1,56.3860,45.6700,0.000414
_3641_,VSS,Metal1,56.8930,53.2300,0.000255
_3640_,VSS,Metal1,53.4500,45.6130,0.000267
_3639_,VSS,Metal1,54.8900,38.0530,0.000280
_3638_,VSS,Metal1,52.7180,52.2350,0.000255
_3637_,VSS,Metal1,45.4570,38.0330,0.000079
_3636_,VSS,Metal1,223.3490,37.5280,0.000306
_3635_,VSS,Metal1,223.9050,52.6560,0.000336
_3634_,VSS,Metal1,217.2150,30.5030,0.000760
_3633_,VSS,Metal1,182.8260,30.5700,0.000134
_3632_,VSS,Metal1,174.2750,45.2050,0.000088
_3631_,VSS,Metal1,120.9250,45.1070,0.000205
_3630_,VSS,Metal1,120.0000,45.6530,0.000204
_3629_,VSS,Metal1,124.0660,45.6700,0.000240
_3628_,VSS,Metal1,117.6000,37.5060,0.000114
_3627_,VSS,Metal1,119.7450,37.5360,0.000117
_3626_,VSS,Metal1,173.1250,45.6120,0.000125
_3625_,VSS,Metal1,176.5900,45.5900,0.000029
_3624_,VSS,Metal1,124.1770,45.1260,0.000240
_3623_,VSS,Metal1,117.1200,45.6530,0.000181
_3622_,VSS,Metal1,121.4400,38.0930,0.000124
_3621_,VSS,Metal1,131.5200,45.6530,0.000255
_3620_,VSS,Metal1,171.1050,45.6230,0.000140
_3619_,VSS,Metal1,195.6700,53.1730,0.000325
_3618_,VSS,Metal1,201.7100,60.2320,0.000612
_3617_,VSS,Metal1,197.3320,67.8600,0.000194
_3616_,VSS,Metal1,191.5710,67.8600,0.000133
_3615_,VSS,Metal1,189.4570,67.8060,0.000112
_3614_,VSS,Metal1,180.9270,68.3090,0.000066
_3613_,VSS,Metal1,165.5800,68.3300,0.000077
_3612_,VSS,Metal1,165.8260,67.7300,0.000077
_3611_,VSS,Metal1,136.7650,68.2920,0.000221
_3610_,VSS,Metal1,132.2260,68.3500,0.000221
_3609_,VSS,Metal1,141.1200,60.7730,0.000301
_3608_,VSS,Metal1,133.4400,75.3060,0.000267
_3607_,VSS,Metal1,138.4650,75.3360,0.000264
_3606_,VSS,Metal1,145.4050,68.2920,0.000236
_3605_,VSS,Metal1,149.6610,68.2870,0.000279
_3604_,VSS,Metal1,130.5600,75.3060,0.000267
_3603_,VSS,Metal1,140.1600,68.3330,0.000222
_3602_,VSS,Metal1,153.1200,60.7730,0.000181
_3601_,VSS,Metal1,149.0250,75.3360,0.000229
_3600_,VSS,Metal1,196.0650,52.6560,0.000325
_3599_,VSS,Metal1,187.7320,53.1000,0.000241
_3598_,VSS,Metal1,189.3450,52.6560,0.000274
_3597_,VSS,Metal1,177.6350,75.7550,0.000043
_3596_,VSS,Metal1,180.1100,98.0320,0.000322
_3595_,VSS,Metal1,133.0410,97.5950,0.000294
_3594_,VSS,Metal1,137.0530,98.5900,0.000304
_3593_,VSS,Metal1,110.5700,98.5330,0.000075
_3592_,VSS,Metal1,105.0850,105.9950,0.000086
_3591_,VSS,Metal1,129.7700,98.5330,0.000214
_3590_,VSS,Metal1,126.5770,98.0460,0.000202
_3589_,VSS,Metal1,175.9350,75.8630,0.000035
_3588_,VSS,Metal1,180.0520,75.4200,0.000049
_3587_,VSS,Metal1,178.0600,75.3100,0.000043
_3586_,VSS,Metal1,148.5730,90.4100,0.000166
_3585_,VSS,Metal1,121.8850,98.0270,0.000188
_3584_,VSS,Metal1,120.7060,91.0300,0.000126
_3583_,VSS,Metal1,115.6800,106.1330,0.000187
_3582_,VSS,Metal1,119.5200,97.9860,0.000186
_3581_,VSS,Metal1,115.9350,98.0160,0.000183
_3580_,VSS,Metal1,195.5850,60.7430,0.000609
_3579_,VSS,Metal1,191.6900,98.5330,0.000325
_3578_,VSS,Metal1,192.4450,83.3150,0.000207
_3577_,VSS,Metal1,185.8120,82.9800,0.000159
_3576_,VSS,Metal1,186.6670,83.3400,0.000159
_3575_,VSS,Metal1,189.5650,105.6850,0.000211
_3574_,VSS,Metal1,186.0850,106.0920,0.000193
_3573_,VSS,Metal1,191.1210,129.2040,0.000118
_3572_,VSS,Metal1,195.1060,135.7700,0.000519
_3571_,VSS,Metal1,188.1950,135.9250,0.000388
_3570_,VSS,Metal1,189.6510,136.2600,0.000418
_3569_,VSS,Metal1,185.3330,143.3100,0.000076
_3568_,VSS,Metal1,181.7500,150.9460,0.000161
_3567_,VSS,Metal1,204.4260,158.4300,0.000755
_3566_,VSS,Metal1,231.7880,135.9000,0.000536
_3565_,VSS,Metal1,199.1180,144.3240,0.000281
_3564_,VSS,Metal1,197.7950,136.3320,0.000521
_3563_,VSS,Metal1,195.1050,150.9360,0.000320
_3562_,VSS,Metal1,195.2170,158.5260,0.000726
_3561_,VSS,Metal1,192.0510,158.5800,0.000675
_3560_,VSS,Metal1,194.1450,151.4630,0.000316
_3559_,VSS,Metal1,168.4470,151.4690,0.000118
_3558_,VSS,Metal1,95.7460,158.4500,0.000074
_3557_,VSS,Metal1,100.0930,151.5100,0.000112
_3556_,VSS,Metal1,93.2900,159.0130,0.000077
_3555_,VSS,Metal1,91.3700,143.8930,0.000599
_3554_,VSS,Metal1,87.3950,143.7950,0.000639
_3553_,VSS,Metal1,87.2170,166.0860,0.000212
_3552_,VSS,Metal1,184.5450,151.4630,0.000236
_3551_,VSS,Metal1,182.7370,151.4330,0.000161
_3550_,VSS,Metal1,173.5050,151.4630,0.000060
_3549_,VSS,Metal1,96.4300,151.4300,0.000183
_3548_,VSS,Metal1,88.8000,151.4930,0.000196
_3547_,VSS,Metal1,87.8400,158.4660,0.000193
_3546_,VSS,Metal1,92.6400,166.6130,0.000202
_3545_,VSS,Metal1,195.5850,143.9030,0.000275
_3544_,VSS,Metal1,178.1150,143.4850,0.000054
_3543_,VSS,Metal1,207.6970,136.3130,0.000560
_3542_,VSS,Metal1,178.3360,136.2960,0.000085
_3541_,VSS,Metal1,207.3060,143.3100,0.000320
_3540_,VSS,Metal1,181.0110,136.2600,0.000230
_3539_,VSS,Metal1,162.8900,135.8260,0.000424
_3538_,VSS,Metal1,159.5860,135.7700,0.000445
_3537_,VSS,Metal1,159.1060,136.3900,0.000445
_3536_,VSS,Metal1,127.0300,135.8260,0.000331
_3535_,VSS,Metal1,123.3950,136.2350,0.000224
_3534_,VSS,Metal1,140.8100,135.8260,0.000592
_3533_,VSS,Metal1,131.8570,128.7530,0.000402
_3532_,VSS,Metal1,172.3730,128.8500,0.000064
_3531_,VSS,Metal1,145.8850,135.8270,0.000593
_3530_,VSS,Metal1,150.1410,136.3270,0.000575
_3529_,VSS,Metal1,137.2800,135.7860,0.000590
_3528_,VSS,Metal1,130.5600,135.7860,0.000527
_3527_,VSS,Metal1,141.1200,136.3730,0.000592
_3526_,VSS,Metal1,152.8650,135.8160,0.000475
_3525_,VSS,Metal1,198.7730,135.7500,0.000521
_3524_,VSS,Metal1,186.3890,136.3510,0.000361
_3523_,VSS,Metal1,225.9990,136.4130,0.000574
_3522_,VSS,Metal1,239.8570,135.8460,0.000140
_3521_,VSS,Metal1,171.8070,135.8100,0.000389
_3520_,VSS,Metal1,30.7550,159.0120,0.000142
_3519_,VSS,Metal1,31.6800,158.4660,0.000145
_3518_,VSS,Metal1,28.8000,166.0260,0.000036
_3517_,VSS,Metal1,27.3600,159.0530,0.000131
_3516_,VSS,Metal1,36.7050,151.4630,0.000224
_3515_,VSS,Metal1,239.1500,150.9520,0.000103
_3514_,VSS,Metal1,48.4600,158.4700,0.000250
_3513_,VSS,Metal1,46.3060,150.8900,0.000272
_3512_,VSS,Metal1,32.6050,159.0120,0.000149
_3511_,VSS,Metal1,28.8000,158.4660,0.000136
_3510_,VSS,Metal1,25.9200,166.0260,0.000030
_3509_,VSS,Metal1,36.2530,166.0100,0.000360
_3508_,VSS,Metal1,36.7350,159.0230,0.000209
_3507_,VSS,Metal1,187.7600,128.1860,0.000094
_3506_,VSS,Metal1,237.3450,128.2560,0.000194
_3505_,VSS,Metal1,239.4660,128.1900,0.000192
_3504_,VSS,Metal1,190.1900,128.2720,0.000107
_3503_,VSS,Metal1,170.3670,121.2290,0.000161
_3502_,VSS,Metal1,35.0050,135.8270,0.000214
_3501_,VSS,Metal1,28.8000,135.7860,0.000065
_3500_,VSS,Metal1,29.7600,120.6660,0.000163
_3499_,VSS,Metal1,32.6400,136.3730,0.000093
_3498_,VSS,Metal1,39.1050,135.8160,0.000265
_3497_,VSS,Metal1,242.5100,120.7120,0.000203
_3496_,VSS,Metal1,47.5730,135.7500,0.000412
_3495_,VSS,Metal1,47.2660,136.3900,0.000412
_3494_,VSS,Metal1,32.5410,135.8320,0.000093
_3493_,VSS,Metal1,29.7600,136.3730,0.000066
_3492_,VSS,Metal1,30.0150,128.7830,0.000118
_3491_,VSS,Metal1,31.9060,128.8300,0.000118
_3490_,VSS,Metal1,25.4400,113.6930,0.000063
_3489_,VSS,Metal1,191.4660,105.5100,0.000229
_3488_,VSS,Metal1,188.3850,113.6630,0.000072
_3487_,VSS,Metal1,182.5490,106.1110,0.000138
_3486_,VSS,Metal1,205.8660,106.1700,0.000711
_3485_,VSS,Metal1,159.3270,105.5700,0.000387
_3484_,VSS,Metal1,47.7460,106.1500,0.000220
_3483_,VSS,Metal1,49.6930,105.5300,0.000223
_3482_,VSS,Metal1,48.1700,113.1460,0.001064
_3481_,VSS,Metal1,51.0500,106.0930,0.000224
_3480_,VSS,Metal1,37.9550,113.2450,0.001007
_3479_,VSS,Metal1,45.9370,105.6060,0.000204
_3478_,VSS,Metal1,193.0700,105.5920,0.000234
_3477_,VSS,Metal1,56.6050,106.0920,0.000273
_3476_,VSS,Metal1,54.2400,106.1330,0.000273
_3475_,VSS,Metal1,43.2000,105.5460,0.000204
_3474_,VSS,Metal1,52.3200,113.6930,0.001039
_3473_,VSS,Metal1,53.5050,105.5760,0.000273
_3472_,VSS,Metal1,184.4690,120.6880,0.000124
_3471_,VSS,Metal1,196.3730,120.6300,0.000331
_3470_,VSS,Metal1,198.4650,113.6630,0.000078
_3469_,VSS,Metal1,184.9100,113.6470,0.000058
_3468_,VSS,Metal1,174.6870,120.6900,0.000065
_3467_,VSS,Metal1,76.3550,128.7720,0.000479
_3466_,VSS,Metal1,88.8000,128.8130,0.000140
_3465_,VSS,Metal1,72.4800,135.7860,0.000693
_3464_,VSS,Metal1,80.8950,128.2560,0.000299
_3463_,VSS,Metal1,71.0400,128.2260,0.000479
_3462_,VSS,Metal1,95.0200,128.8100,0.000105
_3461_,VSS,Metal1,98.6530,121.2700,0.000052
_3460_,VSS,Metal1,79.1650,128.7720,0.000299
_3459_,VSS,Metal1,76.0660,135.7700,0.000693
_3458_,VSS,Metal1,72.9600,128.8130,0.000479
_3457_,VSS,Metal1,78.2400,128.2260,0.000300
_3456_,VSS,Metal1,84.2250,128.7830,0.000154
_3455_,VSS,Metal1,189.0100,98.5270,0.000324
_3454_,VSS,Metal1,191.7750,90.9830,0.000205
_3453_,VSS,Metal1,188.7890,82.8880,0.000174
_3452_,VSS,Metal1,196.2660,82.8300,0.000232
_3451_,VSS,Metal1,194.3460,82.8300,0.000232
_3450_,VSS,Metal1,192.3370,82.9260,0.000207
_3449_,VSS,Metal1,167.0070,82.8900,0.000235
_3448_,VSS,Metal1,81.8260,90.4100,0.000699
_3447_,VSS,Metal1,76.5460,83.4700,0.000310
_3446_,VSS,Metal1,79.8500,83.4130,0.000273
_3445_,VSS,Metal1,83.2100,98.0260,0.000399
_3444_,VSS,Metal1,76.4010,82.4750,0.000310
_3443_,VSS,Metal1,84.4260,105.5100,0.000314
_3442_,VSS,Metal1,175.7310,83.3400,0.000091
_3441_,VSS,Metal1,173.8130,83.4900,0.000093
_3440_,VSS,Metal1,85.6950,83.4230,0.000103
_3439_,VSS,Metal1,87.8400,83.4530,0.000103
_3438_,VSS,Metal1,80.1600,82.8660,0.000273
_3437_,VSS,Metal1,81.0850,98.4350,0.000412
_3436_,VSS,Metal1,77.7600,91.0130,0.000681
_3435_,VSS,Metal1,189.4500,90.4480,0.000201
_3434_,VSS,Metal1,201.8550,83.4230,0.000235
_3433_,VSS,Metal1,161.2470,83.4290,0.000420
_3432_,VSS,Metal1,30.2050,82.9070,0.000097
_3431_,VSS,Metal1,27.8400,82.8660,0.000092
_3430_,VSS,Metal1,26.4000,75.8930,0.000074
_3429_,VSS,Metal1,29.7600,83.4530,0.000097
_3428_,VSS,Metal1,40.5750,82.8960,0.000215
_3427_,VSS,Metal1,234.6100,98.5270,0.000167
_3426_,VSS,Metal1,33.0850,82.9070,0.000111
_3425_,VSS,Metal1,29.2800,75.8930,0.000098
_3424_,VSS,Metal1,32.6400,83.4530,0.000111
_3423_,VSS,Metal1,32.1600,75.8930,0.000109
_3422_,VSS,Metal1,36.7350,82.8960,0.000167
_3421_,VSS,Metal1,262.6960,211.9560,0.000319
_3420_,VSS,Metal1,264.9950,219.0850,0.000152
_3419_,VSS,Metal1,267.6130,166.6300,0.000383
_3418_,VSS,Metal1,263.4660,165.9900,0.000382
_3417_,VSS,Metal1,280.8530,165.9900,0.000630
_3416_,VSS,Metal1,266.6530,211.9900,0.000363
_3415_,VSS,Metal1,270.0150,211.4160,0.000417
_3414_,VSS,Metal1,272.1070,211.5000,0.000417
_3413_,VSS,Metal1,274.5070,211.5000,0.000462
_3412_,VSS,Metal1,259.7320,211.8600,0.000235
_3411_,VSS,Metal1,261.2560,219.5160,0.000114
_3410_,VSS,Metal1,239.9650,219.3950,0.000139
_3409_,VSS,Metal1,257.6230,219.5160,0.000075
_3408_,VSS,Metal1,261.5650,211.4270,0.000319
_3407_,VSS,Metal1,276.6220,211.4460,0.000491
_3406_,VSS,Metal1,255.0290,211.4080,0.000094
_3405_,VSS,Metal1,252.5330,204.4500,0.000058
_3404_,VSS,Metal1,255.6150,203.8560,0.000084
_3403_,VSS,Metal1,168.9270,234.0900,0.000240
_3402_,VSS,Metal1,138.9460,226.4900,0.001272
_3401_,VSS,Metal1,144.7330,226.4900,0.001273
_3400_,VSS,Metal1,131.8300,226.5460,0.000982
_3399_,VSS,Metal1,138.8900,234.1060,0.000332
_3398_,VSS,Metal1,126.7550,219.3950,0.000359
_3397_,VSS,Metal1,135.6970,241.6860,0.000366
_3396_,VSS,Metal1,267.6150,211.4160,0.000363
_3395_,VSS,Metal1,258.3890,174.1510,0.000059
_3394_,VSS,Metal1,254.9330,166.6500,0.000076
_3393_,VSS,Metal1,258.5770,158.5260,0.000120
_3392_,VSS,Metal1,249.0870,166.0500,0.000159
_3391_,VSS,Metal1,137.9860,166.0100,0.000736
_3390_,VSS,Metal1,150.4930,166.6300,0.000734
_3389_,VSS,Metal1,131.3500,166.0660,0.000696
_3388_,VSS,Metal1,135.7580,165.6350,0.000717
_3387_,VSS,Metal1,134.2300,159.0130,0.000191
_3386_,VSS,Metal1,127.7330,159.0900,0.000187
_3385_,VSS,Metal1,149.2450,166.0670,0.000734
_3384_,VSS,Metal1,153.5010,159.0070,0.000163
_3383_,VSS,Metal1,137.7600,159.0530,0.000191
_3382_,VSS,Metal1,127.6800,166.0260,0.000612
_3381_,VSS,Metal1,146.8800,166.0260,0.000735
_3380_,VSS,Metal1,154.3350,166.5830,0.000729
_3379_,VSS,Metal1,282.6390,188.6660,0.001763
_3378_,VSS,Metal1,283.3420,166.5530,0.000654
_3377_,VSS,Metal1,289.0120,173.7000,0.003408
_3376_,VSS,Metal1,283.1470,173.7000,0.001476
_3375_,VSS,Metal1,284.6600,174.1700,0.001503
_3374_,VSS,Metal1,282.6870,219.5090,0.000573
_3373_,VSS,Metal1,38.6260,242.2300,0.000144
_3372_,VSS,Metal1,35.7460,241.6100,0.000122
_3371_,VSS,Metal1,33.9100,256.7860,0.000461
_3370_,VSS,Metal1,36.4450,257.1950,0.000464
_3369_,VSS,Metal1,34.2500,242.1730,0.000119
_3368_,VSS,Metal1,30.2930,241.5900,0.000115
_3367_,VSS,Metal1,238.6700,196.8070,0.000174
_3366_,VSS,Metal1,40.8520,226.9800,0.001871
_3365_,VSS,Metal1,38.1460,241.6100,0.000144
_3364_,VSS,Metal1,34.2350,249.2270,0.000507
_3363_,VSS,Metal1,33.9100,249.7330,0.000507
_3362_,VSS,Metal1,37.4400,249.7730,0.000532
_3361_,VSS,Metal1,31.4250,249.2160,0.000459
_3360_,VSS,Metal1,36.0350,249.3250,0.000532
_3359_,VSS,Metal1,304.1700,22.9510,0.001066
_3358_,VSS,Metal1,298.8900,22.9510,0.001056
_3357_,VSS,Metal1,301.3860,29.9100,0.000540
_3356_,VSS,Metal1,304.2660,29.9100,0.000548
_3355_,VSS,Metal1,180.9060,30.5700,0.000134
_3354_,VSS,Metal1,172.2850,37.6450,0.000100
_3353_,VSS,Metal1,79.1650,45.1070,0.000345
_3352_,VSS,Metal1,78.2400,38.0930,0.000296
_3351_,VSS,Metal1,80.8930,45.6700,0.000329
_3350_,VSS,Metal1,75.3600,45.6530,0.000407
_3349_,VSS,Metal1,83.7750,38.0630,0.000117
_3348_,VSS,Metal1,296.2700,29.9920,0.000494
_3347_,VSS,Metal1,171.6130,38.1100,0.000100
_3346_,VSS,Metal1,81.2750,38.0520,0.000296
_3345_,VSS,Metal1,82.5600,45.0660,0.000309
_3344_,VSS,Metal1,73.9200,37.5060,0.000296
_3343_,VSS,Metal1,78.2400,45.6530,0.000347
_3342_,VSS,Metal1,305.7080,52.7400,0.001248
_3341_,VSS,Metal1,307.7330,52.5900,0.001249
_3340_,VSS,Metal1,306.6100,53.1670,0.001249
_3339_,VSS,Metal1,309.4630,45.6360,0.002594
_3338_,VSS,Metal1,316.0950,45.0960,0.002711
_3337_,VSS,Metal1,313.8660,45.0300,0.002702
_3336_,VSS,Metal1,311.5730,45.6900,0.002661
_3335_,VSS,Metal1,305.3900,38.0470,0.000129
_3334_,VSS,Metal1,165.1720,37.9800,0.000122
_3333_,VSS,Metal1,162.9460,38.1100,0.000129
_3332_,VSS,Metal1,140.1250,45.1070,0.000289
_3331_,VSS,Metal1,135.3600,38.0930,0.000193
_3330_,VSS,Metal1,136.5460,45.6700,0.000289
_3329_,VSS,Metal1,143.5200,45.0660,0.000311
_3328_,VSS,Metal1,140.3850,38.0630,0.000196
_3327_,VSS,Metal1,305.3900,60.7270,0.000299
_3326_,VSS,Metal1,148.7650,45.1070,0.000345
_3325_,VSS,Metal1,138.2400,38.0930,0.000196
_3324_,VSS,Metal1,146.4000,45.0660,0.000338
_3323_,VSS,Metal1,143.2650,45.6230,0.000311
_3322_,VSS,Metal1,151.6800,38.0930,0.000151
_3321_,VSS,Metal1,142.9030,113.6760,0.000293
_3320_,VSS,Metal1,114.7520,181.1700,0.000313
_3319_,VSS,Metal1,164.6400,189.2930,0.000354
_3318_,VSS,Metal1,162.0130,189.3100,0.000354
_3317_,VSS,Metal1,170.3650,189.1550,0.000084
_3316_,VSS,Metal1,171.6130,264.2900,0.000082
_3315_,VSS,Metal1,269.7520,143.8070,0.000559
_3314_,VSS,Metal1,270.5500,143.3860,0.000559
_3313_,VSS,Metal1,262.0260,143.9700,0.000376
_3312_,VSS,Metal1,263.5720,143.4600,0.000459
_3311_,VSS,Metal1,266.0750,136.3320,0.000155
_3310_,VSS,Metal1,266.7100,143.3860,0.000506
_3309_,VSS,Metal1,267.8750,128.6750,0.000286
_3308_,VSS,Metal1,270.6850,128.6750,0.000322
_3307_,VSS,Metal1,122.4320,204.3890,0.000266
_3306_,VSS,Metal1,164.1600,211.3860,0.000277
_3305_,VSS,Metal1,161.5330,211.3700,0.000276
_3304_,VSS,Metal1,168.9250,211.5250,0.000274
_3303_,VSS,Metal1,169.6930,211.9900,0.000269
_3302_,VSS,Metal1,194.9150,174.1320,0.000488
_3301_,VSS,Metal1,195.6130,166.6300,0.000370
_3300_,VSS,Metal1,193.9550,173.7250,0.000488
_3299_,VSS,Metal1,200.6400,173.5860,0.000448
_3298_,VSS,Metal1,198.3820,166.5530,0.000408
_3297_,VSS,Metal1,197.7600,174.1730,0.000488
_3296_,VSS,Metal1,263.0400,151.4930,0.000321
_3295_,VSS,Metal1,270.6680,136.2600,0.000240
_3294_,VSS,Metal1,266.1750,150.9360,0.000387
_3293_,VSS,Metal1,265.5890,143.9110,0.000503
_3292_,VSS,Metal1,186.2920,174.0600,0.000416
_3291_,VSS,Metal1,185.9860,173.5700,0.000416
_3290_,VSS,Metal1,203.4680,173.7000,0.000446
_3289_,VSS,Metal1,196.9490,173.6080,0.000488
_3288_,VSS,Metal1,91.2320,256.7700,0.000082
_3287_,VSS,Metal1,157.4400,264.8930,0.000727
_3286_,VSS,Metal1,160.0930,264.9100,0.000725
_3285_,VSS,Metal1,168.9250,264.4450,0.000082
_3284_,VSS,Metal1,169.2130,271.8500,0.000190
_3283_,VSS,Metal1,180.3980,182.1240,0.000062
_3282_,VSS,Metal1,183.3250,188.8450,0.000071
_3281_,VSS,Metal1,201.6980,181.6870,0.000097
_3280_,VSS,Metal1,201.9100,188.7460,0.000247
_3279_,VSS,Metal1,217.7500,188.7460,0.000244
_3278_,VSS,Metal1,224.6720,181.7090,0.000176
_3277_,VSS,Metal1,198.7200,188.7060,0.000247
_3276_,VSS,Metal1,195.8750,188.8450,0.000247
_3275_,VSS,Metal1,205.0130,188.6700,0.000245
_3274_,VSS,Metal1,218.8260,181.7700,0.000171
_3273_,VSS,Metal1,221.0530,181.7500,0.000176
_3272_,VSS,Metal1,228.0520,181.6200,0.000174
_3271_,VSS,Metal1,225.1550,181.2850,0.000176
_3270_,VSS,Metal1,179.6690,188.7280,0.000060
_3269_,VSS,Metal1,185.5350,188.7360,0.000080
_3268_,VSS,Metal1,182.5360,181.7160,0.000069
_3267_,VSS,Metal1,14.4320,219.5090,0.000093
_3266_,VSS,Metal1,161.2800,226.5060,0.001802
_3265_,VSS,Metal1,163.9330,226.4900,0.001674
_3264_,VSS,Metal1,168.4450,226.6450,0.001636
_3263_,VSS,Metal1,172.0930,227.1100,0.001636
_3262_,VSS,Metal1,185.3150,196.8120,0.000235
_3261_,VSS,Metal1,202.2160,196.2830,0.000291
_3260_,VSS,Metal1,218.2300,196.8130,0.000326
_3259_,VSS,Metal1,213.8530,196.2500,0.000327
_3258_,VSS,Metal1,201.1550,203.9650,0.000203
_3257_,VSS,Metal1,204.0000,196.8530,0.000326
_3256_,VSS,Metal1,199.7150,196.4050,0.000291
_3255_,VSS,Metal1,201.1200,196.8530,0.000291
_3254_,VSS,Metal1,216.0530,196.2300,0.000327
_3253_,VSS,Metal1,222.5700,196.8310,0.000323
_3252_,VSS,Metal1,183.1350,196.2960,0.000233
_3251_,VSS,Metal1,186.0900,196.2880,0.000235
_3250_,VSS,Metal1,183.3950,203.9650,0.000243
_3249_,VSS,Metal1,182.1460,196.8700,0.000233
_3248_,VSS,Metal1,197.3000,196.8500,0.000272
_3247_,VSS,Metal1,54.2720,204.3890,0.000310
_3246_,VSS,Metal1,168.0000,280.0130,0.000169
_3245_,VSS,Metal1,165.3460,280.0300,0.000173
_3244_,VSS,Metal1,184.2380,280.4040,0.000173
_3243_,VSS,Metal1,181.4050,287.1250,0.000051
_3242_,VSS,Metal1,200.1670,211.3930,0.000936
_3241_,VSS,Metal1,204.6350,211.4270,0.000926
_3240_,VSS,Metal1,217.2700,211.4260,0.000824
_3239_,VSS,Metal1,220.2660,211.3500,0.000814
_3238_,VSS,Metal1,220.7480,211.8600,0.000814
_3237_,VSS,Metal1,218.1730,211.9900,0.000824
_3236_,VSS,Metal1,206.8800,211.3860,0.000925
_3235_,VSS,Metal1,209.7250,211.5250,0.000918
_3234_,VSS,Metal1,212.6930,203.7900,0.000201
_3233_,VSS,Metal1,215.1760,196.8360,0.000327
_3232_,VSS,Metal1,220.6630,196.2830,0.000324
_3231_,VSS,Metal1,211.7300,196.7900,0.000328
_3230_,VSS,Metal1,211.9060,211.3700,0.000838
_3229_,VSS,Metal1,218.3650,196.4050,0.000326
_3228_,VSS,Metal1,186.2930,212.0100,0.000869
_3227_,VSS,Metal1,185.3150,211.5250,0.000865
_3226_,VSS,Metal1,197.8960,211.9560,0.000939
_3225_,VSS,Metal1,197.3330,211.3500,0.000939
_3224_,VSS,Metal1,42.7520,317.7890,0.000236
_3223_,VSS,Metal1,155.0050,287.1250,0.000260
_3222_,VSS,Metal1,154.8150,287.5430,0.000260
_3221_,VSS,Metal1,174.9460,286.9700,0.000046
_3220_,VSS,Metal1,186.9730,286.9700,0.000054
_3219_,VSS,Metal1,189.5650,287.1250,0.000124
_3218_,VSS,Metal1,187.5100,227.0530,0.000266
_3217_,VSS,Metal1,212.0050,227.0520,0.000339
_3216_,VSS,Metal1,210.2200,227.0900,0.000319
_3215_,VSS,Metal1,209.4500,226.5460,0.000319
_3214_,VSS,Metal1,215.0400,227.0930,0.000342
_3213_,VSS,Metal1,207.3950,219.3950,0.000178
_3212_,VSS,Metal1,206.4350,226.9550,0.000316
_3211_,VSS,Metal1,210.0150,219.5030,0.000182
_3210_,VSS,Metal1,203.8450,227.0520,0.000314
_3209_,VSS,Metal1,222.0130,226.4900,0.000339
_3208_,VSS,Metal1,227.9460,226.4700,0.000335
_3207_,VSS,Metal1,225.4500,226.5280,0.000338
_3206_,VSS,Metal1,220.3730,227.1300,0.000339
_3205_,VSS,Metal1,214.6110,226.6200,0.000342
_3204_,VSS,Metal1,192.3300,227.0710,0.000287
_3203_,VSS,Metal1,193.6930,226.4900,0.000288
_3202_,VSS,Metal1,188.5860,226.4700,0.000266
_3201_,VSS,Metal1,183.9760,226.5230,0.000170
_3200_,VSS,Metal1,185.3150,234.2050,0.000147
_3199_,VSS,Metal1,68.1920,317.7890,0.000391
_3198_,VSS,Metal1,180.4800,287.5730,0.000051
_3197_,VSS,Metal1,186.4930,280.0300,0.000174
_3196_,VSS,Metal1,184.7180,286.5950,0.000053
_3195_,VSS,Metal1,183.8050,287.4350,0.000053
_3194_,VSS,Metal1,189.9100,249.2260,0.000269
_3193_,VSS,Metal1,220.9550,241.6670,0.000280
_3192_,VSS,Metal1,224.6720,241.6500,0.000285
_3191_,VSS,Metal1,224.2400,234.6930,0.000586
_3190_,VSS,Metal1,205.9270,242.2060,0.000224
_3189_,VSS,Metal1,202.1150,242.0750,0.000213
_3188_,VSS,Metal1,198.2750,249.3250,0.000220
_3187_,VSS,Metal1,207.9820,249.2460,0.000218
_3186_,VSS,Metal1,211.2350,242.0750,0.000251
_3185_,VSS,Metal1,208.8000,242.2130,0.000228
_3184_,VSS,Metal1,203.9460,241.5900,0.000221
_3183_,VSS,Metal1,221.2450,234.5150,0.000586
_3182_,VSS,Metal1,189.7490,249.7510,0.000269
_3181_,VSS,Metal1,185.9090,249.2080,0.000204
_3180_,VSS,Metal1,70.0470,249.7490,0.000770
_3179_,VSS,Metal1,200.1600,272.4530,0.001227
_3178_,VSS,Metal1,206.1730,272.4700,0.001217
_3177_,VSS,Metal1,203.9180,272.8440,0.001218
_3176_,VSS,Metal1,200.6050,279.5650,0.000344
_3175_,VSS,Metal1,209.3900,181.1920,0.000103
_3174_,VSS,Metal1,203.3500,257.2930,0.001055
_3173_,VSS,Metal1,218.8270,257.2200,0.000582
_3172_,VSS,Metal1,222.2400,256.7460,0.000576
_3171_,VSS,Metal1,221.4290,257.3110,0.000576
_3170_,VSS,Metal1,219.8050,256.8850,0.000579
_3169_,VSS,Metal1,215.0930,256.7100,0.000678
_3168_,VSS,Metal1,204.9950,256.8850,0.000736
_3167_,VSS,Metal1,208.4900,256.7860,0.000712
_3166_,VSS,Metal1,206.8260,249.8100,0.000219
_3165_,VSS,Metal1,211.2350,249.6350,0.000217
_3164_,VSS,Metal1,212.6400,256.7460,0.000704
_3163_,VSS,Metal1,224.8930,234.0500,0.000586
_3162_,VSS,Metal1,224.4900,249.2080,0.000193
_3161_,VSS,Metal1,200.3090,256.7680,0.001056
_3160_,VSS,Metal1,195.8750,249.3250,0.000275
_3159_,VSS,Metal1,197.0260,234.0500,0.000669
_3158_,VSS,Metal1,194.5490,256.7680,0.001023
_3157_,VSS,Metal1,191.0930,256.7100,0.000996
_3156_,VSS,Metal1,96.9920,302.6690,0.000136
_3155_,VSS,Metal1,198.7200,286.9860,0.000178
_3154_,VSS,Metal1,218.6530,280.0300,0.000570
_3153_,VSS,Metal1,199.5980,280.4040,0.000343
_3152_,VSS,Metal1,196.2850,287.1250,0.000178
_3151_,VSS,Metal1,232.5730,264.9100,0.000287
_3150_,VSS,Metal1,235.6450,257.1950,0.000242
_3149_,VSS,Metal1,231.6700,256.7860,0.000466
_3148_,VSS,Metal1,227.6690,257.3110,0.000523
_3147_,VSS,Metal1,235.7150,256.7870,0.000242
_3146_,VSS,Metal1,244.9700,256.7860,0.000157
_3145_,VSS,Metal1,241.4750,256.8850,0.000192
_3144_,VSS,Metal1,246.0150,249.7430,0.000075
_3143_,VSS,Metal1,232.8000,249.7730,0.000171
_3142_,VSS,Metal1,235.6280,249.6600,0.000084
_3141_,VSS,Metal1,238.0450,256.8850,0.000222
_3140_,VSS,Metal1,232.4000,249.1460,0.000171
_3139_,VSS,Metal1,231.9890,257.3110,0.000466
_3138_,VSS,Metal1,235.4550,264.8630,0.000277
_3137_,VSS,Metal1,117.1520,317.2500,0.000393
_3136_,VSS,Metal1,216.0000,280.0130,0.000584
_3135_,VSS,Metal1,221.5330,280.0300,0.000570
_3134_,VSS,Metal1,217.8380,279.0350,0.000584
_3133_,VSS,Metal1,214.5250,279.5650,0.000557
_3132_,VSS,Metal1,247.3700,264.3460,0.000178
_3131_,VSS,Metal1,250.9590,264.2660,0.000052
_3130_,VSS,Metal1,247.8290,264.8710,0.000178
_3129_,VSS,Metal1,237.0660,264.9300,0.000277
_3128_,VSS,Metal1,248.3860,257.3500,0.000067
_3127_,VSS,Metal1,246.0160,234.5760,0.000448
_3126_,VSS,Metal1,243.3250,234.1070,0.000463
_3125_,VSS,Metal1,244.7460,241.5900,0.000274
_3124_,VSS,Metal1,242.5700,234.6130,0.000463
_3123_,VSS,Metal1,239.0400,234.6530,0.000476
_3122_,VSS,Metal1,249.6000,241.6260,0.000232
_3121_,VSS,Metal1,236.6930,234.6900,0.000476
_3120_,VSS,Metal1,241.6950,234.0960,0.000463
_3119_,VSS,Metal1,242.4520,241.7400,0.000286
_3118_,VSS,Metal1,240.0350,241.7650,0.000287
_3117_,VSS,Metal1,244.9360,226.5230,0.000261
_3116_,VSS,Metal1,247.4260,219.5500,0.000089
_3115_,VSS,Metal1,243.7860,271.8300,0.000525
_3114_,VSS,Metal1,59.0720,159.0290,0.000255
_3113_,VSS,Metal1,192.9600,271.8660,0.001102
_3112_,VSS,Metal1,231.6130,272.4700,0.000803
_3111_,VSS,Metal1,195.8050,272.0050,0.001104
_3110_,VSS,Metal1,190.3060,271.8500,0.001096
_3109_,VSS,Metal1,261.0850,257.2920,0.000087
_3108_,VSS,Metal1,260.6400,256.7460,0.000087
_3107_,VSS,Metal1,259.9060,249.7900,0.000174
_3106_,VSS,Metal1,264.0350,256.7870,0.000092
_3105_,VSS,Metal1,266.3650,256.8850,0.000128
_3104_,VSS,Metal1,257.2800,256.7460,0.000073
_3103_,VSS,Metal1,277.2700,256.7860,0.000577
_3102_,VSS,Metal1,270.4650,256.7760,0.000446
_3101_,VSS,Metal1,280.2660,256.7100,0.000577
_3100_,VSS,Metal1,258.7710,257.2200,0.000076
_3099_,VSS,Metal1,253.1090,249.7510,0.000067
_3098_,VSS,Metal1,254.0000,226.4660,0.000058
_3097_,VSS,Metal1,263.3700,249.7510,0.000319
_3096_,VSS,Metal1,265.1150,257.2920,0.000096
_3095_,VSS,Metal1,269.5050,249.7430,0.000377
_3094_,VSS,Metal1,116.6720,257.3090,0.000181
_3093_,VSS,Metal1,182.4000,272.4530,0.001065
_3092_,VSS,Metal1,234.9730,272.4700,0.000785
_3091_,VSS,Metal1,183.8050,272.0050,0.001065
_3090_,VSS,Metal1,181.1860,271.8500,0.001065
_3089_,VSS,Metal1,275.9650,241.7650,0.000679
_3088_,VSS,Metal1,280.4900,234.6130,0.000404
_3087_,VSS,Metal1,282.1880,226.9800,0.000574
_3086_,VSS,Metal1,283.2530,226.4700,0.000574
_3085_,VSS,Metal1,287.0050,227.0520,0.000726
_3084_,VSS,Metal1,281.4500,234.1060,0.000404
_3083_,VSS,Metal1,284.6400,234.0660,0.000408
_3082_,VSS,Metal1,284.6400,227.0930,0.000575
_3081_,VSS,Metal1,278.4530,234.0300,0.000401
_3080_,VSS,Metal1,285.3750,226.5360,0.000575
_3079_,VSS,Metal1,287.3700,219.5110,0.000613
_3078_,VSS,Metal1,276.6290,226.5280,0.000573
_3077_,VSS,Metal1,281.3150,249.3250,0.000797
_3076_,VSS,Metal1,277.4470,249.6470,0.000797
_3075_,VSS,Metal1,278.8800,249.1860,0.000797
_3074_,VSS,Metal1,276.4260,249.1500,0.000792
_3073_,VSS,Metal1,270.2930,249.1500,0.000377
_3072_,VSS,Metal1,274.6120,249.6600,0.000742
_3071_,VSS,Metal1,268.7480,256.8600,0.000136
_3070_,VSS,Metal1,19.4260,310.2700,0.000173
_3069_,VSS,Metal1,22.9860,310.2900,0.000155
_3068_,VSS,Metal1,209.1100,279.4660,0.000534
_3067_,VSS,Metal1,211.4530,181.1300,0.000107
_3066_,VSS,Metal1,207.3950,37.6450,0.000285
_3065_,VSS,Metal1,196.2670,37.9800,0.000117
_3064_,VSS,Metal1,209.7060,37.4700,0.000285
_3063_,VSS,Metal1,271.1650,113.5550,0.000087
_3062_,VSS,Metal1,267.8400,113.1060,0.000067
_3061_,VSS,Metal1,221.3900,181.1920,0.000177
_3060_,VSS,Metal1,280.3270,189.2860,0.001667
_3059_,VSS,Metal1,280.7800,204.4100,0.000689
_3058_,VSS,Metal1,281.2450,211.5250,0.000609
_3057_,VSS,Metal1,286.7150,136.3320,0.000965
_3056_,VSS,Metal1,284.1800,143.3500,0.000615
_3055_,VSS,Metal1,279.1350,211.4160,0.000491
_3054_,VSS,Metal1,265.9550,226.6450,0.000261
_3053_,VSS,Metal1,263.5400,226.5100,0.000158
_3052_,VSS,Metal1,261.6530,226.4700,0.000121
_3051_,VSS,Metal1,265.7770,227.0330,0.000261
_3050_,VSS,Metal1,242.4350,226.6450,0.000282
_3049_,VSS,Metal1,238.9860,264.9300,0.000197
_3048_,VSS,Metal1,254.1750,227.0630,0.000058
_3047_,VSS,Metal1,246.8620,227.0330,0.000186
_3046_,VSS,Metal1,236.1060,227.1300,0.000304
_3045_,VSS,Metal1,183.1900,211.9330,0.000859
_3044_,VSS,Metal1,183.8050,219.4920,0.000082
_3043_,VSS,Metal1,188.1950,234.2050,0.000655
_3042_,VSS,Metal1,190.8150,234.0960,0.000655
_3041_,VSS,Metal1,188.8930,256.7300,0.000996
_3040_,VSS,Metal1,192.9800,249.7700,0.000275
_3039_,VSS,Metal1,183.3060,249.1500,0.000131
_3038_,VSS,Metal1,183.1330,234.0500,0.000101
_3037_,VSS,Metal1,184.2380,227.4840,0.000170
_3036_,VSS,Metal1,186.4660,226.4900,0.000265
_3035_,VSS,Metal1,182.2300,211.4260,0.000859
_3034_,VSS,Metal1,179.0400,211.3860,0.000749
_3033_,VSS,Metal1,176.6600,204.4100,0.000030
_3032_,VSS,Metal1,179.8570,203.8860,0.000235
_3031_,VSS,Metal1,174.2920,203.9400,0.000157
_3030_,VSS,Metal1,176.6750,181.5950,0.000045
_3029_,VSS,Metal1,182.1460,174.1900,0.000117
_3028_,VSS,Metal1,156.7900,181.1860,0.000520
_3027_,VSS,Metal1,177.4630,181.1630,0.000045
_3026_,VSS,Metal1,174.7730,204.4500,0.000157
_3025_,VSS,Metal1,203.9460,219.5700,0.000171
_3024_,VSS,Metal1,252.2260,271.8500,0.000085
_3023_,VSS,Metal1,246.2200,271.8700,0.000522
_3022_,VSS,Metal1,248.2130,272.4900,0.000348
_3021_,VSS,Metal1,266.1750,234.0960,0.000353
_3020_,VSS,Metal1,271.4530,234.6700,0.000401
_3019_,VSS,Metal1,266.9330,234.6900,0.000353
_3018_,VSS,Metal1,274.1000,256.7500,0.000540
_3017_,VSS,Metal1,289.9550,189.1550,0.001904
_3016_,VSS,Metal1,287.7460,188.6900,0.001788
_3015_,VSS,Metal1,290.5550,196.8120,0.001516
_3014_,VSS,Metal1,284.8930,196.8700,0.000993
_3013_,VSS,Metal1,287.2100,203.8660,0.000717
_3012_,VSS,Metal1,283.7150,203.9650,0.000696
_3011_,VSS,Metal1,282.6660,196.8900,0.000993
_3010_,VSS,Metal1,284.8650,135.7780,0.000963
_3009_,VSS,Metal1,288.0070,135.7930,0.000965
_3008_,VSS,Metal1,285.0660,150.8700,0.002250
_3007_,VSS,Metal1,144.9250,218.9870,0.000396
_3006_,VSS,Metal1,149.1810,218.9920,0.000381
_3005_,VSS,Metal1,146.8800,234.0660,0.000332
_3004_,VSS,Metal1,135.3600,218.9460,0.000396
_3003_,VSS,Metal1,127.6800,218.9460,0.000359
_3002_,VSS,Metal1,149.5350,226.5360,0.001284
_3001_,VSS,Metal1,287.0910,196.7400,0.001497
_3000_,VSS,Metal1,267.5150,90.9720,0.000310
_2999_,VSS,Metal1,283.0630,90.9960,0.000375
_2998_,VSS,Metal1,285.0850,204.2750,0.000696
_2997_,VSS,Metal1,287.1200,189.3330,0.001788
_2996_,VSS,Metal1,279.8930,188.6700,0.001667
_2995_,VSS,Metal1,285.3450,188.7360,0.001788
_2994_,VSS,Metal1,239.9580,218.8660,0.000139
_2993_,VSS,Metal1,241.3030,242.1960,0.000286
_2992_,VSS,Metal1,228.5150,218.9870,0.000181
_2991_,VSS,Metal1,230.3460,218.9100,0.000153
_2990_,VSS,Metal1,228.0200,241.6300,0.000286
_2989_,VSS,Metal1,224.4970,227.0330,0.000338
_2988_,VSS,Metal1,225.2620,219.0060,0.000186
_2987_,VSS,Metal1,226.9860,212.0100,0.000621
_2986_,VSS,Metal1,227.8150,188.6280,0.000185
_2985_,VSS,Metal1,277.0130,188.6700,0.001464
_2984_,VSS,Metal1,272.3090,188.7280,0.001419
_2983_,VSS,Metal1,255.1350,188.7360,0.000054
_2982_,VSS,Metal1,268.8530,188.6700,0.000955
_2981_,VSS,Metal1,243.8050,218.9870,0.000098
_2980_,VSS,Metal1,244.7500,219.4700,0.000098
_2979_,VSS,Metal1,231.8750,211.4270,0.000471
_2978_,VSS,Metal1,235.1010,218.9920,0.000148
_2977_,VSS,Metal1,224.4850,257.2920,0.000523
_2976_,VSS,Metal1,221.5050,264.3360,0.000337
_2975_,VSS,Metal1,226.7020,227.0330,0.000338
_2974_,VSS,Metal1,153.0210,211.9270,0.000095
_2973_,VSS,Metal1,88.8000,211.3860,0.000593
_2972_,VSS,Metal1,220.6450,188.7470,0.000244
_2971_,VSS,Metal1,277.3860,189.3300,0.001464
_2970_,VSS,Metal1,274.1600,196.2260,0.000846
_2969_,VSS,Metal1,282.1880,143.4600,0.000615
_2968_,VSS,Metal1,286.5060,143.3100,0.000702
_2967_,VSS,Metal1,281.5350,136.3430,0.000768
_2966_,VSS,Metal1,288.5330,136.4100,0.000965
_2965_,VSS,Metal1,284.1950,136.3320,0.000963
_2964_,VSS,Metal1,285.7550,128.7720,0.000779
_2963_,VSS,Metal1,286.1330,128.1900,0.000779
_2962_,VSS,Metal1,283.1650,113.5550,0.000416
_2961_,VSS,Metal1,284.1250,113.2450,0.000419
_2960_,VSS,Metal1,281.3330,128.8500,0.000479
_2959_,VSS,Metal1,291.7880,121.1400,0.001351
_2958_,VSS,Metal1,287.0930,121.2900,0.001154
_2957_,VSS,Metal1,286.5060,120.6300,0.001154
_2956_,VSS,Metal1,292.7920,113.1130,0.000984
_2955_,VSS,Metal1,283.0450,106.0920,0.000424
_2954_,VSS,Metal1,272.5870,196.7400,0.000846
_2953_,VSS,Metal1,268.8350,234.5150,0.000353
_2952_,VSS,Metal1,256.3200,234.6530,0.000042
_2951_,VSS,Metal1,254.4510,241.7400,0.000051
_2950_,VSS,Metal1,253.9730,234.6900,0.000039
_2949_,VSS,Metal1,248.9700,256.7680,0.000067
_2948_,VSS,Metal1,232.8800,271.8260,0.000803
_2947_,VSS,Metal1,246.0970,257.2730,0.000157
_2946_,VSS,Metal1,225.5670,279.4500,0.000543
_2945_,VSS,Metal1,110.1460,279.4100,0.000186
_2944_,VSS,Metal1,106.8130,264.9100,0.000058
_2943_,VSS,Metal1,103.8500,279.4660,0.000150
_2942_,VSS,Metal1,104.3300,287.0260,0.000050
_2941_,VSS,Metal1,97.8660,286.9500,0.000105
_2940_,VSS,Metal1,96.9950,272.0050,0.000255
_2939_,VSS,Metal1,107.0050,279.4670,0.000171
_2938_,VSS,Metal1,107.2950,272.4230,0.000124
_2937_,VSS,Metal1,100.3200,279.4260,0.000150
_2936_,VSS,Metal1,107.0400,280.0130,0.000171
_2935_,VSS,Metal1,107.5200,286.9860,0.000071
_2934_,VSS,Metal1,248.7890,271.8880,0.000348
_2933_,VSS,Metal1,252.0510,241.7400,0.000051
_2932_,VSS,Metal1,247.0570,241.6860,0.000274
_2931_,VSS,Metal1,235.1670,279.4500,0.000539
_2930_,VSS,Metal1,132.4450,294.5870,0.000218
_2929_,VSS,Metal1,125.2800,294.5460,0.000207
_2928_,VSS,Metal1,135.8400,294.5460,0.000227
_2927_,VSS,Metal1,127.2000,287.5730,0.000217
_2926_,VSS,Metal1,137.5050,287.0160,0.000245
_2925_,VSS,Metal1,147.2050,287.0270,0.000258
_2924_,VSS,Metal1,150.1900,279.4900,0.000621
_2923_,VSS,Metal1,128.0170,295.0730,0.000213
_2922_,VSS,Metal1,122.8800,295.1330,0.000136
_2921_,VSS,Metal1,128.1600,294.5460,0.000213
_2920_,VSS,Metal1,140.1600,286.9860,0.000245
_2919_,VSS,Metal1,142.7850,279.4560,0.000621
_2918_,VSS,Metal1,218.6250,234.6230,0.000591
_2917_,VSS,Metal1,208.6630,241.6430,0.000228
_2916_,VSS,Metal1,205.9730,249.1500,0.000219
_2915_,VSS,Metal1,203.5270,234.0730,0.000669
_2914_,VSS,Metal1,201.1730,234.0300,0.000669
_2913_,VSS,Metal1,201.6000,227.0930,0.000313
_2912_,VSS,Metal1,195.6160,219.0230,0.000127
_2911_,VSS,Metal1,188.8950,219.5410,0.000091
_2910_,VSS,Metal1,192.8230,211.9560,0.000937
_2909_,VSS,Metal1,188.0500,211.9270,0.000931
_2908_,VSS,Metal1,177.2690,218.9680,0.000069
_2907_,VSS,Metal1,168.4470,227.0690,0.001636
_2906_,VSS,Metal1,68.7630,219.6100,0.000195
_2905_,VSS,Metal1,72.7330,218.9300,0.000194
_2904_,VSS,Metal1,70.7300,226.5460,0.001926
_2903_,VSS,Metal1,64.3550,226.6450,0.001957
_2902_,VSS,Metal1,65.4500,211.9330,0.000534
_2901_,VSS,Metal1,59.5730,218.9100,0.000178
_2900_,VSS,Metal1,211.3100,211.9270,0.000838
_2899_,VSS,Metal1,86.6250,218.9760,0.000163
_2898_,VSS,Metal1,81.7700,218.9860,0.000181
_2897_,VSS,Metal1,63.5300,219.4930,0.000178
_2896_,VSS,Metal1,57.1550,219.0850,0.000175
_2895_,VSS,Metal1,56.6050,211.9320,0.000480
_2894_,VSS,Metal1,73.4930,204.4500,0.000355
_2893_,VSS,Metal1,195.3060,211.3500,0.000938
_2892_,VSS,Metal1,192.1700,189.2530,0.000243
_2891_,VSS,Metal1,188.8660,189.3100,0.000103
_2890_,VSS,Metal1,175.7150,174.0350,0.000066
_2889_,VSS,Metal1,169.9550,174.0350,0.000069
_2888_,VSS,Metal1,257.6170,150.9660,0.000157
_2887_,VSS,Metal1,169.9710,166.5000,0.000100
_2886_,VSS,Metal1,157.0130,174.2100,0.000073
_2885_,VSS,Metal1,161.4500,181.1860,0.000520
_2884_,VSS,Metal1,154.9300,317.2720,0.000404
_2883_,VSS,Metal1,159.2780,188.3150,0.000358
_2882_,VSS,Metal1,155.7460,188.6900,0.000361
_2881_,VSS,Metal1,109.1300,181.6930,0.000154
_2880_,VSS,Metal1,96.0350,174.0350,0.000051
_2879_,VSS,Metal1,135.5300,174.1330,0.000073
_2878_,VSS,Metal1,126.5770,181.6730,0.000334
_2877_,VSS,Metal1,167.8570,174.1130,0.000069
_2876_,VSS,Metal1,149.5060,188.6900,0.000380
_2875_,VSS,Metal1,149.2800,181.1460,0.000521
_2874_,VSS,Metal1,147.1060,188.6900,0.000380
_2873_,VSS,Metal1,101.9300,189.2530,0.000067
_2872_,VSS,Metal1,94.5950,196.4050,0.000035
_2871_,VSS,Metal1,134.5700,188.7460,0.000378
_2870_,VSS,Metal1,130.4170,188.7660,0.000348
_2869_,VSS,Metal1,188.4970,173.6460,0.000430
_2868_,VSS,Metal1,177.8560,173.6630,0.000095
_2867_,VSS,Metal1,173.4160,174.1560,0.000069
_2866_,VSS,Metal1,178.1150,174.0350,0.000095
_2865_,VSS,Metal1,160.9700,196.3060,0.000038
_2864_,VSS,Metal1,156.7060,196.2500,0.000053
_2863_,VSS,Metal1,158.1460,196.8700,0.000053
_2862_,VSS,Metal1,107.2100,196.3060,0.000077
_2861_,VSS,Metal1,96.0350,203.9650,0.000235
_2860_,VSS,Metal1,141.4300,204.3730,0.000598
_2859_,VSS,Metal1,135.2170,203.8860,0.000286
_2858_,VSS,Metal1,169.2970,181.2060,0.000478
_2857_,VSS,Metal1,180.3700,174.1270,0.000117
_2856_,VSS,Metal1,145.1860,204.4300,0.000597
_2855_,VSS,Metal1,150.4930,203.8100,0.000600
_2854_,VSS,Metal1,99.5300,203.8660,0.000120
_2853_,VSS,Metal1,93.6350,203.9650,0.000244
_2852_,VSS,Metal1,142.8700,196.3060,0.000186
_2851_,VSS,Metal1,137.6170,204.3530,0.000597
_2850_,VSS,Metal1,175.8290,188.7280,0.000023
_2849_,VSS,Metal1,196.1700,189.2710,0.000247
_2848_,VSS,Metal1,193.5820,188.7660,0.000243
_2847_,VSS,Metal1,159.8070,241.6500,0.000413
_2846_,VSS,Metal1,101.8830,241.5500,0.000053
_2845_,VSS,Metal1,103.9060,234.6700,0.000127
_2844_,VSS,Metal1,99.5300,234.6130,0.000458
_2843_,VSS,Metal1,93.1550,234.2050,0.000543
_2842_,VSS,Metal1,97.7500,241.6660,0.000106
_2841_,VSS,Metal1,97.7770,242.1530,0.000106
_2840_,VSS,Metal1,108.9250,241.6670,0.000109
_2839_,VSS,Metal1,110.3010,234.1120,0.000170
_2838_,VSS,Metal1,103.2000,242.2130,0.000053
_2837_,VSS,Metal1,96.0000,234.0660,0.000506
_2836_,VSS,Metal1,105.1200,234.0660,0.000127
_2835_,VSS,Metal1,112.0950,241.6560,0.000125
_2834_,VSS,Metal1,195.1050,196.8230,0.000272
_2833_,VSS,Metal1,192.4260,203.7900,0.000261
_2832_,VSS,Metal1,165.5670,219.5090,0.000129
_2831_,VSS,Metal1,36.3560,211.3100,0.000156
_2830_,VSS,Metal1,34.3330,203.8100,0.000285
_2829_,VSS,Metal1,32.8100,211.4260,0.000122
_2828_,VSS,Metal1,32.1250,204.2750,0.000095
_2827_,VSS,Metal1,36.3100,218.9860,0.000090
_2826_,VSS,Metal1,40.3730,196.2300,0.000129
_2825_,VSS,Metal1,166.3050,211.4160,0.000275
_2824_,VSS,Metal1,165.4570,211.9130,0.000277
_2823_,VSS,Metal1,40.2210,203.8720,0.000301
_2822_,VSS,Metal1,32.8100,218.9860,0.000080
_2821_,VSS,Metal1,42.6680,196.7400,0.000143
_2820_,VSS,Metal1,34.5670,204.2870,0.000285
_2819_,VSS,Metal1,36.5310,203.9400,0.000294
_2818_,VSS,Metal1,36.0530,219.5700,0.000090
_2817_,VSS,Metal1,36.6350,196.8120,0.000128
_2816_,VSS,Metal1,196.1700,227.0710,0.000305
_2815_,VSS,Metal1,178.7090,227.0710,0.000063
_2814_,VSS,Metal1,199.2530,234.0300,0.000669
_2813_,VSS,Metal1,190.5060,226.4700,0.000280
_2812_,VSS,Metal1,174.6870,279.4500,0.000093
_2811_,VSS,Metal1,53.7250,287.5320,0.000379
_2810_,VSS,Metal1,54.2400,294.5460,0.000211
_2809_,VSS,Metal1,48.9600,294.5460,0.000094
_2808_,VSS,Metal1,47.0400,286.9860,0.000162
_2807_,VSS,Metal1,53.5050,287.0160,0.000379
_2806_,VSS,Metal1,225.7100,219.4870,0.000186
_2805_,VSS,Metal1,58.3060,286.9700,0.000402
_2804_,VSS,Metal1,56.3860,279.4100,0.000407
_2803_,VSS,Metal1,50.5700,287.0260,0.000187
_2802_,VSS,Metal1,44.6750,279.8750,0.000227
_2801_,VSS,Metal1,57.7700,294.5860,0.000209
_2800_,VSS,Metal1,53.1370,295.0730,0.000211
_2799_,VSS,Metal1,193.7700,257.3110,0.001023
_2798_,VSS,Metal1,208.7460,249.8100,0.000218
_2797_,VSS,Metal1,207.2170,257.2730,0.000712
_2796_,VSS,Metal1,190.1330,257.3700,0.000996
_2795_,VSS,Metal1,204.4470,271.8900,0.001218
_2794_,VSS,Metal1,72.1230,264.9700,0.000377
_2793_,VSS,Metal1,75.1330,264.9100,0.000376
_2792_,VSS,Metal1,65.4500,264.3460,0.000365
_2791_,VSS,Metal1,62.4350,257.1950,0.000615
_2790_,VSS,Metal1,69.2900,256.7860,0.000540
_2789_,VSS,Metal1,61.0130,256.7100,0.001014
_2788_,VSS,Metal1,183.2500,256.7920,0.000788
_2787_,VSS,Metal1,74.6260,257.3500,0.000481
_2786_,VSS,Metal1,77.0530,257.3500,0.000481
_2785_,VSS,Metal1,61.6100,264.3460,0.000325
_2784_,VSS,Metal1,57.6350,256.8850,0.001018
_2783_,VSS,Metal1,73.1300,249.2260,0.000775
_2782_,VSS,Metal1,65.3330,249.1500,0.000744
_2781_,VSS,Metal1,187.5300,242.1910,0.000198
_2780_,VSS,Metal1,186.1590,249.8130,0.000204
_2779_,VSS,Metal1,193.6650,249.2160,0.000275
_2778_,VSS,Metal1,191.5550,287.1250,0.000127
_2777_,VSS,Metal1,149.8700,287.5270,0.000261
_2776_,VSS,Metal1,81.9810,294.5920,0.000128
_2775_,VSS,Metal1,84.7350,279.9830,0.000423
_2774_,VSS,Metal1,79.6800,295.1330,0.000135
_2773_,VSS,Metal1,78.2400,294.5460,0.000137
_2772_,VSS,Metal1,79.2000,286.9860,0.000574
_2771_,VSS,Metal1,194.1750,287.0160,0.000127
_2770_,VSS,Metal1,81.0850,287.5320,0.000153
_2769_,VSS,Metal1,153.6520,181.2600,0.000521
_2768_,VSS,Metal1,77.9850,279.9830,0.000425
_2767_,VSS,Metal1,75.3600,294.5460,0.000165
_2766_,VSS,Metal1,78.7200,287.5730,0.000574
_2765_,VSS,Metal1,84.9600,294.5460,0.000128
_2764_,VSS,Metal1,267.8920,241.7400,0.000280
_2763_,VSS,Metal1,264.9060,234.6900,0.000350
_2762_,VSS,Metal1,267.2100,249.7510,0.000342
_2761_,VSS,Metal1,267.7590,257.3730,0.000128
_2760_,VSS,Metal1,278.5490,241.6480,0.000679
_2759_,VSS,Metal1,277.1860,234.6700,0.000401
_2758_,VSS,Metal1,276.8170,257.2730,0.000577
_2757_,VSS,Metal1,252.9270,272.4290,0.000085
_2756_,VSS,Metal1,61.7960,188.6300,0.000611
_2755_,VSS,Metal1,60.7330,189.3100,0.000611
_2754_,VSS,Metal1,178.6130,37.4700,0.000038
_2753_,VSS,Metal1,64.9700,181.6930,0.000500
_2752_,VSS,Metal1,66.1580,167.0040,0.000310
_2751_,VSS,Metal1,59.2100,181.1860,0.000350
_2750_,VSS,Metal1,55.7330,173.5500,0.000077
_2749_,VSS,Metal1,60.9250,181.6920,0.000354
_2748_,VSS,Metal1,58.5600,181.7330,0.000350
_2747_,VSS,Metal1,62.4000,181.1460,0.000354
_2746_,VSS,Metal1,60.9600,173.5860,0.000400
_2745_,VSS,Metal1,58.7850,188.7360,0.000624
_2744_,VSS,Metal1,281.9020,241.6860,0.000755
_2743_,VSS,Metal1,283.6280,234.5400,0.000408
_2742_,VSS,Metal1,244.7670,272.4290,0.000522
_2741_,VSS,Metal1,131.4850,264.3470,0.000398
_2740_,VSS,Metal1,127.6800,257.3330,0.000238
_2739_,VSS,Metal1,126.2400,264.3060,0.000365
_2738_,VSS,Metal1,134.8800,249.7730,0.003297
_2737_,VSS,Metal1,137.0250,264.3360,0.000698
_2736_,VSS,Metal1,137.2450,256.7870,0.000244
_2735_,VSS,Metal1,141.5010,257.2870,0.000234
_2734_,VSS,Metal1,129.1200,264.3060,0.000396
_2733_,VSS,Metal1,134.8800,257.3330,0.000239
_2732_,VSS,Metal1,137.7600,249.7730,0.003283
_2731_,VSS,Metal1,143.7450,257.3030,0.000226
_2730_,VSS,Metal1,284.4900,211.9510,0.000891
_2729_,VSS,Metal1,282.9750,204.3830,0.000692
_2728_,VSS,Metal1,264.4470,272.4290,0.000122
_2727_,VSS,Metal1,27.3250,287.0270,0.000063
_2726_,VSS,Metal1,26.4000,287.5730,0.000059
_2725_,VSS,Metal1,27.3600,294.5460,0.000029
_2724_,VSS,Metal1,101.7800,82.8700,0.000034
_2723_,VSS,Metal1,92.1670,113.2320,0.000243
_2722_,VSS,Metal1,100.2660,83.4900,0.000039
_2721_,VSS,Metal1,26.8800,280.0130,0.000069
_2720_,VSS,Metal1,98.4530,83.4900,0.000052
_2719_,VSS,Metal1,105.6520,83.3400,0.000428
_2718_,VSS,Metal1,95.5120,113.5670,0.000178
_2717_,VSS,Metal1,103.1500,83.3900,0.000037
_2716_,VSS,Metal1,97.3900,38.0300,0.000047
_2715_,VSS,Metal1,32.8650,279.9830,0.000129
_2714_,VSS,Metal1,62.0620,151.4330,0.000265
_2713_,VSS,Metal1,98.4510,113.2200,0.000127
_2712_,VSS,Metal1,95.5730,106.1700,0.000160
_2711_,VSS,Metal1,95.5270,113.2320,0.000178
_2710_,VSS,Metal1,99.6970,82.9260,0.000039
_2709_,VSS,Metal1,104.6200,82.8700,0.000061
_2708_,VSS,Metal1,30.2050,287.0270,0.000084
_2707_,VSS,Metal1,23.5200,294.5460,0.000028
_2706_,VSS,Metal1,30.2400,294.5460,0.000031
_2705_,VSS,Metal1,29.7400,211.3900,0.000070
_2704_,VSS,Metal1,68.1520,106.0070,0.000292
_2703_,VSS,Metal1,32.7820,211.9130,0.000122
_2702_,VSS,Metal1,27.3400,211.3900,0.000061
_2701_,VSS,Metal1,24.9600,286.9860,0.000060
_2700_,VSS,Metal1,26.8600,188.7100,0.000097
_2699_,VSS,Metal1,42.7120,211.8470,0.000441
_2698_,VSS,Metal1,29.2260,181.7700,0.000263
_2697_,VSS,Metal1,46.5670,196.7270,0.000179
_2696_,VSS,Metal1,24.3370,188.7660,0.000059
_2695_,VSS,Metal1,22.0600,188.7100,0.000124
_2694_,VSS,Metal1,24.4300,106.0700,0.000056
_2693_,VSS,Metal1,23.2650,181.1760,0.000130
_2692_,VSS,Metal1,34.8150,279.4560,0.000183
_2691_,VSS,Metal1,47.1820,68.2730,0.000161
_2690_,VSS,Metal1,51.4110,75.4200,0.000373
_2689_,VSS,Metal1,53.7060,75.2700,0.000462
_2688_,VSS,Metal1,139.2530,120.6300,0.000203
_2687_,VSS,Metal1,143.7750,120.6960,0.000204
_2686_,VSS,Metal1,146.8270,113.5800,0.000292
_2685_,VSS,Metal1,279.2230,120.6830,0.000998
_2684_,VSS,Metal1,277.4050,121.2120,0.000959
_2683_,VSS,Metal1,268.5730,113.7100,0.000067
_2682_,VSS,Metal1,267.9950,98.0270,0.000162
_2681_,VSS,Metal1,290.7430,106.1160,0.000452
_2680_,VSS,Metal1,281.8700,75.8470,0.000463
_2679_,VSS,Metal1,311.4680,90.9000,0.000445
_2678_,VSS,Metal1,311.5270,98.1120,0.000605
_2677_,VSS,Metal1,281.7400,113.1100,0.000414
_2676_,VSS,Metal1,279.1060,113.0900,0.000382
_2675_,VSS,Metal1,278.1750,106.1030,0.000414
_2674_,VSS,Metal1,274.1330,128.8500,0.000357
_2673_,VSS,Metal1,287.8450,90.9720,0.000385
_2672_,VSS,Metal1,280.3270,91.0060,0.000359
_2671_,VSS,Metal1,271.3550,98.5320,0.000173
_2670_,VSS,Metal1,293.7670,106.1260,0.000473
_2669_,VSS,Metal1,276.8050,98.0270,0.000186
_2668_,VSS,Metal1,292.3700,98.0500,0.000417
_2667_,VSS,Metal1,309.0660,97.9500,0.000596
_2666_,VSS,Metal1,280.7920,121.2460,0.000998
_2665_,VSS,Metal1,265.2150,90.9830,0.000302
_2664_,VSS,Metal1,265.2970,98.0460,0.000151
_2663_,VSS,Metal1,270.3950,98.0270,0.000172
_2662_,VSS,Metal1,283.6270,90.5400,0.000375
_2661_,VSS,Metal1,282.7000,97.9900,0.000224
_2660_,VSS,Metal1,267.1350,98.5430,0.000161
_2659_,VSS,Metal1,274.0260,106.1700,0.000357
_2658_,VSS,Metal1,262.7850,90.9830,0.000298
_2657_,VSS,Metal1,278.8260,90.3900,0.000359
_2656_,VSS,Metal1,175.4250,158.4960,0.000031
_2655_,VSS,Metal1,275.8630,113.1230,0.000357
_2654_,VSS,Metal1,270.6660,113.0700,0.000087
_2653_,VSS,Metal1,298.9870,106.0200,0.000476
_2652_,VSS,Metal1,299.5400,97.9900,0.000510
_2651_,VSS,Metal1,275.7450,128.7830,0.000357
_2650_,VSS,Metal1,266.7250,105.5870,0.000329
_2649_,VSS,Metal1,296.5030,106.1160,0.000475
_2648_,VSS,Metal1,295.4550,105.5760,0.000474
_2647_,VSS,Metal1,265.4930,113.0700,0.000056
_2646_,VSS,Metal1,286.1150,90.9720,0.000384
_2645_,VSS,Metal1,280.3120,106.1260,0.000420
_2644_,VSS,Metal1,285.1730,97.9500,0.000224
_2643_,VSS,Metal1,297.0680,98.4600,0.000487
_2642_,VSS,Metal1,297.0660,97.9500,0.000487
_2641_,VSS,Metal1,280.5450,105.5760,0.000420
_2640_,VSS,Metal1,296.6930,113.0700,0.001003
_2639_,VSS,Metal1,301.2130,106.1500,0.000477
_2638_,VSS,Metal1,298.0600,91.0100,0.000404
_2637_,VSS,Metal1,299.6560,105.5630,0.000476
_2636_,VSS,Metal1,303.6150,98.5430,0.000528
_2635_,VSS,Metal1,297.5800,105.5500,0.000475
_2634_,VSS,Metal1,311.4670,105.6600,0.000496
_2633_,VSS,Metal1,271.1460,91.0500,0.000329
_2632_,VSS,Metal1,128.7500,234.6070,0.000332
_2631_,VSS,Metal1,312.3700,150.9520,0.003317
_2630_,VSS,Metal1,313.8100,196.8070,0.001573
_2629_,VSS,Metal1,313.8100,279.4720,0.002528
_2628_,VSS,Metal1,288.8500,279.9670,0.001984
_2627_,VSS,Metal1,279.7300,309.7120,0.000840
_2626_,VSS,Metal1,270.1300,302.6470,0.000675
_2625_,VSS,Metal1,260.5300,317.2720,0.000236
_2624_,VSS,Metal1,256.2100,317.2720,0.000237
_2623_,VSS,Metal1,241.8100,310.2070,0.000337
_2622_,VSS,Metal1,194.2900,22.4320,0.000527
_2621_,VSS,Metal1,204.3700,29.9920,0.000480
_2620_,VSS,Metal1,197.6500,22.4320,0.000565
_2619_,VSS,Metal1,196.2100,22.4320,0.000562
_2618_,VSS,Metal1,173.3900,22.4320,0.000134
_2617_,VSS,Metal1,176.5300,22.4320,0.000070
_2616_,VSS,Metal1,175.0900,22.4320,0.000076
_2615_,VSS,Metal1,199.5700,38.0470,0.000135
_2614_,VSS,Metal1,163.3100,22.9270,0.000482
_2613_,VSS,Metal1,315.9500,82.9120,0.001314
_2612_,VSS,Metal1,152.2700,30.4870,0.000315
_2611_,VSS,Metal1,102.1300,90.4720,0.000052
_2610_,VSS,Metal1,307.0900,83.4070,0.001312
_2609_,VSS,Metal1,149.3900,30.4870,0.000334
_2608_,VSS,Metal1,311.8900,106.0870,0.000496
_2607_,VSS,Metal1,309.0100,120.7120,0.001515
_2606_,VSS,Metal1,310.4500,113.6470,0.001034
_2605_,VSS,Metal1,166.6700,22.4320,0.000441
_2604_,VSS,Metal1,311.8900,135.8320,0.001251
_2603_,VSS,Metal1,310.4500,135.8320,0.001250
_2602_,VSS,Metal1,147.9500,29.9920,0.000400
_2601_,VSS,Metal1,285.9700,158.5120,0.000349
_2600_,VSS,Metal1,164.2700,22.4320,0.000441
_2599_,VSS,Metal1,183.2500,257.2870,0.000788
_2598_,VSS,Metal1,282.1300,158.5120,0.000314
_2597_,VSS,Metal1,286.9300,150.9520,0.002638
_2596_,VSS,Metal1,176.5300,271.9120,0.000038
_2595_,VSS,Metal1,176.0500,249.2320,0.000056
_2594_,VSS,Metal1,175.0900,249.7270,0.000074
_2593_,VSS,Metal1,180.3700,279.4720,0.000083
_2592_,VSS,Metal1,184.6900,272.4070,0.001069
_2591_,VSS,Metal1,189.0100,272.4070,0.001089
_2590_,VSS,Metal1,188.5300,279.4720,0.000273
_2589_,VSS,Metal1,213.9700,317.2720,0.000514
_2588_,VSS,Metal1,202.9300,310.2070,0.000492
_2587_,VSS,Metal1,204.3700,310.2070,0.000494
_2586_,VSS,Metal1,182.7700,309.7120,0.000347
_2585_,VSS,Metal1,170.7700,287.0320,0.000112
_2584_,VSS,Metal1,161.6500,227.0470,0.001802
_2583_,VSS,Metal1,170.2900,234.6070,0.000212
_2582_,VSS,Metal1,157.0700,271.9120,0.000231
_2581_,VSS,Metal1,169.8100,272.4070,0.000190
_2580_,VSS,Metal1,167.4100,211.9270,0.000275
_2579_,VSS,Metal1,171.7300,218.9920,0.000069
_2578_,VSS,Metal1,160.6900,317.7670,0.000266
_2577_,VSS,Metal1,173.6500,271.9120,0.000039
_2576_,VSS,Metal1,169.5500,302.6470,0.000104
_2575_,VSS,Metal1,225.2300,295.0870,0.000272
_2574_,VSS,Metal1,244.4300,295.0870,0.000110
_2573_,VSS,Metal1,259.3100,279.4720,0.000279
_2572_,VSS,Metal1,295.3100,136.3270,0.001188
_2571_,VSS,Metal1,147.9500,120.7120,0.000206
_2570_,VSS,Metal1,144.8500,113.6470,0.000292
_2569_,VSS,Metal1,161.8700,22.9270,0.000490
_2568_,VSS,Metal1,278.2900,90.9670,0.000352
_2567_,VSS,Metal1,299.6300,98.5270,0.000510
_2566_,VSS,Metal1,305.3900,98.0320,0.000539
_2565_,VSS,Metal1,301.8100,75.3520,0.000791
_2564_,VSS,Metal1,151.5700,181.1920,0.000521
_2563_,VSS,Metal1,34.4500,219.4870,0.000083
_2562_,VSS,Metal1,56.0500,226.5520,0.001968
_2561_,VSS,Metal1,45.0100,287.0320,0.000153
_2560_,VSS,Metal1,55.5700,256.7920,0.001051
_2559_,VSS,Metal1,100.2100,287.5270,0.000045
_2558_,VSS,Metal1,38.2900,257.2870,0.001018
_2557_,VSS,Metal1,91.0900,150.9520,0.000191
_2556_,VSS,Metal1,87.2500,189.2470,0.000480
_2555_,VSS,Metal1,90.1300,204.3670,0.000325
_2554_,VSS,Metal1,91.5700,234.1120,0.000768
_2553_,VSS,Metal1,18.6100,196.8070,0.000050
_2552_,VSS,Metal1,62.7700,226.5520,0.001966
_2551_,VSS,Metal1,58.4500,249.2320,0.000669
_2550_,VSS,Metal1,98.2900,279.4720,0.000150
_2549_,VSS,Metal1,122.7700,226.5520,0.000914
_2548_,VSS,Metal1,24.3700,234.1120,0.000073
_2547_,VSS,Metal1,122.9900,159.0070,0.000183
_2546_,VSS,Metal1,127.5700,136.3270,0.000331
_2545_,VSS,Metal1,15.7300,181.6870,0.000157
_2544_,VSS,Metal1,34.9300,105.5920,0.000156
_2543_,VSS,Metal1,44.5300,189.2470,0.000590
_2542_,VSS,Metal1,71.8900,204.3670,0.000355
_2541_,VSS,Metal1,55.5700,166.0720,0.000317
_2540_,VSS,Metal1,86.7700,98.5270,0.000372
_2539_,VSS,Metal1,110.2900,113.1520,0.000155
