Instance,Terminal,Layer,X location,Y location,Voltage
FILLER_81_632,VDD,Metal1,310.0910,321.8960,1.191434
FILLER_81_625,VDD,Metal1,307.4490,321.8980,1.191434
FILLER_81_618,VDD,Metal1,304.0890,321.8980,1.191797
FILLER_81_611,VDD,Metal1,300.7290,321.8980,1.191801
FILLER_81_604,VDD,Metal1,297.3690,321.8980,1.191801
FILLER_81_597,VDD,Metal1,294.0090,321.8980,1.191807
FILLER_81_590,VDD,Metal1,290.6490,321.8980,1.191910
FILLER_81_583,VDD,Metal1,287.2890,321.8980,1.191923
FILLER_81_576,VDD,Metal1,283.9290,321.8980,1.191937
FILLER_81_569,VDD,Metal1,280.5690,321.8980,1.191950
FILLER_81_562,VDD,Metal1,277.2090,321.8980,1.191964
FILLER_81_543,VDD,Metal1,266.8800,321.3000,1.197750
FILLER_81_529,VDD,Metal1,259.9200,321.3000,1.198310
FILLER_81_527,VDD,Metal1,259.2000,321.3000,1.198310
FILLER_81_441,VDD,Metal1,217.6800,321.3000,1.199228
FILLER_81_373,VDD,Metal1,185.0400,321.3000,1.199596
FILLER_81_371,VDD,Metal1,184.3200,321.3000,1.199596
FILLER_81_337,VDD,Metal1,168.0000,321.3000,1.199926
FILLER_81_300,VDD,Metal1,150.0000,321.3000,1.199595
FILLER_81_295,VDD,Metal1,147.6000,321.3000,1.199585
FILLER_81_246,VDD,Metal1,124.0800,321.3000,1.199673
FILLER_81_244,VDD,Metal1,123.3600,321.3000,1.199673
FILLER_81_226,VDD,Metal1,114.4800,321.3000,1.199682
FILLER_81_224,VDD,Metal1,113.7600,321.3000,1.199682
FILLER_81_217,VDD,Metal1,111.6090,321.8980,1.199683
FILLER_81_210,VDD,Metal1,108.2490,321.8980,1.199715
FILLER_81_203,VDD,Metal1,104.8890,321.8980,1.199725
FILLER_81_190,VDD,Metal1,97.2000,321.3000,1.199725
FILLER_81_188,VDD,Metal1,96.4800,321.3000,1.199833
FILLER_81_181,VDD,Metal1,94.3290,321.8980,1.199861
FILLER_81_174,VDD,Metal1,90.9690,321.8980,1.199848
FILLER_81_167,VDD,Metal1,87.6090,321.8980,1.199834
FILLER_81_160,VDD,Metal1,84.2490,321.8980,1.199829
FILLER_81_153,VDD,Metal1,80.8890,321.8980,1.199829
FILLER_81_149,VDD,Metal1,77.5200,321.3000,1.199829
FILLER_81_147,VDD,Metal1,76.8000,321.3000,1.199829
FILLER_81_143,VDD,Metal1,74.6400,321.3000,1.199811
FILLER_81_139,VDD,Metal1,73.4510,321.8960,1.199810
FILLER_81_129,VDD,Metal1,68.1600,321.3000,1.199795
FILLER_81_122,VDD,Metal1,66.0090,321.8980,1.199795
FILLER_81_115,VDD,Metal1,62.6490,321.8980,1.199797
FILLER_81_108,VDD,Metal1,59.2890,321.8980,1.199800
FILLER_81_101,VDD,Metal1,55.9290,321.8980,1.199810
FILLER_81_94,VDD,Metal1,52.5690,321.8980,1.199895
FILLER_81_87,VDD,Metal1,49.2090,321.8980,1.199897
FILLER_81_80,VDD,Metal1,45.8490,321.8980,1.199903
FILLER_81_73,VDD,Metal1,42.4890,321.8980,1.199921
FILLER_81_66,VDD,Metal1,39.1290,321.8980,1.199928
FILLER_81_59,VDD,Metal1,35.7690,321.8980,1.199934
FILLER_81_52,VDD,Metal1,32.4090,321.8980,1.199940
FILLER_81_45,VDD,Metal1,29.0490,321.8980,1.199947
FILLER_81_38,VDD,Metal1,25.6890,321.8980,1.199953
FILLER_81_31,VDD,Metal1,22.3290,321.8980,1.199959
FILLER_81_25,VDD,Metal1,18.2400,321.3000,1.199988
FILLER_81_21,VDD,Metal1,16.8110,321.8960,1.199977
FILLER_81_14,VDD,Metal1,14.1690,321.8980,1.199975
FILLER_81_7,VDD,Metal1,10.8090,321.8980,1.199974
FILLER_81_0,VDD,Metal1,7.4490,321.8980,1.199972
FILLER_80_591,VDD,Metal1,290.4110,320.7030,1.191910
FILLER_80_584,VDD,Metal1,287.7690,320.7010,1.191910
FILLER_80_577,VDD,Metal1,284.4090,320.7010,1.191923
FILLER_80_570,VDD,Metal1,281.0490,320.7010,1.191937
FILLER_80_563,VDD,Metal1,277.6890,320.7010,1.191950
FILLER_80_556,VDD,Metal1,274.3290,320.7010,1.191964
FILLER_80_543,VDD,Metal1,266.6400,321.3000,1.197750
FILLER_80_507,VDD,Metal1,249.6000,321.3000,1.198587
FILLER_80_502,VDD,Metal1,246.9600,321.3000,1.199313
FILLER_80_493,VDD,Metal1,242.6400,321.3000,1.199744
FILLER_80_476,VDD,Metal1,234.7200,321.3000,1.199652
FILLER_80_451,VDD,Metal1,222.7200,321.3000,1.199274
FILLER_80_423,VDD,Metal1,209.0400,321.3000,1.199239
FILLER_80_408,VDD,Metal1,201.8400,321.3000,1.199322
FILLER_80_355,VDD,Metal1,176.4000,321.3000,1.199699
FILLER_80_309,VDD,Metal1,154.5600,321.3000,1.199657
FILLER_80_294,VDD,Metal1,147.3600,321.3000,1.199585
FILLER_80_279,VDD,Metal1,140.1600,321.3000,1.199541
FILLER_80_217,VDD,Metal1,110.4000,321.3000,1.199683
FILLER_80_181,VDD,Metal1,92.8800,321.3000,1.199861
FILLER_80_174,VDD,Metal1,90.9690,320.7010,1.199848
FILLER_80_145,VDD,Metal1,75.8400,321.3000,1.199818
FILLER_80_135,VDD,Metal1,70.8000,321.3000,1.199801
FILLER_80_123,VDD,Metal1,65.2800,321.3000,1.199795
FILLER_80_112,VDD,Metal1,60.0000,321.3000,1.199800
FILLER_80_105,VDD,Metal1,57.8490,320.7010,1.199800
FILLER_80_101,VDD,Metal1,54.4800,321.3000,1.199810
FILLER_80_97,VDD,Metal1,53.2910,320.7030,1.199895
FILLER_80_86,VDD,Metal1,47.5200,321.3000,1.199902
FILLER_80_82,VDD,Metal1,46.0910,320.7030,1.199903
FILLER_80_68,VDD,Metal1,39.3710,320.7030,1.199928
FILLER_80_61,VDD,Metal1,36.7290,320.7010,1.199930
FILLER_80_54,VDD,Metal1,33.3690,320.7010,1.199936
FILLER_80_47,VDD,Metal1,30.0090,320.7010,1.199943
FILLER_80_40,VDD,Metal1,26.6490,320.7010,1.199949
FILLER_80_33,VDD,Metal1,23.2890,320.7010,1.199955
FILLER_80_18,VDD,Metal1,16.0890,320.7010,1.199977
FILLER_80_11,VDD,Metal1,12.7290,320.7010,1.199975
FILLER_80_4,VDD,Metal1,9.3690,320.7010,1.199974
FILLER_79_641,VDD,Metal1,313.9200,313.7400,1.199025
FILLER_79_634,VDD,Metal1,311.7690,314.3380,1.199110
FILLER_79_621,VDD,Metal1,304.0800,313.7400,1.199129
FILLER_79_619,VDD,Metal1,303.3600,313.7400,1.199129
FILLER_79_612,VDD,Metal1,301.2090,314.3380,1.199133
FILLER_79_605,VDD,Metal1,297.8490,314.3380,1.199142
FILLER_79_598,VDD,Metal1,294.4890,314.3380,1.199152
FILLER_79_567,VDD,Metal1,278.1600,313.7400,1.199357
FILLER_79_560,VDD,Metal1,276.2490,314.3380,1.199357
FILLER_79_532,VDD,Metal1,261.3600,313.7400,1.199438
FILLER_79_523,VDD,Metal1,257.0400,313.7400,1.199703
FILLER_79_515,VDD,Metal1,253.2000,313.7400,1.199850
FILLER_79_513,VDD,Metal1,252.4800,313.7400,1.199862
FILLER_79_506,VDD,Metal1,250.3290,314.3380,1.199870
FILLER_79_499,VDD,Metal1,246.9690,314.3380,1.199846
FILLER_79_463,VDD,Metal1,228.2400,313.7400,1.199077
FILLER_79_456,VDD,Metal1,226.3290,314.3380,1.199069
FILLER_79_449,VDD,Metal1,222.9690,314.3380,1.199057
FILLER_79_431,VDD,Metal1,212.8800,313.7400,1.198992
FILLER_79_423,VDD,Metal1,209.0400,313.7400,1.198979
FILLER_79_421,VDD,Metal1,208.3200,313.7400,1.198979
FILLER_79_412,VDD,Metal1,203.7600,313.7400,1.198979
FILLER_79_372,VDD,Metal1,184.8000,313.7400,1.199049
FILLER_79_361,VDD,Metal1,179.5200,313.7400,1.199209
FILLER_79_346,VDD,Metal1,172.3200,313.7400,1.199595
FILLER_79_342,VDD,Metal1,170.8910,314.3360,1.199931
FILLER_79_325,VDD,Metal1,162.0000,313.7400,1.199702
FILLER_79_316,VDD,Metal1,157.6800,313.7400,1.199235
FILLER_79_290,VDD,Metal1,145.4400,313.7400,1.199101
FILLER_79_258,VDD,Metal1,129.8400,313.7400,1.199252
FILLER_79_248,VDD,Metal1,125.2800,313.7400,1.199532
FILLER_79_237,VDD,Metal1,120.0000,313.7400,1.199538
FILLER_79_215,VDD,Metal1,109.4400,313.7400,1.199679
FILLER_79_211,VDD,Metal1,108.0110,314.3360,1.199737
FILLER_79_172,VDD,Metal1,88.8000,313.7400,1.199341
FILLER_79_143,VDD,Metal1,74.8800,313.7400,1.199292
FILLER_79_112,VDD,Metal1,59.7600,313.7400,1.199279
FILLER_79_108,VDD,Metal1,58.5710,314.3360,1.199279
FILLER_79_63,VDD,Metal1,36.4800,313.7400,1.199428
FILLER_79_59,VDD,Metal1,35.0510,314.3360,1.199428
FILLER_79_18,VDD,Metal1,14.8800,313.7400,1.199901
FILLER_79_14,VDD,Metal1,13.4510,314.3360,1.199900
FILLER_79_7,VDD,Metal1,10.8090,314.3380,1.199900
FILLER_79_0,VDD,Metal1,7.4490,314.3380,1.199900
FILLER_78_650,VDD,Metal1,318.2400,313.7400,1.199025
FILLER_78_646,VDD,Metal1,316.8110,313.1430,1.199025
FILLER_78_614,VDD,Metal1,300.9600,313.7400,1.199133
FILLER_78_607,VDD,Metal1,298.8090,313.1410,1.199136
FILLER_78_600,VDD,Metal1,295.4490,313.1410,1.199146
FILLER_78_593,VDD,Metal1,290.8800,313.7400,1.199344
FILLER_78_580,VDD,Metal1,285.1310,313.1430,1.199344
FILLER_78_573,VDD,Metal1,282.4890,313.1410,1.199344
FILLER_78_544,VDD,Metal1,267.3600,313.7400,1.199357
FILLER_78_540,VDD,Metal1,265.9310,313.1430,1.199357
FILLER_78_536,VDD,Metal1,263.2800,313.7400,1.199426
FILLER_78_526,VDD,Metal1,258.4800,313.7400,1.199582
FILLER_78_524,VDD,Metal1,257.7600,313.7400,1.199703
FILLER_78_500,VDD,Metal1,247.4490,313.1410,1.199870
FILLER_78_493,VDD,Metal1,244.0890,313.1410,1.199846
FILLER_78_469,VDD,Metal1,231.3600,313.7400,1.199079
FILLER_78_465,VDD,Metal1,229.9310,313.1430,1.199080
FILLER_78_458,VDD,Metal1,227.2890,313.1410,1.199078
FILLER_78_451,VDD,Metal1,223.9290,313.1410,1.199065
FILLER_78_444,VDD,Metal1,219.1200,313.7400,1.199036
FILLER_78_440,VDD,Metal1,217.9310,313.1430,1.199024
FILLER_78_433,VDD,Metal1,215.2890,313.1410,1.199016
FILLER_78_415,VDD,Metal1,205.9310,313.1430,1.198979
FILLER_78_348,VDD,Metal1,173.0400,313.7400,1.199595
FILLER_78_346,VDD,Metal1,172.3200,313.7400,1.199595
FILLER_78_334,VDD,Metal1,167.0510,313.1430,1.199786
FILLER_78_323,VDD,Metal1,161.2800,313.7400,1.199702
FILLER_78_319,VDD,Metal1,159.8510,313.1430,1.199530
FILLER_78_312,VDD,Metal1,157.2090,313.1410,1.199235
FILLER_78_281,VDD,Metal1,140.8800,313.7400,1.199100
FILLER_78_277,VDD,Metal1,139.6910,313.1430,1.199101
FILLER_78_270,VDD,Metal1,137.0490,313.1410,1.199101
FILLER_78_249,VDD,Metal1,125.5200,313.7400,1.199532
FILLER_78_247,VDD,Metal1,124.8000,313.7400,1.199532
FILLER_78_215,VDD,Metal1,109.4400,313.7400,1.199679
FILLER_78_204,VDD,Metal1,104.1600,313.7400,1.199740
FILLER_78_200,VDD,Metal1,102.7310,313.1430,1.199740
FILLER_78_189,VDD,Metal1,96.7200,313.7400,1.199845
FILLER_78_185,VDD,Metal1,94.8000,313.7400,1.199906
FILLER_78_178,VDD,Metal1,92.8890,313.1410,1.199349
FILLER_78_171,VDD,Metal1,89.5290,313.1410,1.199341
FILLER_78_161,VDD,Metal1,83.2800,313.7400,1.199307
FILLER_78_154,VDD,Metal1,81.3690,313.1410,1.199307
FILLER_78_140,VDD,Metal1,73.9310,313.1430,1.199279
FILLER_78_133,VDD,Metal1,71.2890,313.1410,1.199278
FILLER_78_126,VDD,Metal1,67.9290,313.1410,1.199278
FILLER_78_98,VDD,Metal1,53.0400,313.7400,1.199330
FILLER_78_96,VDD,Metal1,52.3200,313.7400,1.199330
FILLER_78_68,VDD,Metal1,38.6400,313.7400,1.199423
FILLER_78_66,VDD,Metal1,37.9200,313.7400,1.199423
FILLER_78_59,VDD,Metal1,35.7690,313.1410,1.199428
FILLER_78_52,VDD,Metal1,32.4090,313.1410,1.199869
FILLER_78_45,VDD,Metal1,29.0490,313.1410,1.199896
FILLER_78_38,VDD,Metal1,25.6890,313.1410,1.199898
FILLER_78_33,VDD,Metal1,21.8400,313.7400,1.199898
FILLER_78_31,VDD,Metal1,21.1200,313.7400,1.199898
FILLER_78_25,VDD,Metal1,18.0000,313.7400,1.199902
FILLER_78_18,VDD,Metal1,16.0890,313.1410,1.199901
FILLER_78_7,VDD,Metal1,10.8090,313.1410,1.199900
FILLER_78_0,VDD,Metal1,7.4490,313.1410,1.199900
FILLER_77_651,VDD,Metal1,318.4800,306.1800,1.199078
FILLER_77_647,VDD,Metal1,317.2910,306.7760,1.199078
FILLER_77_640,VDD,Metal1,314.6490,306.7780,1.199078
FILLER_77_631,VDD,Metal1,309.6110,306.7760,1.199141
FILLER_77_624,VDD,Metal1,306.9690,306.7780,1.199145
FILLER_77_618,VDD,Metal1,302.6400,306.1800,1.199157
FILLER_77_593,VDD,Metal1,291.3710,306.7760,1.199241
FILLER_77_586,VDD,Metal1,288.7290,306.7780,1.199244
FILLER_77_579,VDD,Metal1,285.3690,306.7780,1.199257
FILLER_77_572,VDD,Metal1,282.0090,306.7780,1.199309
FILLER_77_562,VDD,Metal1,275.7600,306.1800,1.199489
FILLER_77_558,VDD,Metal1,274.5710,306.7760,1.199489
FILLER_77_551,VDD,Metal1,271.9290,306.7780,1.199544
FILLER_77_544,VDD,Metal1,268.5690,306.7780,1.199548
FILLER_77_537,VDD,Metal1,265.2090,306.7780,1.199564
FILLER_77_530,VDD,Metal1,261.8490,306.7780,1.199582
FILLER_77_513,VDD,Metal1,252.4800,306.1800,1.199611
FILLER_77_509,VDD,Metal1,251.0510,306.7760,1.199611
FILLER_77_502,VDD,Metal1,248.4090,306.7780,1.199894
FILLER_77_495,VDD,Metal1,245.0490,306.7780,1.199914
FILLER_77_475,VDD,Metal1,234.0000,306.1800,1.198575
FILLER_77_471,VDD,Metal1,232.8110,306.7760,1.198517
FILLER_77_464,VDD,Metal1,230.1690,306.7780,1.198513
FILLER_77_457,VDD,Metal1,226.8090,306.7780,1.198494
FILLER_77_450,VDD,Metal1,223.4490,306.7780,1.198475
FILLER_77_444,VDD,Metal1,219.1200,306.1800,1.198412
FILLER_77_440,VDD,Metal1,217.9310,306.7760,1.198175
FILLER_77_433,VDD,Metal1,215.2890,306.7780,1.198170
FILLER_77_421,VDD,Metal1,208.8110,306.7760,1.198151
FILLER_77_415,VDD,Metal1,205.4400,306.1800,1.198127
FILLER_77_406,VDD,Metal1,201.1200,306.1800,1.198114
FILLER_77_402,VDD,Metal1,199.6910,306.7760,1.198099
FILLER_77_392,VDD,Metal1,194.1600,306.1800,1.198097
FILLER_77_390,VDD,Metal1,193.4400,306.1800,1.198097
FILLER_77_366,VDD,Metal1,181.6800,306.1800,1.198075
FILLER_77_362,VDD,Metal1,180.4910,306.7760,1.198075
FILLER_77_349,VDD,Metal1,173.5200,306.1800,1.199940
FILLER_77_347,VDD,Metal1,172.8000,306.1800,1.199940
FILLER_77_340,VDD,Metal1,170.6490,306.7780,1.199958
FILLER_77_318,VDD,Metal1,158.8800,306.1800,1.199930
FILLER_77_314,VDD,Metal1,157.4510,306.7760,1.199745
FILLER_77_307,VDD,Metal1,154.8090,306.7780,1.199721
FILLER_77_296,VDD,Metal1,149.5290,306.7780,1.199688
FILLER_77_285,VDD,Metal1,144.2490,306.7780,1.199660
FILLER_77_278,VDD,Metal1,140.8890,306.7780,1.199647
FILLER_77_271,VDD,Metal1,137.5290,306.7780,1.199635
FILLER_77_232,VDD,Metal1,117.6000,306.1800,1.199698
FILLER_77_225,VDD,Metal1,115.4490,306.7780,1.199705
FILLER_77_218,VDD,Metal1,112.0890,306.7780,1.199729
FILLER_77_211,VDD,Metal1,108.7290,306.7780,1.199753
FILLER_77_180,VDD,Metal1,92.4000,306.1800,1.199307
FILLER_77_176,VDD,Metal1,91.2110,306.7760,1.199307
FILLER_77_169,VDD,Metal1,88.5690,306.7780,1.199198
FILLER_77_156,VDD,Metal1,81.6110,306.7760,1.199197
FILLER_77_145,VDD,Metal1,75.6000,306.1800,1.199142
FILLER_77_143,VDD,Metal1,74.8800,306.1800,1.199142
FILLER_77_136,VDD,Metal1,72.7290,306.7780,1.199131
FILLER_77_129,VDD,Metal1,69.3690,306.7780,1.199119
FILLER_77_122,VDD,Metal1,66.0090,306.7780,1.199107
FILLER_77_115,VDD,Metal1,62.6490,306.7780,1.199094
FILLER_77_95,VDD,Metal1,53.0490,306.7780,1.199089
FILLER_77_85,VDD,Metal1,46.8000,306.1800,1.199797
FILLER_77_83,VDD,Metal1,46.0800,306.1800,1.199797
FILLER_77_72,VDD,Metal1,40.5600,306.1800,1.199800
FILLER_77_65,VDD,Metal1,38.6490,306.7780,1.199801
FILLER_77_58,VDD,Metal1,35.2890,306.7780,1.199804
FILLER_77_51,VDD,Metal1,31.9290,306.7780,1.199806
FILLER_77_44,VDD,Metal1,28.5690,306.7780,1.199806
FILLER_77_4,VDD,Metal1,7.9200,306.1800,1.199929
FILLER_77_0,VDD,Metal1,6.7310,306.7760,1.199929
FILLER_76_642,VDD,Metal1,314.1600,306.1800,1.199078
FILLER_76_640,VDD,Metal1,313.4400,306.1800,1.199078
FILLER_76_630,VDD,Metal1,308.6400,306.1800,1.199144
FILLER_76_626,VDD,Metal1,307.2110,305.5830,1.199145
FILLER_76_619,VDD,Metal1,304.5690,305.5810,1.199146
FILLER_76_611,VDD,Metal1,299.2800,306.1800,1.199220
FILLER_76_607,VDD,Metal1,298.0910,305.5830,1.199235
FILLER_76_589,VDD,Metal1,288.7200,306.1800,1.199244
FILLER_76_583,VDD,Metal1,286.0800,306.1800,1.199257
FILLER_76_576,VDD,Metal1,283.9290,305.5810,1.199257
FILLER_76_569,VDD,Metal1,280.5690,305.5810,1.199309
FILLER_76_548,VDD,Metal1,269.0400,306.1800,1.199548
FILLER_76_546,VDD,Metal1,268.3200,306.1800,1.199548
FILLER_76_539,VDD,Metal1,266.1690,305.5810,1.199553
FILLER_76_532,VDD,Metal1,262.8090,305.5810,1.199570
FILLER_76_523,VDD,Metal1,257.7710,305.5830,1.199587
FILLER_76_516,VDD,Metal1,255.1290,305.5810,1.199603
FILLER_76_509,VDD,Metal1,251.7690,305.5810,1.199611
FILLER_76_502,VDD,Metal1,248.4090,305.5810,1.199894
FILLER_76_490,VDD,Metal1,241.9310,305.5830,1.198621
FILLER_76_475,VDD,Metal1,235.4490,305.5810,1.198575
FILLER_76_464,VDD,Metal1,228.7200,306.1800,1.198513
FILLER_76_457,VDD,Metal1,226.8090,305.5810,1.198494
FILLER_76_450,VDD,Metal1,223.4490,305.5810,1.198475
FILLER_76_427,VDD,Metal1,211.2000,306.1800,1.198151
FILLER_76_423,VDD,Metal1,209.7710,305.5830,1.198151
FILLER_76_404,VDD,Metal1,199.9200,306.1800,1.198099
FILLER_76_397,VDD,Metal1,198.0090,305.5810,1.198098
FILLER_76_390,VDD,Metal1,194.6490,305.5810,1.198097
FILLER_76_369,VDD,Metal1,183.1200,306.1800,1.198073
FILLER_76_367,VDD,Metal1,182.4000,306.1800,1.198074
FILLER_76_360,VDD,Metal1,180.2490,305.5810,1.198075
FILLER_76_338,VDD,Metal1,168.4800,306.1800,1.199937
FILLER_76_332,VDD,Metal1,165.3600,306.1800,1.199936
FILLER_76_325,VDD,Metal1,163.4490,305.5810,1.199933
FILLER_76_318,VDD,Metal1,160.0890,305.5810,1.199930
FILLER_76_311,VDD,Metal1,156.7290,305.5810,1.199745
FILLER_76_296,VDD,Metal1,149.5290,305.5810,1.199688
FILLER_76_289,VDD,Metal1,146.1690,305.5810,1.199673
FILLER_76_282,VDD,Metal1,142.8090,305.5810,1.199660
FILLER_76_275,VDD,Metal1,139.4490,305.5810,1.199647
FILLER_76_268,VDD,Metal1,136.0890,305.5810,1.199635
FILLER_76_253,VDD,Metal1,127.6800,306.1800,1.199634
FILLER_76_249,VDD,Metal1,126.2510,305.5830,1.199635
FILLER_76_245,VDD,Metal1,123.6000,306.1800,1.199635
FILLER_76_237,VDD,Metal1,120.4910,305.5830,1.199698
FILLER_76_230,VDD,Metal1,117.8490,305.5810,1.199698
FILLER_76_223,VDD,Metal1,114.4890,305.5810,1.199720
FILLER_76_216,VDD,Metal1,111.1290,305.5810,1.199744
FILLER_76_209,VDD,Metal1,107.7690,305.5810,1.199769
FILLER_76_199,VDD,Metal1,101.5200,306.1800,1.199782
FILLER_76_195,VDD,Metal1,100.3310,305.5830,1.199782
FILLER_76_178,VDD,Metal1,92.8890,305.5810,1.199307
FILLER_76_147,VDD,Metal1,76.5600,306.1800,1.199166
FILLER_76_143,VDD,Metal1,75.3710,305.5830,1.199142
FILLER_76_136,VDD,Metal1,72.7290,305.5810,1.199131
FILLER_76_129,VDD,Metal1,69.3690,305.5810,1.199119
FILLER_76_122,VDD,Metal1,66.0090,305.5810,1.199107
FILLER_76_90,VDD,Metal1,49.4400,306.1800,1.199427
FILLER_76_31,VDD,Metal1,21.1200,306.1800,1.199933
FILLER_76_24,VDD,Metal1,18.9690,305.5810,1.199934
FILLER_76_19,VDD,Metal1,15.1200,306.1800,1.199933
FILLER_76_17,VDD,Metal1,14.4000,306.1800,1.199933
FILLER_76_11,VDD,Metal1,11.2800,306.1800,1.199933
FILLER_76_7,VDD,Metal1,10.0910,305.5830,1.199933
FILLER_76_0,VDD,Metal1,7.4490,305.5810,1.199929
FILLER_75_615,VDD,Metal1,302.6490,299.2180,1.193195
FILLER_75_608,VDD,Metal1,299.2890,299.2180,1.193580
FILLER_75_601,VDD,Metal1,295.9290,299.2180,1.193594
FILLER_75_585,VDD,Metal1,288.2490,299.2180,1.198665
FILLER_75_578,VDD,Metal1,284.8890,299.2180,1.198670
FILLER_75_571,VDD,Metal1,281.5290,299.2180,1.198751
FILLER_75_560,VDD,Metal1,275.0400,298.6200,1.198802
FILLER_75_556,VDD,Metal1,273.6110,299.2160,1.198803
FILLER_75_546,VDD,Metal1,268.3200,298.6200,1.198806
FILLER_75_542,VDD,Metal1,266.8910,299.2160,1.198807
FILLER_75_535,VDD,Metal1,264.2490,299.2180,1.198938
FILLER_75_528,VDD,Metal1,260.8890,299.2180,1.199060
FILLER_75_521,VDD,Metal1,256.3200,298.6200,1.199537
FILLER_75_506,VDD,Metal1,248.8800,298.6200,1.199899
FILLER_75_499,VDD,Metal1,246.9690,299.2180,1.199906
FILLER_75_492,VDD,Metal1,243.6090,299.2180,1.199888
FILLER_75_485,VDD,Metal1,240.2490,299.2180,1.199873
FILLER_75_473,VDD,Metal1,233.0400,298.6200,1.199848
FILLER_75_469,VDD,Metal1,231.8510,299.2160,1.199848
FILLER_75_462,VDD,Metal1,228.0000,298.6200,1.199835
FILLER_75_455,VDD,Metal1,225.8490,299.2180,1.199832
FILLER_75_440,VDD,Metal1,217.4400,298.6200,1.199686
FILLER_75_424,VDD,Metal1,209.7600,298.6200,1.199613
FILLER_75_417,VDD,Metal1,207.6090,299.2180,1.199613
FILLER_75_406,VDD,Metal1,201.6110,299.2160,1.199722
FILLER_75_399,VDD,Metal1,198.9690,299.2180,1.199726
FILLER_75_392,VDD,Metal1,195.6090,299.2180,1.199730
FILLER_75_385,VDD,Metal1,192.2490,299.2180,1.199732
FILLER_75_379,VDD,Metal1,187.9200,298.6200,1.199744
FILLER_75_377,VDD,Metal1,187.2000,298.6200,1.199744
FILLER_75_370,VDD,Metal1,185.0490,299.2180,1.199744
FILLER_75_363,VDD,Metal1,181.6890,299.2180,1.199782
FILLER_75_356,VDD,Metal1,178.3290,299.2180,1.199821
FILLER_75_344,VDD,Metal1,172.5690,299.2180,1.199944
FILLER_75_337,VDD,Metal1,169.2090,299.2180,1.199951
FILLER_75_330,VDD,Metal1,165.8490,299.2180,1.199944
FILLER_75_323,VDD,Metal1,162.4890,299.2180,1.199922
FILLER_75_316,VDD,Metal1,159.1290,299.2180,1.199921
FILLER_75_297,VDD,Metal1,148.5600,298.6200,1.199871
FILLER_75_295,VDD,Metal1,147.8400,298.6200,1.199854
FILLER_75_288,VDD,Metal1,145.6890,299.2180,1.199853
FILLER_75_281,VDD,Metal1,142.3290,299.2180,1.199851
FILLER_75_274,VDD,Metal1,138.9690,299.2180,1.199851
FILLER_75_264,VDD,Metal1,134.1690,299.2180,1.199855
FILLER_75_257,VDD,Metal1,130.8090,299.2180,1.199856
FILLER_75_250,VDD,Metal1,127.4490,299.2180,1.199859
FILLER_75_243,VDD,Metal1,124.0890,299.2180,1.199859
FILLER_75_236,VDD,Metal1,120.7290,299.2180,1.199861
FILLER_75_229,VDD,Metal1,117.3690,299.2180,1.199877
FILLER_75_222,VDD,Metal1,114.0090,299.2180,1.199894
FILLER_75_191,VDD,Metal1,97.6800,298.6200,1.199962
FILLER_75_189,VDD,Metal1,96.9600,298.6200,1.199962
FILLER_75_182,VDD,Metal1,94.8090,299.2180,1.199962
FILLER_75_175,VDD,Metal1,91.4490,299.2180,1.199927
FILLER_75_164,VDD,Metal1,84.9600,298.6200,1.199890
FILLER_75_160,VDD,Metal1,83.5310,299.2160,1.199692
FILLER_75_148,VDD,Metal1,77.2800,298.6200,1.199667
FILLER_75_119,VDD,Metal1,63.3600,298.6200,1.199749
FILLER_75_103,VDD,Metal1,56.8890,299.2180,1.199763
FILLER_75_91,VDD,Metal1,49.9200,298.6200,1.199828
FILLER_75_80,VDD,Metal1,44.6400,298.6200,1.199833
FILLER_75_68,VDD,Metal1,38.8800,298.6200,1.199859
FILLER_75_64,VDD,Metal1,36.7200,298.6200,1.199876
FILLER_75_53,VDD,Metal1,31.6800,298.6200,1.199878
FILLER_75_49,VDD,Metal1,30.2510,299.2160,1.199879
FILLER_75_39,VDD,Metal1,24.7200,298.6200,1.199916
FILLER_75_37,VDD,Metal1,24.0000,298.6200,1.199916
FILLER_75_30,VDD,Metal1,21.8490,299.2180,1.199927
FILLER_75_23,VDD,Metal1,18.4890,299.2180,1.199943
FILLER_75_16,VDD,Metal1,15.1290,299.2180,1.199932
FILLER_75_11,VDD,Metal1,11.5200,298.6200,1.199929
FILLER_75_7,VDD,Metal1,10.0910,299.2160,1.199929
FILLER_75_0,VDD,Metal1,7.4490,299.2180,1.199929
FILLER_74_651,VDD,Metal1,318.4800,298.6200,1.193188
FILLER_74_647,VDD,Metal1,317.2910,298.0230,1.193188
FILLER_74_640,VDD,Metal1,314.6490,298.0210,1.193188
FILLER_74_615,VDD,Metal1,301.4400,298.6200,1.193195
FILLER_74_611,VDD,Metal1,300.0110,298.0230,1.193580
FILLER_74_604,VDD,Metal1,296.1600,298.6200,1.193594
FILLER_74_600,VDD,Metal1,294.7310,298.0230,1.193596
FILLER_74_593,VDD,Metal1,292.0890,298.0210,1.193655
FILLER_74_586,VDD,Metal1,288.7290,298.0210,1.198659
FILLER_74_579,VDD,Metal1,285.3690,298.0210,1.198665
FILLER_74_538,VDD,Metal1,264.4800,298.6200,1.198938
FILLER_74_531,VDD,Metal1,262.3290,298.0210,1.199060
FILLER_74_501,VDD,Metal1,246.4800,298.6200,1.199915
FILLER_74_499,VDD,Metal1,245.7600,298.6200,1.199915
FILLER_74_494,VDD,Metal1,243.3600,298.6200,1.199888
FILLER_74_487,VDD,Metal1,241.2090,298.0210,1.199883
FILLER_74_480,VDD,Metal1,237.8490,298.0210,1.199867
FILLER_74_467,VDD,Metal1,230.1600,298.6200,1.199836
FILLER_74_455,VDD,Metal1,224.4000,298.6200,1.199832
FILLER_74_446,VDD,Metal1,220.0800,298.6200,1.199686
FILLER_74_439,VDD,Metal1,218.1690,298.0210,1.199686
FILLER_74_432,VDD,Metal1,214.8090,298.0210,1.199611
FILLER_74_407,VDD,Metal1,202.8090,298.0210,1.199721
FILLER_74_400,VDD,Metal1,199.4490,298.0210,1.199722
FILLER_74_393,VDD,Metal1,196.0890,298.0210,1.199726
FILLER_74_386,VDD,Metal1,192.7290,298.0210,1.199730
FILLER_74_380,VDD,Metal1,188.4000,298.6200,1.199735
FILLER_74_373,VDD,Metal1,186.4890,298.0210,1.199744
FILLER_74_366,VDD,Metal1,183.1290,298.0210,1.199782
FILLER_74_359,VDD,Metal1,179.7690,298.0210,1.199821
FILLER_74_352,VDD,Metal1,176.4090,298.0210,1.199859
FILLER_74_345,VDD,Metal1,173.0490,298.0210,1.199940
FILLER_74_338,VDD,Metal1,169.6890,298.0210,1.199944
FILLER_74_331,VDD,Metal1,166.3290,298.0210,1.199951
FILLER_74_295,VDD,Metal1,147.6000,298.6200,1.199854
FILLER_74_257,VDD,Metal1,129.3600,298.6200,1.199856
FILLER_74_251,VDD,Metal1,126.4800,298.6200,1.199859
FILLER_74_247,VDD,Metal1,125.2910,298.0230,1.199859
FILLER_74_240,VDD,Metal1,121.2000,298.6200,1.199860
FILLER_74_233,VDD,Metal1,119.2890,298.0210,1.199861
FILLER_74_226,VDD,Metal1,115.9290,298.0210,1.199877
FILLER_74_219,VDD,Metal1,112.5690,298.0210,1.199894
FILLER_74_208,VDD,Metal1,106.0800,298.6200,1.199894
FILLER_74_204,VDD,Metal1,104.6510,298.0230,1.199894
FILLER_74_192,VDD,Metal1,98.4000,298.6200,1.199939
FILLER_74_185,VDD,Metal1,96.2490,298.0210,1.199962
FILLER_74_178,VDD,Metal1,92.8890,298.0210,1.199927
FILLER_74_171,VDD,Metal1,89.5290,298.0210,1.199892
FILLER_74_164,VDD,Metal1,86.1690,298.0210,1.199890
FILLER_74_157,VDD,Metal1,82.8090,298.0210,1.199692
FILLER_74_149,VDD,Metal1,77.7600,298.6200,1.199667
FILLER_74_139,VDD,Metal1,72.7200,298.6200,1.199666
FILLER_74_137,VDD,Metal1,72.0000,298.6200,1.199665
FILLER_74_125,VDD,Metal1,66.2400,298.6200,1.199665
FILLER_74_121,VDD,Metal1,64.8110,298.0230,1.199665
FILLER_74_117,VDD,Metal1,62.1600,298.6200,1.199762
FILLER_74_113,VDD,Metal1,60.9710,298.0230,1.199763
FILLER_74_106,VDD,Metal1,58.3290,298.0210,1.199763
FILLER_74_95,VDD,Metal1,51.6000,298.6200,1.199787
FILLER_74_93,VDD,Metal1,50.8800,298.6200,1.199825
FILLER_74_86,VDD,Metal1,48.7290,298.0210,1.199828
FILLER_74_79,VDD,Metal1,45.3690,298.0210,1.199833
FILLER_74_72,VDD,Metal1,42.0090,298.0210,1.199849
FILLER_74_65,VDD,Metal1,38.6490,298.0210,1.199859
FILLER_74_58,VDD,Metal1,35.2890,298.0210,1.199876
FILLER_74_51,VDD,Metal1,31.9290,298.0210,1.199878
FILLER_74_44,VDD,Metal1,28.5690,298.0210,1.199881
FILLER_74_7,VDD,Metal1,9.3600,298.6200,1.199929
FILLER_74_0,VDD,Metal1,7.4490,298.0210,1.199929
FILLER_73_647,VDD,Metal1,316.5600,291.0600,1.198993
FILLER_73_640,VDD,Metal1,314.6490,291.6580,1.198994
FILLER_73_633,VDD,Metal1,311.2890,291.6580,1.198995
FILLER_73_626,VDD,Metal1,307.9290,291.6580,1.198996
FILLER_73_603,VDD,Metal1,295.4400,291.0600,1.199008
FILLER_73_599,VDD,Metal1,294.2510,291.6560,1.199212
FILLER_73_592,VDD,Metal1,291.6090,291.6580,1.199238
FILLER_73_585,VDD,Metal1,288.2490,291.6580,1.199264
FILLER_73_578,VDD,Metal1,284.8890,291.6580,1.199290
FILLER_73_563,VDD,Metal1,276.2400,291.0600,1.199330
FILLER_73_559,VDD,Metal1,275.0510,291.6560,1.199686
FILLER_73_552,VDD,Metal1,272.4090,291.6580,1.199733
FILLER_73_545,VDD,Metal1,269.0490,291.6580,1.199779
FILLER_73_535,VDD,Metal1,262.8000,291.0600,1.199877
FILLER_73_528,VDD,Metal1,260.8890,291.6580,1.199879
FILLER_73_521,VDD,Metal1,257.5290,291.6580,1.199892
FILLER_73_478,VDD,Metal1,236.1710,291.6560,1.198499
FILLER_73_472,VDD,Metal1,232.5600,291.0600,1.198477
FILLER_73_456,VDD,Metal1,225.1200,291.0600,1.198422
FILLER_73_452,VDD,Metal1,223.6910,291.6560,1.198422
FILLER_73_445,VDD,Metal1,221.0490,291.6580,1.198421
FILLER_73_409,VDD,Metal1,202.3200,291.0600,1.198429
FILLER_73_405,VDD,Metal1,201.1310,291.6560,1.198431
FILLER_73_398,VDD,Metal1,198.4890,291.6580,1.198431
FILLER_73_391,VDD,Metal1,195.1290,291.6580,1.198484
FILLER_73_373,VDD,Metal1,185.0400,291.0600,1.199054
FILLER_73_366,VDD,Metal1,183.1290,291.6580,1.199552
FILLER_73_359,VDD,Metal1,179.7690,291.6580,1.199808
FILLER_73_352,VDD,Metal1,176.4090,291.6580,1.199810
FILLER_73_340,VDD,Metal1,169.4400,291.0600,1.199941
FILLER_73_333,VDD,Metal1,167.2890,291.6580,1.199936
FILLER_73_326,VDD,Metal1,163.9290,291.6580,1.199723
FILLER_73_316,VDD,Metal1,157.6800,291.0600,1.199695
FILLER_73_301,VDD,Metal1,150.7200,291.0600,1.199660
FILLER_73_294,VDD,Metal1,148.5690,291.6580,1.199628
FILLER_73_289,VDD,Metal1,144.7200,291.0600,1.199597
FILLER_73_287,VDD,Metal1,144.0000,291.0600,1.199597
FILLER_73_274,VDD,Metal1,138.2510,291.6560,1.199566
FILLER_73_258,VDD,Metal1,130.5710,291.6560,1.199564
FILLER_73_214,VDD,Metal1,108.9600,291.0600,1.199915
FILLER_73_168,VDD,Metal1,88.0890,291.6580,1.199933
FILLER_73_140,VDD,Metal1,73.4400,291.0600,1.199539
FILLER_73_133,VDD,Metal1,71.2890,291.6580,1.199539
FILLER_73_126,VDD,Metal1,67.9290,291.6580,1.199539
FILLER_73_119,VDD,Metal1,64.5690,291.6580,1.199540
FILLER_73_112,VDD,Metal1,61.2090,291.6580,1.199556
FILLER_73_93,VDD,Metal1,50.6400,291.0600,1.199798
FILLER_73_86,VDD,Metal1,47.2800,291.0600,1.199805
FILLER_73_82,VDD,Metal1,46.0910,291.6560,1.199805
FILLER_73_75,VDD,Metal1,43.4490,291.6580,1.199805
FILLER_73_68,VDD,Metal1,40.0890,291.6580,1.199805
FILLER_73_61,VDD,Metal1,36.7290,291.6580,1.199810
FILLER_73_54,VDD,Metal1,33.3690,291.6580,1.199892
FILLER_73_40,VDD,Metal1,25.4400,291.0600,1.199913
FILLER_73_33,VDD,Metal1,21.8400,291.0600,1.199965
FILLER_73_31,VDD,Metal1,21.1200,291.0600,1.199965
FILLER_73_24,VDD,Metal1,18.9690,291.6580,1.199965
FILLER_73_18,VDD,Metal1,14.8800,291.0600,1.199959
FILLER_73_11,VDD,Metal1,11.5200,291.0600,1.199958
FILLER_73_7,VDD,Metal1,10.0910,291.6560,1.199934
FILLER_73_0,VDD,Metal1,7.4490,291.6580,1.199931
FILLER_72_651,VDD,Metal1,318.4800,291.0600,1.198992
FILLER_72_649,VDD,Metal1,317.7600,291.0600,1.198992
FILLER_72_642,VDD,Metal1,315.6090,290.4610,1.198993
FILLER_72_635,VDD,Metal1,312.2490,290.4610,1.198994
FILLER_72_628,VDD,Metal1,308.8890,290.4610,1.198995
FILLER_72_603,VDD,Metal1,296.1710,290.4630,1.199008
FILLER_72_596,VDD,Metal1,293.5290,290.4610,1.199212
FILLER_72_589,VDD,Metal1,290.1690,290.4610,1.199238
FILLER_72_582,VDD,Metal1,286.8090,290.4610,1.199264
FILLER_72_556,VDD,Metal1,274.3290,290.4610,1.199686
FILLER_72_549,VDD,Metal1,270.9690,290.4610,1.199733
FILLER_72_542,VDD,Metal1,267.6090,290.4610,1.199779
FILLER_72_537,VDD,Metal1,263.7600,291.0600,1.199850
FILLER_72_533,VDD,Metal1,262.5710,290.4630,1.199877
FILLER_72_526,VDD,Metal1,259.9290,290.4610,1.199887
FILLER_72_519,VDD,Metal1,256.5690,290.4610,1.199900
FILLER_72_512,VDD,Metal1,253.2090,290.4610,1.199929
FILLER_72_505,VDD,Metal1,249.8490,290.4610,1.199937
FILLER_72_498,VDD,Metal1,246.4890,290.4610,1.199954
FILLER_72_491,VDD,Metal1,243.1290,290.4610,1.199651
FILLER_72_484,VDD,Metal1,239.7690,290.4610,1.199638
FILLER_72_477,VDD,Metal1,236.4090,290.4610,1.198499
FILLER_72_462,VDD,Metal1,227.7600,291.0600,1.198425
FILLER_72_450,VDD,Metal1,223.4490,290.4610,1.198422
FILLER_72_443,VDD,Metal1,220.0890,290.4610,1.198421
FILLER_72_436,VDD,Metal1,216.7290,290.4610,1.198418
FILLER_72_429,VDD,Metal1,213.3690,290.4610,1.198418
FILLER_72_412,VDD,Metal1,204.0000,291.0600,1.198429
FILLER_72_408,VDD,Metal1,202.5710,290.4630,1.198429
FILLER_72_401,VDD,Metal1,199.9290,290.4610,1.198431
FILLER_72_394,VDD,Metal1,196.5690,290.4610,1.198484
FILLER_72_387,VDD,Metal1,193.2090,290.4610,1.198537
FILLER_72_380,VDD,Metal1,189.8490,290.4610,1.199005
FILLER_72_373,VDD,Metal1,186.4890,290.4610,1.199054
FILLER_72_367,VDD,Metal1,182.1600,291.0600,1.199552
FILLER_72_357,VDD,Metal1,178.0910,290.4630,1.199808
FILLER_72_350,VDD,Metal1,175.4490,290.4610,1.199824
FILLER_72_338,VDD,Metal1,168.2400,291.0600,1.199936
FILLER_72_326,VDD,Metal1,163.9290,290.4610,1.199723
FILLER_72_319,VDD,Metal1,160.5690,290.4610,1.199707
FILLER_72_312,VDD,Metal1,157.2090,290.4610,1.199695
FILLER_72_306,VDD,Metal1,153.1200,291.0600,1.199678
FILLER_72_302,VDD,Metal1,151.6910,290.4630,1.199678
FILLER_72_297,VDD,Metal1,148.8000,291.0600,1.199628
FILLER_72_293,VDD,Metal1,147.3710,290.4630,1.199627
FILLER_72_286,VDD,Metal1,144.7290,290.4610,1.199597
FILLER_72_279,VDD,Metal1,141.3690,290.4610,1.199569
FILLER_72_272,VDD,Metal1,138.0090,290.4610,1.199566
FILLER_72_265,VDD,Metal1,134.6490,290.4610,1.199565
FILLER_72_249,VDD,Metal1,125.5200,291.0600,1.199565
FILLER_72_247,VDD,Metal1,124.8000,291.0600,1.199565
FILLER_72_236,VDD,Metal1,119.5200,291.0600,1.199566
FILLER_72_219,VDD,Metal1,112.5690,290.4610,1.199566
FILLER_72_212,VDD,Metal1,109.2090,290.4610,1.199915
FILLER_72_205,VDD,Metal1,105.8490,290.4610,1.199921
FILLER_72_198,VDD,Metal1,102.4890,290.4610,1.199937
FILLER_72_188,VDD,Metal1,97.6890,290.4610,1.199943
FILLER_72_175,VDD,Metal1,90.7310,290.4630,1.199941
FILLER_72_168,VDD,Metal1,88.0890,290.4610,1.199933
FILLER_72_161,VDD,Metal1,84.7290,290.4610,1.199562
FILLER_72_147,VDD,Metal1,76.8000,291.0600,1.199540
FILLER_72_115,VDD,Metal1,61.4400,291.0600,1.199556
FILLER_72_111,VDD,Metal1,60.0110,290.4630,1.199556
FILLER_72_104,VDD,Metal1,57.3690,290.4610,1.199625
FILLER_72_57,VDD,Metal1,33.6000,291.0600,1.199892
FILLER_72_53,VDD,Metal1,32.1710,290.4630,1.199895
FILLER_72_46,VDD,Metal1,29.5290,290.4610,1.199908
FILLER_72_39,VDD,Metal1,24.7200,291.0600,1.199934
FILLER_72_37,VDD,Metal1,24.0000,291.0600,1.199934
FILLER_72_27,VDD,Metal1,18.9600,291.0600,1.199965
FILLER_72_23,VDD,Metal1,17.7710,290.4630,1.199965
FILLER_72_18,VDD,Metal1,14.6400,291.0600,1.199959
FILLER_72_16,VDD,Metal1,13.9200,291.0600,1.199959
FILLER_72_11,VDD,Metal1,11.5200,291.0600,1.199958
FILLER_72_4,VDD,Metal1,9.3690,290.4610,1.199934
FILLER_71_608,VDD,Metal1,298.0800,283.5000,1.198548
FILLER_71_601,VDD,Metal1,295.9290,284.0980,1.198629
FILLER_71_594,VDD,Metal1,292.5690,284.0980,1.198710
FILLER_71_587,VDD,Metal1,289.2090,284.0980,1.198792
FILLER_71_578,VDD,Metal1,283.4400,283.5000,1.198934
FILLER_71_557,VDD,Metal1,274.8090,284.0980,1.199498
FILLER_71_550,VDD,Metal1,271.4490,284.0980,1.199514
FILLER_71_529,VDD,Metal1,259.9200,283.5000,1.199550
FILLER_71_527,VDD,Metal1,259.2000,283.5000,1.199618
FILLER_71_520,VDD,Metal1,257.0490,284.0980,1.199703
FILLER_71_513,VDD,Metal1,253.6890,284.0980,1.199739
FILLER_71_506,VDD,Metal1,250.3290,284.0980,1.199777
FILLER_71_500,VDD,Metal1,246.2400,283.5000,1.199918
FILLER_71_493,VDD,Metal1,244.0890,284.0980,1.199916
FILLER_71_486,VDD,Metal1,240.7290,284.0980,1.199654
FILLER_71_479,VDD,Metal1,237.3690,284.0980,1.199636
FILLER_71_472,VDD,Metal1,234.0090,284.0980,1.199618
FILLER_71_465,VDD,Metal1,230.6490,284.0980,1.199612
FILLER_71_458,VDD,Metal1,227.2890,284.0980,1.199612
FILLER_71_454,VDD,Metal1,223.9200,283.5000,1.199612
FILLER_71_452,VDD,Metal1,223.2000,283.5000,1.199612
FILLER_71_445,VDD,Metal1,221.0490,284.0980,1.199602
FILLER_71_437,VDD,Metal1,216.4910,284.0960,1.199438
FILLER_71_430,VDD,Metal1,213.8490,284.0980,1.199437
FILLER_71_423,VDD,Metal1,210.4890,284.0980,1.199434
FILLER_71_416,VDD,Metal1,207.1290,284.0980,1.199431
FILLER_71_409,VDD,Metal1,203.7690,284.0980,1.199428
FILLER_71_362,VDD,Metal1,179.7600,283.5000,1.199893
FILLER_71_355,VDD,Metal1,177.8490,284.0980,1.199906
FILLER_71_349,VDD,Metal1,173.5200,283.5000,1.199923
FILLER_71_345,VDD,Metal1,172.3310,284.0960,1.199925
FILLER_71_340,VDD,Metal1,169.4400,283.5000,1.199896
FILLER_71_336,VDD,Metal1,168.0110,284.0960,1.199890
FILLER_71_320,VDD,Metal1,159.8400,283.5000,1.199732
FILLER_71_313,VDD,Metal1,157.6890,284.0980,1.199725
FILLER_71_307,VDD,Metal1,153.3600,283.5000,1.199645
FILLER_71_305,VDD,Metal1,152.6400,283.5000,1.199645
FILLER_71_298,VDD,Metal1,150.4890,284.0980,1.199624
FILLER_71_292,VDD,Metal1,146.1600,283.5000,1.199617
FILLER_71_290,VDD,Metal1,145.4400,283.5000,1.199617
FILLER_71_283,VDD,Metal1,143.2890,284.0980,1.199617
FILLER_71_229,VDD,Metal1,117.3690,284.0980,1.199590
FILLER_71_222,VDD,Metal1,114.0090,284.0980,1.199593
FILLER_71_215,VDD,Metal1,110.6490,284.0980,1.199597
FILLER_71_194,VDD,Metal1,100.5690,284.0980,1.199941
FILLER_71_188,VDD,Metal1,96.4800,283.5000,1.199950
FILLER_71_184,VDD,Metal1,95.0510,284.0960,1.199951
FILLER_71_177,VDD,Metal1,92.4090,284.0980,1.199942
FILLER_71_170,VDD,Metal1,89.0490,284.0980,1.199942
FILLER_71_163,VDD,Metal1,85.6890,284.0980,1.199779
FILLER_71_156,VDD,Metal1,82.3290,284.0980,1.196969
FILLER_71_148,VDD,Metal1,77.2800,283.5000,1.196943
FILLER_71_137,VDD,Metal1,72.0000,283.5000,1.196917
FILLER_71_126,VDD,Metal1,66.4800,283.5000,1.196910
FILLER_71_119,VDD,Metal1,64.5690,284.0980,1.196910
FILLER_71_112,VDD,Metal1,61.2090,284.0980,1.196909
FILLER_71_106,VDD,Metal1,56.8800,283.5000,1.196909
FILLER_71_102,VDD,Metal1,55.6910,284.0960,1.196911
FILLER_71_97,VDD,Metal1,52.5600,283.5000,1.196922
FILLER_71_79,VDD,Metal1,43.9200,283.5000,1.196930
FILLER_71_69,VDD,Metal1,39.1200,283.5000,1.197004
FILLER_71_67,VDD,Metal1,38.4000,283.5000,1.197004
FILLER_71_60,VDD,Metal1,36.2490,284.0980,1.197004
FILLER_71_36,VDD,Metal1,23.2800,283.5000,1.199939
FILLER_71_34,VDD,Metal1,22.5600,283.5000,1.199939
FILLER_71_0,VDD,Metal1,7.4490,284.0980,1.199949
FILLER_70_617,VDD,Metal1,302.4000,283.5000,1.198507
FILLER_70_605,VDD,Metal1,297.8490,282.9010,1.198548
FILLER_70_598,VDD,Metal1,294.4890,282.9010,1.198629
FILLER_70_591,VDD,Metal1,291.1290,282.9010,1.198710
FILLER_70_586,VDD,Metal1,287.5200,283.5000,1.198824
FILLER_70_579,VDD,Metal1,285.3690,282.9010,1.198904
FILLER_70_570,VDD,Metal1,279.6000,283.5000,1.199004
FILLER_70_563,VDD,Metal1,277.6890,282.9010,1.199498
FILLER_70_556,VDD,Metal1,274.3290,282.9010,1.199514
FILLER_70_522,VDD,Metal1,256.5600,283.5000,1.199716
FILLER_70_515,VDD,Metal1,254.6490,282.9010,1.199716
FILLER_70_508,VDD,Metal1,251.2890,282.9010,1.199753
FILLER_70_497,VDD,Metal1,244.5600,283.5000,1.199917
FILLER_70_493,VDD,Metal1,243.3710,282.9030,1.199916
FILLER_70_486,VDD,Metal1,240.7290,282.9010,1.199654
FILLER_70_479,VDD,Metal1,237.3690,282.9010,1.199636
FILLER_70_446,VDD,Metal1,220.0800,283.5000,1.199602
FILLER_70_434,VDD,Metal1,214.3200,283.5000,1.199438
FILLER_70_427,VDD,Metal1,212.4090,282.9010,1.199437
FILLER_70_420,VDD,Metal1,209.0490,282.9010,1.199434
FILLER_70_413,VDD,Metal1,205.6890,282.9010,1.199431
FILLER_70_406,VDD,Metal1,202.3290,282.9010,1.199428
FILLER_70_397,VDD,Metal1,196.8000,283.5000,1.199414
FILLER_70_393,VDD,Metal1,195.3710,282.9030,1.199414
FILLER_70_386,VDD,Metal1,192.7290,282.9010,1.199851
FILLER_70_379,VDD,Metal1,189.3690,282.9010,1.199852
FILLER_70_366,VDD,Metal1,181.6800,283.5000,1.199893
FILLER_70_362,VDD,Metal1,180.4910,282.9030,1.199893
FILLER_70_355,VDD,Metal1,177.8490,282.9010,1.199906
FILLER_70_348,VDD,Metal1,174.4890,282.9010,1.199923
FILLER_70_341,VDD,Metal1,171.1290,282.9010,1.199925
FILLER_70_329,VDD,Metal1,163.9200,283.5000,1.199820
FILLER_70_325,VDD,Metal1,162.7310,282.9030,1.199820
FILLER_70_318,VDD,Metal1,160.0890,282.9010,1.199732
FILLER_70_311,VDD,Metal1,156.7290,282.9010,1.199710
FILLER_70_264,VDD,Metal1,133.4510,282.9030,1.199575
FILLER_70_257,VDD,Metal1,130.8090,282.9010,1.199575
FILLER_70_250,VDD,Metal1,127.4490,282.9010,1.199575
FILLER_70_246,VDD,Metal1,124.0800,283.5000,1.199575
FILLER_70_242,VDD,Metal1,122.8910,282.9030,1.199589
FILLER_70_235,VDD,Metal1,120.2490,282.9010,1.199590
FILLER_70_228,VDD,Metal1,116.8890,282.9010,1.199593
FILLER_70_221,VDD,Metal1,113.5290,282.9010,1.199597
FILLER_70_214,VDD,Metal1,110.1690,282.9010,1.199600
FILLER_70_207,VDD,Metal1,105.3600,283.5000,1.199931
FILLER_70_203,VDD,Metal1,104.1710,282.9030,1.199931
FILLER_70_196,VDD,Metal1,101.5290,282.9010,1.199937
FILLER_70_189,VDD,Metal1,98.1690,282.9010,1.199944
FILLER_70_182,VDD,Metal1,94.8090,282.9010,1.199951
FILLER_70_168,VDD,Metal1,86.6400,283.5000,1.199779
FILLER_70_166,VDD,Metal1,85.9200,283.5000,1.199779
FILLER_70_148,VDD,Metal1,77.0400,283.5000,1.196943
FILLER_70_134,VDD,Metal1,71.0510,282.9030,1.196912
FILLER_70_127,VDD,Metal1,68.4090,282.9010,1.196912
FILLER_70_120,VDD,Metal1,65.0490,282.9010,1.196910
FILLER_70_91,VDD,Metal1,49.9200,283.5000,1.196923
FILLER_70_84,VDD,Metal1,47.7690,282.9010,1.196924
FILLER_70_77,VDD,Metal1,43.2000,283.5000,1.196945
FILLER_70_73,VDD,Metal1,41.7710,282.9030,1.196964
FILLER_70_66,VDD,Metal1,39.1290,282.9010,1.197004
FILLER_70_59,VDD,Metal1,35.7690,282.9010,1.197010
FILLER_70_54,VDD,Metal1,31.9200,283.5000,1.197032
FILLER_70_52,VDD,Metal1,31.2000,283.5000,1.197035
FILLER_70_34,VDD,Metal1,23.7690,282.9010,1.199939
FILLER_70_27,VDD,Metal1,20.4090,282.9010,1.199956
FILLER_70_20,VDD,Metal1,17.0490,282.9010,1.199954
FILLER_70_10,VDD,Metal1,10.8000,283.5000,1.199954
FILLER_70_8,VDD,Metal1,10.0800,283.5000,1.199954
FILLER_69_647,VDD,Metal1,316.5600,275.9400,1.197761
FILLER_69_643,VDD,Metal1,315.3710,276.5360,1.197761
FILLER_69_613,VDD,Metal1,300.2400,275.9400,1.197839
FILLER_69_606,VDD,Metal1,298.3290,276.5380,1.197858
FILLER_69_599,VDD,Metal1,294.9690,276.5380,1.197876
FILLER_69_589,VDD,Metal1,288.7200,275.9400,1.198087
FILLER_69_585,VDD,Metal1,287.5310,276.5360,1.198087
FILLER_69_579,VDD,Metal1,283.9200,275.9400,1.198127
FILLER_69_572,VDD,Metal1,282.0090,276.5380,1.198138
FILLER_69_565,VDD,Metal1,278.6490,276.5380,1.198168
FILLER_69_558,VDD,Metal1,275.2890,276.5380,1.198196
FILLER_69_551,VDD,Metal1,271.9290,276.5380,1.198224
FILLER_69_525,VDD,Metal1,258.2400,275.9400,1.199102
FILLER_69_518,VDD,Metal1,256.0890,276.5380,1.199124
FILLER_69_511,VDD,Metal1,252.7290,276.5380,1.199350
FILLER_69_505,VDD,Metal1,248.6400,275.9400,1.199655
FILLER_69_501,VDD,Metal1,247.2110,276.5360,1.199655
FILLER_69_494,VDD,Metal1,244.5690,276.5380,1.199903
FILLER_69_487,VDD,Metal1,241.2090,276.5380,1.199879
FILLER_69_467,VDD,Metal1,230.4000,275.9400,1.199080
FILLER_69_463,VDD,Metal1,228.9710,276.5360,1.199041
FILLER_69_451,VDD,Metal1,222.7200,275.9400,1.199018
FILLER_69_444,VDD,Metal1,220.5690,276.5380,1.199009
FILLER_69_419,VDD,Metal1,207.1200,275.9400,1.198830
FILLER_69_415,VDD,Metal1,205.9310,276.5360,1.198788
FILLER_69_408,VDD,Metal1,203.2890,276.5380,1.198782
FILLER_69_396,VDD,Metal1,197.5290,276.5380,1.198675
FILLER_69_389,VDD,Metal1,194.1690,276.5380,1.198676
FILLER_69_382,VDD,Metal1,190.8090,276.5380,1.198677
FILLER_69_372,VDD,Metal1,186.0090,276.5380,1.198678
FILLER_69_365,VDD,Metal1,182.6490,276.5380,1.198681
FILLER_69_361,VDD,Metal1,179.2800,275.9400,1.199817
FILLER_69_357,VDD,Metal1,178.0910,276.5360,1.199817
FILLER_69_345,VDD,Metal1,171.8400,275.9400,1.199934
FILLER_69_338,VDD,Metal1,169.6890,276.5380,1.199930
FILLER_69_331,VDD,Metal1,166.3290,276.5380,1.199928
FILLER_69_324,VDD,Metal1,162.9690,276.5380,1.199912
FILLER_69_317,VDD,Metal1,159.6090,276.5380,1.199705
FILLER_69_313,VDD,Metal1,156.2400,275.9400,1.199659
FILLER_69_311,VDD,Metal1,155.5200,275.9400,1.199659
FILLER_69_304,VDD,Metal1,153.3690,276.5380,1.199657
FILLER_69_279,VDD,Metal1,140.1600,275.9400,1.199637
FILLER_69_272,VDD,Metal1,138.0090,276.5380,1.199634
FILLER_69_265,VDD,Metal1,134.6490,276.5380,1.199625
FILLER_69_258,VDD,Metal1,131.2890,276.5380,1.199625
FILLER_69_234,VDD,Metal1,118.3200,275.9400,1.199653
FILLER_69_227,VDD,Metal1,116.4090,276.5380,1.199653
FILLER_69_220,VDD,Metal1,113.0490,276.5380,1.199658
FILLER_69_208,VDD,Metal1,105.8400,275.9400,1.199868
FILLER_69_190,VDD,Metal1,97.2000,275.9400,1.199913
FILLER_69_186,VDD,Metal1,96.0110,276.5360,1.199913
FILLER_69_164,VDD,Metal1,84.7200,275.9400,1.199896
FILLER_69_132,VDD,Metal1,69.6000,275.9400,1.199890
FILLER_69_128,VDD,Metal1,68.1710,276.5360,1.199890
FILLER_69_121,VDD,Metal1,65.5290,276.5380,1.199889
FILLER_69_102,VDD,Metal1,54.9600,275.9400,1.199907
FILLER_69_85,VDD,Metal1,47.5310,276.5360,1.199915
FILLER_69_78,VDD,Metal1,44.8890,276.5380,1.199915
FILLER_69_71,VDD,Metal1,41.5290,276.5380,1.199916
FILLER_69_51,VDD,Metal1,31.9290,276.5380,1.199920
FILLER_69_46,VDD,Metal1,28.0800,275.9400,1.199920
FILLER_69_44,VDD,Metal1,27.3600,275.9400,1.199920
FILLER_68_651,VDD,Metal1,318.4800,275.9400,1.197761
FILLER_68_644,VDD,Metal1,316.5690,275.3410,1.197761
FILLER_68_637,VDD,Metal1,313.2090,275.3410,1.197761
FILLER_68_630,VDD,Metal1,309.8490,275.3410,1.197762
FILLER_68_620,VDD,Metal1,305.0490,275.3410,1.197819
FILLER_68_613,VDD,Metal1,301.6890,275.3410,1.197839
FILLER_68_608,VDD,Metal1,297.8400,275.9400,1.197863
FILLER_68_601,VDD,Metal1,295.9290,275.3410,1.197864
FILLER_68_594,VDD,Metal1,292.5690,275.3410,1.197883
FILLER_68_558,VDD,Metal1,275.2890,275.3410,1.198196
FILLER_68_551,VDD,Metal1,271.9290,275.3410,1.198224
FILLER_68_544,VDD,Metal1,268.5690,275.3410,1.198377
FILLER_68_527,VDD,Metal1,260.4090,275.3410,1.199062
FILLER_68_520,VDD,Metal1,257.0490,275.3410,1.199100
FILLER_68_509,VDD,Metal1,250.3200,275.9400,1.199454
FILLER_68_507,VDD,Metal1,249.6000,275.9400,1.199655
FILLER_68_491,VDD,Metal1,241.9200,275.9400,1.199879
FILLER_68_487,VDD,Metal1,240.4910,275.3430,1.199879
FILLER_68_480,VDD,Metal1,237.8490,275.3410,1.199547
FILLER_68_473,VDD,Metal1,233.2800,275.9400,1.199455
FILLER_68_466,VDD,Metal1,229.9200,275.9400,1.199080
FILLER_68_459,VDD,Metal1,227.7690,275.3410,1.199041
FILLER_68_452,VDD,Metal1,224.4090,275.3410,1.199034
FILLER_68_445,VDD,Metal1,221.0490,275.3410,1.199015
FILLER_68_438,VDD,Metal1,217.6890,275.3410,1.199009
FILLER_68_431,VDD,Metal1,214.3290,275.3410,1.198992
FILLER_68_426,VDD,Metal1,210.4800,275.9400,1.198845
FILLER_68_424,VDD,Metal1,209.7600,275.9400,1.198845
FILLER_68_401,VDD,Metal1,198.4800,275.9400,1.198675
FILLER_68_397,VDD,Metal1,197.2910,275.3430,1.198675
FILLER_68_390,VDD,Metal1,194.6490,275.3410,1.198675
FILLER_68_383,VDD,Metal1,191.2890,275.3410,1.198676
FILLER_68_378,VDD,Metal1,187.6800,275.9400,1.198678
FILLER_68_374,VDD,Metal1,186.2510,275.3430,1.198678
FILLER_68_364,VDD,Metal1,180.7200,275.9400,1.199815
FILLER_68_357,VDD,Metal1,178.8090,275.3410,1.199817
FILLER_68_350,VDD,Metal1,175.4490,275.3410,1.199933
FILLER_68_343,VDD,Metal1,172.0890,275.3410,1.199934
FILLER_68_336,VDD,Metal1,168.0110,275.3430,1.199930
FILLER_68_329,VDD,Metal1,165.3690,275.3410,1.199918
FILLER_68_318,VDD,Metal1,158.8800,275.9400,1.199705
FILLER_68_310,VDD,Metal1,154.8000,275.9400,1.199657
FILLER_68_308,VDD,Metal1,154.0800,275.9400,1.199657
FILLER_68_301,VDD,Metal1,151.9290,275.3410,1.199657
FILLER_68_294,VDD,Metal1,148.5690,275.3410,1.199657
FILLER_68_287,VDD,Metal1,145.2090,275.3410,1.199648
FILLER_68_280,VDD,Metal1,141.8490,275.3410,1.199645
FILLER_68_273,VDD,Metal1,138.4890,275.3410,1.199636
FILLER_68_244,VDD,Metal1,123.3600,275.9400,1.199637
FILLER_68_229,VDD,Metal1,115.9200,275.9400,1.199653
FILLER_68_227,VDD,Metal1,115.2000,275.9400,1.199653
FILLER_68_220,VDD,Metal1,113.0490,275.3410,1.199658
FILLER_68_213,VDD,Metal1,109.6890,275.3410,1.199663
FILLER_68_207,VDD,Metal1,105.6000,275.9400,1.199868
FILLER_68_203,VDD,Metal1,104.1710,275.3430,1.199870
FILLER_68_193,VDD,Metal1,98.6400,275.9400,1.199909
FILLER_68_161,VDD,Metal1,83.5200,275.9400,1.199894
FILLER_68_154,VDD,Metal1,81.3690,275.3410,1.199894
FILLER_68_147,VDD,Metal1,78.0090,275.3410,1.199894
FILLER_68_140,VDD,Metal1,74.6490,275.3410,1.199894
FILLER_68_133,VDD,Metal1,71.2890,275.3410,1.199892
FILLER_68_126,VDD,Metal1,67.9290,275.3410,1.199890
FILLER_68_119,VDD,Metal1,64.5690,275.3410,1.199887
FILLER_68_112,VDD,Metal1,61.2090,275.3410,1.199822
FILLER_68_105,VDD,Metal1,57.8490,275.3410,1.199822
FILLER_68_98,VDD,Metal1,54.4890,275.3410,1.199907
FILLER_68_91,VDD,Metal1,51.1290,275.3410,1.199907
FILLER_68_84,VDD,Metal1,47.7690,275.3410,1.199915
FILLER_68_77,VDD,Metal1,44.4090,275.3410,1.199916
FILLER_68_70,VDD,Metal1,41.0490,275.3410,1.199917
FILLER_68_39,VDD,Metal1,24.7200,275.9400,1.199944
FILLER_68_32,VDD,Metal1,22.8090,275.3410,1.199946
FILLER_68_25,VDD,Metal1,19.4490,275.3410,1.199958
FILLER_68_19,VDD,Metal1,15.3600,275.9400,1.199946
FILLER_68_6,VDD,Metal1,8.8800,275.9400,1.199943
FILLER_68_4,VDD,Metal1,8.1600,275.9400,1.199937
FILLER_67_600,VDD,Metal1,294.0000,268.3800,1.199013
FILLER_67_598,VDD,Metal1,293.2800,268.3800,1.199013
FILLER_67_591,VDD,Metal1,291.1290,268.9780,1.199013
FILLER_67_560,VDD,Metal1,274.8000,268.3800,1.199647
FILLER_67_558,VDD,Metal1,274.0800,268.3800,1.199647
FILLER_67_551,VDD,Metal1,271.9290,268.9780,1.199676
FILLER_67_544,VDD,Metal1,268.5690,268.9780,1.199704
FILLER_67_537,VDD,Metal1,265.2090,268.9780,1.199732
FILLER_67_530,VDD,Metal1,261.8490,268.9780,1.199760
FILLER_67_523,VDD,Metal1,258.4890,268.9780,1.199789
FILLER_67_516,VDD,Metal1,255.1290,268.9780,1.199817
FILLER_67_493,VDD,Metal1,242.6400,268.3800,1.199860
FILLER_67_491,VDD,Metal1,241.9200,268.3800,1.199860
FILLER_67_484,VDD,Metal1,239.7690,268.9780,1.199809
FILLER_67_477,VDD,Metal1,236.4090,268.9780,1.199763
FILLER_67_461,VDD,Metal1,228.0110,268.9760,1.199684
FILLER_67_454,VDD,Metal1,225.3690,268.9780,1.199684
FILLER_67_447,VDD,Metal1,222.0090,268.9780,1.199675
FILLER_67_440,VDD,Metal1,218.6490,268.9780,1.199666
FILLER_67_433,VDD,Metal1,215.2890,268.9780,1.199657
FILLER_67_426,VDD,Metal1,211.9290,268.9780,1.199657
FILLER_67_419,VDD,Metal1,208.5690,268.9780,1.199656
FILLER_67_405,VDD,Metal1,201.1310,268.9760,1.199667
FILLER_67_398,VDD,Metal1,198.4890,268.9780,1.199668
FILLER_67_380,VDD,Metal1,188.6400,268.3800,1.199778
FILLER_67_373,VDD,Metal1,186.4890,268.9780,1.199780
FILLER_67_361,VDD,Metal1,179.5200,268.3800,1.199858
FILLER_67_357,VDD,Metal1,178.0910,268.9760,1.199890
FILLER_67_353,VDD,Metal1,175.4400,268.3800,1.199891
FILLER_67_351,VDD,Metal1,174.7200,268.3800,1.199891
FILLER_67_347,VDD,Metal1,172.5600,268.3800,1.199891
FILLER_67_343,VDD,Metal1,171.3710,268.9760,1.199891
FILLER_67_331,VDD,Metal1,166.3290,268.9780,1.199846
FILLER_67_324,VDD,Metal1,162.9690,268.9780,1.199818
FILLER_67_317,VDD,Metal1,159.6090,268.9780,1.199788
FILLER_67_312,VDD,Metal1,156.0000,268.3800,1.199731
FILLER_67_305,VDD,Metal1,153.8490,268.9780,1.199727
FILLER_67_298,VDD,Metal1,150.4890,268.9780,1.199719
FILLER_67_293,VDD,Metal1,146.6400,268.3800,1.199719
FILLER_67_291,VDD,Metal1,145.9200,268.3800,1.199719
FILLER_67_284,VDD,Metal1,143.7690,268.9780,1.199716
FILLER_67_277,VDD,Metal1,140.4090,268.9780,1.199704
FILLER_67_270,VDD,Metal1,137.0490,268.9780,1.199697
FILLER_67_260,VDD,Metal1,130.8000,268.3800,1.199632
FILLER_67_232,VDD,Metal1,117.3600,268.3800,1.199633
FILLER_67_225,VDD,Metal1,115.4490,268.9780,1.199638
FILLER_67_193,VDD,Metal1,98.8800,268.3800,1.199696
FILLER_67_186,VDD,Metal1,95.5200,268.3800,1.199946
FILLER_67_179,VDD,Metal1,93.3690,268.9780,1.199874
FILLER_67_172,VDD,Metal1,88.8000,268.3800,1.199841
FILLER_67_165,VDD,Metal1,86.6490,268.9780,1.199827
FILLER_67_158,VDD,Metal1,83.2890,268.9780,1.199819
FILLER_67_151,VDD,Metal1,79.9290,268.9780,1.199207
FILLER_67_144,VDD,Metal1,76.5690,268.9780,1.199129
FILLER_67_137,VDD,Metal1,73.2090,268.9780,1.199108
FILLER_67_103,VDD,Metal1,56.1710,268.9760,1.198728
FILLER_67_96,VDD,Metal1,53.5290,268.9780,1.198724
FILLER_67_89,VDD,Metal1,50.1690,268.9780,1.198724
FILLER_67_82,VDD,Metal1,46.8090,268.9780,1.198725
FILLER_67_75,VDD,Metal1,43.4490,268.9780,1.198729
FILLER_67_68,VDD,Metal1,40.0890,268.9780,1.198730
FILLER_67_44,VDD,Metal1,27.3600,268.3800,1.199856
FILLER_67_37,VDD,Metal1,25.2090,268.9780,1.199878
FILLER_67_30,VDD,Metal1,21.8490,268.9780,1.199901
FILLER_67_23,VDD,Metal1,18.4890,268.9780,1.199922
FILLER_67_16,VDD,Metal1,15.1290,268.9780,1.199902
FILLER_67_11,VDD,Metal1,11.2800,268.3800,1.199888
FILLER_67_4,VDD,Metal1,9.3690,268.9780,1.199865
FILLER_66_651,VDD,Metal1,318.4800,268.3800,1.198580
FILLER_66_631,VDD,Metal1,310.3290,267.7810,1.198608
FILLER_66_626,VDD,Metal1,306.7200,268.3800,1.198608
FILLER_66_622,VDD,Metal1,305.2910,267.7830,1.198608
FILLER_66_615,VDD,Metal1,302.6490,267.7810,1.198608
FILLER_66_596,VDD,Metal1,292.0800,268.3800,1.199013
FILLER_66_594,VDD,Metal1,291.3600,268.3800,1.199013
FILLER_66_587,VDD,Metal1,289.2090,267.7810,1.199092
FILLER_66_580,VDD,Metal1,285.8490,267.7810,1.199100
FILLER_66_574,VDD,Metal1,281.7600,268.3800,1.199100
FILLER_66_565,VDD,Metal1,277.9310,267.7830,1.199100
FILLER_66_558,VDD,Metal1,275.2890,267.7810,1.199647
FILLER_66_551,VDD,Metal1,271.9290,267.7810,1.199676
FILLER_66_544,VDD,Metal1,268.5690,267.7810,1.199704
FILLER_66_537,VDD,Metal1,265.2090,267.7810,1.199732
FILLER_66_530,VDD,Metal1,261.8490,267.7810,1.199760
FILLER_66_523,VDD,Metal1,258.4890,267.7810,1.199789
FILLER_66_516,VDD,Metal1,255.1290,267.7810,1.199817
FILLER_66_509,VDD,Metal1,251.7690,267.7810,1.199847
FILLER_66_499,VDD,Metal1,245.7600,268.3800,1.199919
FILLER_66_495,VDD,Metal1,244.3310,267.7830,1.199872
FILLER_66_488,VDD,Metal1,241.6890,267.7810,1.199860
FILLER_66_475,VDD,Metal1,234.0000,268.3800,1.199735
FILLER_66_468,VDD,Metal1,230.8800,268.3800,1.199718
FILLER_66_464,VDD,Metal1,229.4510,267.7830,1.199685
FILLER_66_457,VDD,Metal1,226.8090,267.7810,1.199684
FILLER_66_450,VDD,Metal1,223.4490,267.7810,1.199675
FILLER_66_443,VDD,Metal1,220.0890,267.7810,1.199666
FILLER_66_436,VDD,Metal1,216.7290,267.7810,1.199657
FILLER_66_427,VDD,Metal1,211.2000,268.3800,1.199657
FILLER_66_423,VDD,Metal1,209.7710,267.7830,1.199656
FILLER_66_416,VDD,Metal1,207.1290,267.7810,1.199656
FILLER_66_409,VDD,Metal1,203.7690,267.7810,1.199657
FILLER_66_402,VDD,Metal1,200.4090,267.7810,1.199667
FILLER_66_393,VDD,Metal1,194.6400,268.3800,1.199670
FILLER_66_386,VDD,Metal1,192.7290,267.7810,1.199725
FILLER_66_379,VDD,Metal1,188.1600,268.3800,1.199778
FILLER_66_372,VDD,Metal1,186.0090,267.7810,1.199784
FILLER_66_363,VDD,Metal1,180.9710,267.7830,1.199828
FILLER_66_333,VDD,Metal1,165.8400,268.3800,1.199846
FILLER_66_331,VDD,Metal1,165.1200,268.3800,1.199846
FILLER_66_324,VDD,Metal1,162.9690,267.7810,1.199818
FILLER_66_312,VDD,Metal1,155.7600,268.3800,1.199731
FILLER_66_273,VDD,Metal1,137.2800,268.3800,1.199697
FILLER_66_269,VDD,Metal1,135.8510,267.7830,1.199696
FILLER_66_262,VDD,Metal1,133.2090,267.7810,1.199641
FILLER_66_255,VDD,Metal1,129.8490,267.7810,1.199632
FILLER_66_243,VDD,Metal1,122.8800,268.3800,1.199632
FILLER_66_236,VDD,Metal1,120.7290,267.7810,1.199632
FILLER_66_229,VDD,Metal1,117.3690,267.7810,1.199633
FILLER_66_222,VDD,Metal1,114.0090,267.7810,1.199638
FILLER_66_207,VDD,Metal1,105.3600,268.3800,1.199638
FILLER_66_195,VDD,Metal1,99.8400,268.3800,1.199676
FILLER_66_188,VDD,Metal1,97.6890,267.7810,1.199696
FILLER_66_181,VDD,Metal1,94.3290,267.7810,1.199886
FILLER_66_174,VDD,Metal1,90.9690,267.7810,1.199865
FILLER_66_167,VDD,Metal1,87.6090,267.7810,1.199842
FILLER_66_154,VDD,Metal1,80.6510,267.7830,1.199207
FILLER_66_147,VDD,Metal1,78.0090,267.7810,1.199129
FILLER_66_123,VDD,Metal1,65.2800,268.3800,1.199073
FILLER_66_119,VDD,Metal1,63.8510,267.7830,1.199073
FILLER_66_108,VDD,Metal1,57.8400,268.3800,1.199061
FILLER_66_104,VDD,Metal1,56.6510,267.7830,1.198728
FILLER_66_72,VDD,Metal1,40.8000,268.3800,1.198730
FILLER_66_65,VDD,Metal1,38.6490,267.7810,1.198730
FILLER_66_58,VDD,Metal1,35.2890,267.7810,1.198731
FILLER_66_51,VDD,Metal1,31.2110,267.7830,1.199072
FILLER_66_44,VDD,Metal1,28.5690,267.7810,1.199856
FILLER_66_37,VDD,Metal1,25.2090,267.7810,1.199878
FILLER_66_27,VDD,Metal1,18.9600,268.3800,1.199961
FILLER_66_23,VDD,Metal1,17.7710,267.7830,1.199922
FILLER_66_16,VDD,Metal1,15.1290,267.7810,1.199902
FILLER_66_11,VDD,Metal1,11.5200,268.3800,1.199888
FILLER_66_7,VDD,Metal1,10.0910,267.7830,1.199865
FILLER_66_0,VDD,Metal1,7.4490,267.7810,1.199862
FILLER_65_623,VDD,Metal1,305.2800,260.8200,1.198844
FILLER_65_619,VDD,Metal1,303.8510,261.4160,1.198882
FILLER_65_612,VDD,Metal1,301.2090,261.4180,1.198888
FILLER_65_592,VDD,Metal1,291.6090,261.4180,1.198970
FILLER_65_585,VDD,Metal1,288.2490,261.4180,1.199040
FILLER_65_578,VDD,Metal1,284.8890,261.4180,1.199110
FILLER_65_571,VDD,Metal1,281.5290,261.4180,1.199180
FILLER_65_564,VDD,Metal1,278.1690,261.4180,1.199251
FILLER_65_557,VDD,Metal1,274.8090,261.4180,1.199255
FILLER_65_550,VDD,Metal1,271.4490,261.4180,1.199520
FILLER_65_543,VDD,Metal1,268.0890,261.4180,1.199539
FILLER_65_536,VDD,Metal1,264.7290,261.4180,1.199561
FILLER_65_529,VDD,Metal1,261.3690,261.4180,1.199693
FILLER_65_522,VDD,Metal1,258.0090,261.4180,1.199806
FILLER_65_515,VDD,Metal1,254.6490,261.4180,1.199830
FILLER_65_498,VDD,Metal1,245.0400,260.8200,1.199918
FILLER_65_491,VDD,Metal1,243.1290,261.4180,1.199915
FILLER_65_484,VDD,Metal1,239.7690,261.4180,1.199859
FILLER_65_477,VDD,Metal1,236.4090,261.4180,1.199803
FILLER_65_470,VDD,Metal1,233.0490,261.4180,1.199798
FILLER_65_463,VDD,Metal1,229.6890,261.4180,1.199778
FILLER_65_456,VDD,Metal1,226.3290,261.4180,1.199760
FILLER_65_446,VDD,Metal1,220.3200,260.8200,1.199746
FILLER_65_442,VDD,Metal1,218.8910,261.4160,1.199722
FILLER_65_435,VDD,Metal1,216.2490,261.4180,1.199719
FILLER_65_428,VDD,Metal1,212.8890,261.4180,1.199536
FILLER_65_421,VDD,Metal1,209.5290,261.4180,1.199534
FILLER_65_414,VDD,Metal1,206.1690,261.4180,1.199515
FILLER_65_407,VDD,Metal1,202.8090,261.4180,1.199511
FILLER_65_400,VDD,Metal1,199.4490,261.4180,1.199511
FILLER_65_393,VDD,Metal1,196.0890,261.4180,1.199510
FILLER_65_386,VDD,Metal1,192.7290,261.4180,1.199510
FILLER_65_381,VDD,Metal1,188.8800,260.8200,1.199542
FILLER_65_379,VDD,Metal1,188.1600,260.8200,1.199544
FILLER_65_372,VDD,Metal1,186.0090,261.4180,1.199558
FILLER_65_361,VDD,Metal1,180.0110,261.4160,1.199714
FILLER_65_348,VDD,Metal1,173.2800,260.8200,1.199871
FILLER_65_342,VDD,Metal1,170.1600,260.8200,1.199963
FILLER_65_330,VDD,Metal1,165.8490,261.4180,1.199962
FILLER_65_323,VDD,Metal1,162.4890,261.4180,1.199937
FILLER_65_311,VDD,Metal1,156.0110,261.4160,1.199918
FILLER_65_304,VDD,Metal1,153.3690,261.4180,1.199835
FILLER_65_291,VDD,Metal1,146.4110,261.4160,1.199825
FILLER_65_287,VDD,Metal1,143.7600,260.8200,1.199821
FILLER_65_283,VDD,Metal1,142.5710,261.4160,1.199649
FILLER_65_276,VDD,Metal1,139.9290,261.4180,1.199649
FILLER_65_270,VDD,Metal1,135.8400,260.8200,1.199665
FILLER_65_266,VDD,Metal1,134.4110,261.4160,1.199665
FILLER_65_247,VDD,Metal1,124.5600,260.8200,1.199700
FILLER_65_245,VDD,Metal1,123.8400,260.8200,1.199700
FILLER_65_232,VDD,Metal1,118.0910,261.4160,1.199736
FILLER_65_227,VDD,Metal1,114.9600,260.8200,1.199781
FILLER_65_225,VDD,Metal1,114.2400,260.8200,1.199781
FILLER_65_218,VDD,Metal1,112.0890,261.4180,1.199841
FILLER_65_211,VDD,Metal1,108.7290,261.4180,1.199843
FILLER_65_204,VDD,Metal1,105.3690,261.4180,1.199854
FILLER_65_197,VDD,Metal1,102.0090,261.4180,1.199865
FILLER_65_186,VDD,Metal1,95.5200,260.8200,1.199934
FILLER_65_182,VDD,Metal1,94.0910,261.4160,1.199871
FILLER_65_175,VDD,Metal1,91.4490,261.4180,1.199871
FILLER_65_137,VDD,Metal1,71.7600,260.8200,1.199794
FILLER_65_135,VDD,Metal1,71.0400,260.8200,1.199794
FILLER_65_128,VDD,Metal1,68.8890,261.4180,1.199786
FILLER_65_111,VDD,Metal1,59.2800,260.8200,1.199590
FILLER_65_107,VDD,Metal1,58.0910,261.4160,1.199590
FILLER_65_97,VDD,Metal1,52.5600,260.8200,1.199570
FILLER_65_85,VDD,Metal1,47.0400,260.8200,1.199570
FILLER_65_81,VDD,Metal1,45.6110,261.4160,1.199570
FILLER_65_41,VDD,Metal1,25.6800,260.8200,1.199668
FILLER_65_37,VDD,Metal1,24.4910,261.4160,1.199669
FILLER_65_6,VDD,Metal1,8.8800,260.8200,1.199941
FILLER_65_4,VDD,Metal1,8.1600,260.8200,1.199941
FILLER_64_648,VDD,Metal1,317.7710,260.2230,1.198799
FILLER_64_623,VDD,Metal1,305.2800,260.8200,1.198844
FILLER_64_617,VDD,Metal1,302.1600,260.8200,1.198888
FILLER_64_612,VDD,Metal1,299.7600,260.8200,1.198888
FILLER_64_602,VDD,Metal1,294.9600,260.8200,1.198969
FILLER_64_595,VDD,Metal1,293.0490,260.2210,1.198970
FILLER_64_588,VDD,Metal1,289.6890,260.2210,1.199040
FILLER_64_581,VDD,Metal1,286.3290,260.2210,1.199110
FILLER_64_574,VDD,Metal1,282.9690,260.2210,1.199180
FILLER_64_567,VDD,Metal1,279.6090,260.2210,1.199250
FILLER_64_561,VDD,Metal1,275.2800,260.8200,1.199251
FILLER_64_557,VDD,Metal1,274.0910,260.2230,1.199255
FILLER_64_550,VDD,Metal1,271.4490,260.2210,1.199520
FILLER_64_536,VDD,Metal1,263.2800,260.8200,1.199561
FILLER_64_524,VDD,Metal1,257.5200,260.8200,1.199806
FILLER_64_522,VDD,Metal1,256.8000,260.8200,1.199806
FILLER_64_515,VDD,Metal1,254.6490,260.2210,1.199830
FILLER_64_508,VDD,Metal1,251.2890,260.2210,1.199856
FILLER_64_497,VDD,Metal1,244.5600,260.8200,1.199915
FILLER_64_495,VDD,Metal1,243.8400,260.8200,1.199915
FILLER_64_488,VDD,Metal1,241.6890,260.2210,1.199915
FILLER_64_481,VDD,Metal1,238.3290,260.2210,1.199859
FILLER_64_467,VDD,Metal1,230.1600,260.8200,1.199788
FILLER_64_437,VDD,Metal1,216.4910,260.2230,1.199719
FILLER_64_429,VDD,Metal1,212.6510,260.2230,1.199536
FILLER_64_422,VDD,Metal1,210.0090,260.2210,1.199536
FILLER_64_416,VDD,Metal1,205.6800,260.8200,1.199515
FILLER_64_406,VDD,Metal1,201.1200,260.8200,1.199511
FILLER_64_402,VDD,Metal1,199.6910,260.2230,1.199511
FILLER_64_395,VDD,Metal1,197.0490,260.2210,1.199510
FILLER_64_386,VDD,Metal1,191.2800,260.8200,1.199510
FILLER_64_371,VDD,Metal1,185.5290,260.2210,1.199560
FILLER_64_361,VDD,Metal1,180.7290,260.2210,1.199714
FILLER_64_354,VDD,Metal1,177.3690,260.2210,1.199869
FILLER_64_347,VDD,Metal1,174.0090,260.2210,1.199871
FILLER_64_340,VDD,Metal1,170.6490,260.2210,1.199964
FILLER_64_333,VDD,Metal1,167.2890,260.2210,1.199962
FILLER_64_326,VDD,Metal1,163.9290,260.2210,1.199937
FILLER_64_320,VDD,Metal1,159.6000,260.8200,1.199919
FILLER_64_318,VDD,Metal1,158.8800,260.8200,1.199919
FILLER_64_311,VDD,Metal1,156.7290,260.2210,1.199918
FILLER_64_304,VDD,Metal1,153.3690,260.2210,1.199835
FILLER_64_297,VDD,Metal1,150.0090,260.2210,1.199829
FILLER_64_290,VDD,Metal1,146.6490,260.2210,1.199825
FILLER_64_276,VDD,Metal1,138.7200,260.8200,1.199649
FILLER_64_272,VDD,Metal1,137.2910,260.2230,1.199664
FILLER_64_240,VDD,Metal1,121.2000,260.8200,1.199700
FILLER_64_236,VDD,Metal1,120.0110,260.2230,1.199712
FILLER_64_220,VDD,Metal1,111.8400,260.8200,1.199841
FILLER_64_213,VDD,Metal1,108.9710,260.2230,1.199843
FILLER_64_206,VDD,Metal1,106.3290,260.2210,1.199847
FILLER_64_199,VDD,Metal1,102.9690,260.2210,1.199858
FILLER_64_162,VDD,Metal1,85.2090,260.2210,1.199871
FILLER_64_155,VDD,Metal1,81.8490,260.2210,1.199871
FILLER_64_151,VDD,Metal1,78.4800,260.8200,1.199871
FILLER_64_139,VDD,Metal1,72.9600,260.8200,1.199815
FILLER_64_135,VDD,Metal1,71.5310,260.2230,1.199794
FILLER_64_128,VDD,Metal1,68.8890,260.2210,1.199786
FILLER_64_121,VDD,Metal1,65.5290,260.2210,1.199612
FILLER_64_115,VDD,Metal1,61.2000,260.8200,1.199592
FILLER_64_69,VDD,Metal1,40.5690,260.2210,1.199573
FILLER_64_55,VDD,Metal1,32.6400,260.8200,1.199573
FILLER_64_44,VDD,Metal1,27.3600,260.8200,1.199609
FILLER_64_37,VDD,Metal1,25.2090,260.2210,1.199668
FILLER_63_641,VDD,Metal1,313.9200,253.2600,1.196148
FILLER_63_618,VDD,Metal1,304.0890,253.8580,1.196185
FILLER_63_597,VDD,Metal1,292.5600,253.2600,1.196272
FILLER_63_595,VDD,Metal1,291.8400,253.2600,1.196274
FILLER_63_588,VDD,Metal1,289.6890,253.8580,1.196276
FILLER_63_581,VDD,Metal1,286.3290,253.8580,1.196336
FILLER_63_574,VDD,Metal1,282.9690,253.8580,1.196395
FILLER_63_556,VDD,Metal1,272.8800,253.2600,1.196597
FILLER_63_554,VDD,Metal1,272.1600,253.2600,1.196632
FILLER_63_527,VDD,Metal1,258.9600,253.2600,1.198184
FILLER_63_517,VDD,Metal1,254.8910,253.8560,1.199212
FILLER_63_510,VDD,Metal1,252.2490,253.8580,1.199213
FILLER_63_488,VDD,Metal1,240.2400,253.2600,1.199834
FILLER_63_486,VDD,Metal1,239.5200,253.2600,1.199813
FILLER_63_465,VDD,Metal1,229.4400,253.2600,1.199765
FILLER_63_461,VDD,Metal1,228.0110,253.8560,1.199762
FILLER_63_454,VDD,Metal1,225.3690,253.8580,1.199754
FILLER_63_442,VDD,Metal1,218.1600,253.2600,1.199736
FILLER_63_426,VDD,Metal1,210.7200,253.2600,1.199702
FILLER_63_412,VDD,Metal1,203.7600,253.2600,1.199673
FILLER_63_410,VDD,Metal1,203.0400,253.2600,1.199673
FILLER_63_398,VDD,Metal1,197.7710,253.8560,1.199668
FILLER_63_388,VDD,Metal1,192.4800,253.2600,1.199666
FILLER_63_367,VDD,Metal1,182.1600,253.2600,1.199649
FILLER_63_365,VDD,Metal1,181.4400,253.2600,1.199649
FILLER_63_359,VDD,Metal1,178.3200,253.2600,1.199660
FILLER_63_357,VDD,Metal1,177.6000,253.2600,1.199660
FILLER_63_350,VDD,Metal1,175.4490,253.8580,1.199667
FILLER_63_343,VDD,Metal1,172.0890,253.8580,1.199668
FILLER_63_337,VDD,Metal1,167.7600,253.2600,1.199893
FILLER_63_335,VDD,Metal1,167.0400,253.2600,1.199889
FILLER_63_313,VDD,Metal1,156.2400,253.2600,1.199844
FILLER_63_306,VDD,Metal1,154.3290,253.8580,1.199844
FILLER_63_295,VDD,Metal1,147.8400,253.2600,1.199839
FILLER_63_288,VDD,Metal1,145.6890,253.8580,1.199839
FILLER_63_268,VDD,Metal1,135.3710,253.8560,1.199517
FILLER_63_210,VDD,Metal1,106.8000,253.2600,1.199903
FILLER_63_171,VDD,Metal1,88.3200,253.2600,1.199847
FILLER_63_164,VDD,Metal1,86.1690,253.8580,1.199837
FILLER_63_157,VDD,Metal1,82.8090,253.8580,1.199762
FILLER_63_150,VDD,Metal1,79.4490,253.8580,1.199762
FILLER_63_143,VDD,Metal1,76.0890,253.8580,1.199762
FILLER_63_136,VDD,Metal1,72.7290,253.8580,1.199762
FILLER_63_124,VDD,Metal1,66.2510,253.8560,1.199725
FILLER_63_117,VDD,Metal1,63.6090,253.8580,1.199725
FILLER_63_111,VDD,Metal1,59.5200,253.2600,1.199724
FILLER_63_105,VDD,Metal1,56.4000,253.2600,1.199722
FILLER_63_101,VDD,Metal1,54.4800,253.2600,1.199722
FILLER_63_99,VDD,Metal1,53.7600,253.2600,1.199722
FILLER_63_85,VDD,Metal1,46.8000,253.2600,1.199725
FILLER_63_78,VDD,Metal1,44.8890,253.8580,1.199726
FILLER_63_71,VDD,Metal1,41.5290,253.8580,1.199727
FILLER_63_47,VDD,Metal1,29.2910,253.8560,1.199974
FILLER_63_40,VDD,Metal1,26.6490,253.8580,1.199977
FILLER_63_33,VDD,Metal1,23.2890,253.8580,1.199981
FILLER_63_7,VDD,Metal1,10.8090,253.8580,1.199974
FILLER_63_0,VDD,Metal1,7.4490,253.8580,1.199972
FILLER_62_642,VDD,Metal1,314.1600,253.2600,1.196148
FILLER_62_640,VDD,Metal1,313.4400,253.2600,1.196148
FILLER_62_633,VDD,Metal1,311.2890,252.6610,1.196159
FILLER_62_626,VDD,Metal1,306.7200,253.2600,1.196182
FILLER_62_619,VDD,Metal1,304.5690,252.6610,1.196183
FILLER_62_593,VDD,Metal1,290.6400,253.2600,1.196276
FILLER_62_591,VDD,Metal1,289.9200,253.2600,1.196276
FILLER_62_584,VDD,Metal1,287.7690,252.6610,1.196336
FILLER_62_577,VDD,Metal1,284.4090,252.6610,1.196395
FILLER_62_570,VDD,Metal1,281.0490,252.6610,1.196455
FILLER_62_556,VDD,Metal1,273.1200,253.2600,1.196597
FILLER_62_552,VDD,Metal1,271.6910,252.6630,1.196632
FILLER_62_520,VDD,Metal1,257.0490,252.6610,1.199208
FILLER_62_511,VDD,Metal1,251.2800,253.2600,1.199213
FILLER_62_509,VDD,Metal1,250.5600,253.2600,1.199251
FILLER_62_502,VDD,Metal1,248.4090,252.6610,1.199264
FILLER_62_497,VDD,Metal1,244.5600,253.2600,1.199838
FILLER_62_495,VDD,Metal1,243.8400,253.2600,1.199838
FILLER_62_488,VDD,Metal1,241.6890,252.6610,1.199834
FILLER_62_481,VDD,Metal1,238.3290,252.6610,1.199813
FILLER_62_466,VDD,Metal1,230.4110,252.6630,1.199780
FILLER_62_459,VDD,Metal1,227.7690,252.6610,1.199762
FILLER_62_452,VDD,Metal1,224.4090,252.6610,1.199741
FILLER_62_445,VDD,Metal1,221.0490,252.6610,1.199736
FILLER_62_438,VDD,Metal1,217.6890,252.6610,1.199736
FILLER_62_431,VDD,Metal1,214.3290,252.6610,1.199717
FILLER_62_425,VDD,Metal1,210.0000,253.2600,1.199684
FILLER_62_416,VDD,Metal1,205.6800,253.2600,1.199673
FILLER_62_414,VDD,Metal1,204.9600,253.2600,1.199673
FILLER_62_407,VDD,Metal1,202.8090,252.6610,1.199673
FILLER_62_400,VDD,Metal1,199.4490,252.6610,1.199668
FILLER_62_393,VDD,Metal1,196.0890,252.6610,1.199666
FILLER_62_368,VDD,Metal1,183.3710,252.6630,1.199648
FILLER_62_361,VDD,Metal1,180.7290,252.6610,1.199649
FILLER_62_354,VDD,Metal1,177.3690,252.6610,1.199660
FILLER_62_349,VDD,Metal1,173.7600,253.2600,1.199668
FILLER_62_342,VDD,Metal1,170.1600,253.2600,1.199960
FILLER_62_324,VDD,Metal1,161.7600,253.2600,1.199876
FILLER_62_312,VDD,Metal1,157.2090,252.6610,1.199844
FILLER_62_278,VDD,Metal1,140.1710,252.6630,1.199823
FILLER_62_259,VDD,Metal1,131.7690,252.6610,1.199487
FILLER_62_252,VDD,Metal1,128.4090,252.6610,1.199487
FILLER_62_215,VDD,Metal1,109.2000,253.2600,1.199489
FILLER_62_208,VDD,Metal1,107.2890,252.6610,1.199903
FILLER_62_198,VDD,Metal1,101.0400,253.2600,1.199914
FILLER_62_194,VDD,Metal1,99.8510,252.6630,1.199914
FILLER_62_180,VDD,Metal1,92.4000,253.2600,1.199867
FILLER_62_173,VDD,Metal1,90.4890,252.6610,1.199865
FILLER_62_166,VDD,Metal1,87.1290,252.6610,1.199848
FILLER_62_127,VDD,Metal1,67.2000,253.2600,1.199737
FILLER_62_123,VDD,Metal1,65.7710,252.6630,1.199725
FILLER_62_108,VDD,Metal1,58.0800,253.2600,1.199722
FILLER_62_101,VDD,Metal1,55.9290,252.6610,1.199722
FILLER_62_94,VDD,Metal1,52.5690,252.6610,1.199722
FILLER_62_87,VDD,Metal1,49.2090,252.6610,1.199724
FILLER_62_80,VDD,Metal1,45.8490,252.6610,1.199725
FILLER_62_73,VDD,Metal1,42.4890,252.6610,1.199726
FILLER_62_49,VDD,Metal1,29.7600,253.2600,1.199974
FILLER_62_42,VDD,Metal1,27.6090,252.6610,1.199975
FILLER_62_35,VDD,Metal1,24.2490,252.6610,1.199979
FILLER_62_22,VDD,Metal1,17.2910,252.6630,1.199976
FILLER_62_11,VDD,Metal1,11.2800,253.2600,1.199974
FILLER_62_4,VDD,Metal1,9.3690,252.6610,1.199974
FILLER_61_642,VDD,Metal1,314.1600,245.7000,1.199339
FILLER_61_633,VDD,Metal1,309.8400,245.7000,1.199345
FILLER_61_626,VDD,Metal1,307.9290,246.2980,1.199346
FILLER_61_619,VDD,Metal1,304.5690,246.2980,1.199362
FILLER_61_602,VDD,Metal1,294.9600,245.7000,1.199406
FILLER_61_598,VDD,Metal1,293.7710,246.2960,1.199725
FILLER_61_591,VDD,Metal1,291.1290,246.2980,1.199767
FILLER_61_584,VDD,Metal1,287.7690,246.2980,1.199809
FILLER_61_577,VDD,Metal1,284.4090,246.2980,1.199851
FILLER_61_560,VDD,Metal1,275.0400,245.7000,1.199856
FILLER_61_553,VDD,Metal1,272.8890,246.2980,1.199869
FILLER_61_548,VDD,Metal1,269.0400,245.7000,1.199882
FILLER_61_546,VDD,Metal1,268.3200,245.7000,1.199882
FILLER_61_539,VDD,Metal1,266.1690,246.2980,1.199894
FILLER_61_532,VDD,Metal1,262.8090,246.2980,1.199907
FILLER_61_525,VDD,Metal1,259.4490,246.2980,1.199919
FILLER_61_518,VDD,Metal1,256.0890,246.2980,1.199932
FILLER_61_511,VDD,Metal1,252.7290,246.2980,1.199944
FILLER_61_504,VDD,Metal1,249.3690,246.2980,1.199957
FILLER_61_497,VDD,Metal1,246.0090,246.2980,1.199970
FILLER_61_490,VDD,Metal1,242.6490,246.2980,1.199962
FILLER_61_483,VDD,Metal1,239.2890,246.2980,1.199958
FILLER_61_476,VDD,Metal1,235.9290,246.2980,1.199942
FILLER_61_466,VDD,Metal1,229.9200,245.7000,1.199888
FILLER_61_459,VDD,Metal1,227.7690,246.2980,1.199885
FILLER_61_449,VDD,Metal1,221.7600,245.7000,1.199870
FILLER_61_445,VDD,Metal1,220.3310,246.2960,1.199870
FILLER_61_438,VDD,Metal1,217.6890,246.2980,1.199847
FILLER_61_431,VDD,Metal1,214.3290,246.2980,1.199845
FILLER_61_424,VDD,Metal1,210.9690,246.2980,1.199844
FILLER_61_411,VDD,Metal1,204.0110,246.2960,1.199806
FILLER_61_404,VDD,Metal1,201.3690,246.2980,1.199804
FILLER_61_388,VDD,Metal1,192.4800,245.7000,1.199801
FILLER_61_367,VDD,Metal1,182.1600,245.7000,1.199854
FILLER_61_363,VDD,Metal1,180.9710,246.2960,1.199854
FILLER_61_356,VDD,Metal1,178.3290,246.2980,1.199864
FILLER_61_347,VDD,Metal1,172.5600,245.7000,1.199928
FILLER_61_343,VDD,Metal1,171.3710,246.2960,1.199953
FILLER_61_334,VDD,Metal1,166.3200,245.7000,1.199865
FILLER_61_327,VDD,Metal1,164.4090,246.2980,1.199861
FILLER_61_320,VDD,Metal1,161.0490,246.2980,1.199852
FILLER_61_313,VDD,Metal1,157.6890,246.2980,1.199834
FILLER_61_306,VDD,Metal1,154.3290,246.2980,1.199832
FILLER_61_299,VDD,Metal1,150.9690,246.2980,1.199817
FILLER_61_292,VDD,Metal1,147.6090,246.2980,1.199800
FILLER_61_285,VDD,Metal1,144.2490,246.2980,1.199784
FILLER_61_278,VDD,Metal1,140.8890,246.2980,1.199767
FILLER_61_271,VDD,Metal1,137.5290,246.2980,1.199751
FILLER_61_264,VDD,Metal1,134.1690,246.2980,1.199735
FILLER_61_250,VDD,Metal1,126.0000,245.7000,1.199936
FILLER_61_246,VDD,Metal1,124.8110,246.2960,1.199936
FILLER_61_236,VDD,Metal1,120.7290,246.2980,1.199943
FILLER_61_225,VDD,Metal1,114.0000,245.7000,1.199945
FILLER_61_218,VDD,Metal1,112.0890,246.2980,1.199945
FILLER_61_211,VDD,Metal1,108.7290,246.2980,1.199946
FILLER_61_204,VDD,Metal1,105.3690,246.2980,1.199947
FILLER_61_197,VDD,Metal1,102.0090,246.2980,1.199948
FILLER_61_190,VDD,Metal1,98.6490,246.2980,1.199950
FILLER_61_183,VDD,Metal1,94.0800,245.7000,1.199952
FILLER_61_179,VDD,Metal1,92.6510,246.2960,1.199952
FILLER_61_172,VDD,Metal1,90.0090,246.2980,1.199934
FILLER_61_165,VDD,Metal1,86.6490,246.2980,1.199915
FILLER_61_158,VDD,Metal1,83.2890,246.2980,1.199904
FILLER_61_147,VDD,Metal1,76.8000,245.7000,1.199901
FILLER_61_126,VDD,Metal1,66.4800,245.7000,1.199833
FILLER_61_121,VDD,Metal1,64.0800,245.7000,1.199833
FILLER_61_107,VDD,Metal1,57.3600,245.7000,1.199826
FILLER_61_103,VDD,Metal1,56.1710,246.2960,1.199826
FILLER_61_87,VDD,Metal1,49.2090,246.2980,1.199826
FILLER_61_80,VDD,Metal1,45.8490,246.2980,1.199831
FILLER_61_73,VDD,Metal1,42.4890,246.2980,1.199831
FILLER_61_66,VDD,Metal1,39.1290,246.2980,1.199837
FILLER_61_46,VDD,Metal1,28.3200,245.7000,1.199920
FILLER_61_42,VDD,Metal1,26.8910,246.2960,1.199945
FILLER_61_35,VDD,Metal1,24.2490,246.2980,1.199945
FILLER_60_648,VDD,Metal1,317.7710,245.1030,1.199339
FILLER_60_641,VDD,Metal1,315.1290,245.1010,1.199339
FILLER_60_634,VDD,Metal1,311.7690,245.1010,1.199341
FILLER_60_627,VDD,Metal1,308.4090,245.1010,1.199345
FILLER_60_621,VDD,Metal1,304.0800,245.7000,1.199362
FILLER_60_595,VDD,Metal1,293.0490,245.1010,1.199725
FILLER_60_588,VDD,Metal1,289.6890,245.1010,1.199767
FILLER_60_581,VDD,Metal1,286.3290,245.1010,1.199809
FILLER_60_574,VDD,Metal1,282.9690,245.1010,1.199851
FILLER_60_567,VDD,Metal1,279.6090,245.1010,1.199855
FILLER_60_560,VDD,Metal1,276.2490,245.1010,1.199856
FILLER_60_553,VDD,Metal1,272.8890,245.1010,1.199869
FILLER_60_546,VDD,Metal1,269.5290,245.1010,1.199882
FILLER_60_539,VDD,Metal1,266.1690,245.1010,1.199894
FILLER_60_532,VDD,Metal1,262.8090,245.1010,1.199907
FILLER_60_525,VDD,Metal1,259.4490,245.1010,1.199919
FILLER_60_518,VDD,Metal1,256.0890,245.1010,1.199932
FILLER_60_511,VDD,Metal1,252.7290,245.1010,1.199944
FILLER_60_504,VDD,Metal1,249.3690,245.1010,1.199957
FILLER_60_497,VDD,Metal1,246.0090,245.1010,1.199970
FILLER_60_487,VDD,Metal1,239.7600,245.7000,1.199958
FILLER_60_480,VDD,Metal1,237.8490,245.1010,1.199958
FILLER_60_473,VDD,Metal1,234.4890,245.1010,1.199941
FILLER_60_466,VDD,Metal1,231.1290,245.1010,1.199888
FILLER_60_459,VDD,Metal1,227.7690,245.1010,1.199885
FILLER_60_452,VDD,Metal1,224.4090,245.1010,1.199870
FILLER_60_445,VDD,Metal1,221.0490,245.1010,1.199870
FILLER_60_438,VDD,Metal1,217.6890,245.1010,1.199847
FILLER_60_431,VDD,Metal1,214.3290,245.1010,1.199845
FILLER_60_412,VDD,Metal1,204.0000,245.7000,1.199806
FILLER_60_403,VDD,Metal1,200.1710,245.1030,1.199803
FILLER_60_396,VDD,Metal1,197.5290,245.1010,1.199801
FILLER_60_389,VDD,Metal1,194.1690,245.1010,1.199801
FILLER_60_382,VDD,Metal1,190.8090,245.1010,1.199801
FILLER_60_372,VDD,Metal1,184.8000,245.7000,1.199804
FILLER_60_365,VDD,Metal1,182.6490,245.1010,1.199854
FILLER_60_358,VDD,Metal1,179.2890,245.1010,1.199856
FILLER_60_351,VDD,Metal1,175.9290,245.1010,1.199868
FILLER_60_346,VDD,Metal1,172.0800,245.7000,1.199953
FILLER_60_342,VDD,Metal1,170.8910,245.1030,1.199953
FILLER_60_335,VDD,Metal1,168.2490,245.1010,1.199884
FILLER_60_328,VDD,Metal1,164.8890,245.1010,1.199865
FILLER_60_308,VDD,Metal1,154.0800,245.7000,1.199832
FILLER_60_301,VDD,Metal1,151.9290,245.1010,1.199827
FILLER_60_294,VDD,Metal1,148.5690,245.1010,1.199811
FILLER_60_287,VDD,Metal1,145.2090,245.1010,1.199794
FILLER_60_280,VDD,Metal1,141.8490,245.1010,1.199778
FILLER_60_273,VDD,Metal1,138.4890,245.1010,1.199761
FILLER_60_266,VDD,Metal1,135.1290,245.1010,1.199745
FILLER_60_259,VDD,Metal1,131.7690,245.1010,1.199728
FILLER_60_252,VDD,Metal1,128.4090,245.1010,1.199726
FILLER_60_245,VDD,Metal1,125.0490,245.1010,1.199936
FILLER_60_238,VDD,Metal1,121.6890,245.1010,1.199942
FILLER_60_231,VDD,Metal1,118.3290,245.1010,1.199943
FILLER_60_224,VDD,Metal1,114.9690,245.1010,1.199945
FILLER_60_217,VDD,Metal1,111.6090,245.1010,1.199946
FILLER_60_210,VDD,Metal1,108.2490,245.1010,1.199947
FILLER_60_194,VDD,Metal1,99.1200,245.7000,1.199949
FILLER_60_187,VDD,Metal1,96.0000,245.7000,1.199957
FILLER_60_177,VDD,Metal1,90.9600,245.7000,1.199934
FILLER_60_166,VDD,Metal1,85.6800,245.7000,1.199915
FILLER_60_159,VDD,Metal1,83.7690,245.1010,1.199915
FILLER_60_152,VDD,Metal1,80.4090,245.1010,1.199904
FILLER_60_145,VDD,Metal1,77.0490,245.1010,1.199901
FILLER_60_138,VDD,Metal1,73.6890,245.1010,1.199883
FILLER_60_82,VDD,Metal1,45.6000,245.7000,1.199831
FILLER_60_78,VDD,Metal1,44.1710,245.1030,1.199831
FILLER_60_71,VDD,Metal1,41.5290,245.1010,1.199835
FILLER_60_65,VDD,Metal1,37.2000,245.7000,1.199850
FILLER_60_63,VDD,Metal1,36.4800,245.7000,1.199852
FILLER_60_8,VDD,Metal1,9.8400,245.7000,1.199944
FILLER_60_4,VDD,Metal1,8.6510,245.1030,1.199940
FILLER_59_621,VDD,Metal1,304.0800,238.1400,1.194676
FILLER_59_606,VDD,Metal1,296.8800,238.1400,1.194730
FILLER_59_599,VDD,Metal1,294.9690,238.7380,1.194744
FILLER_59_592,VDD,Metal1,291.6090,238.7380,1.194789
FILLER_59_585,VDD,Metal1,288.2490,238.7380,1.194833
FILLER_59_578,VDD,Metal1,284.8890,238.7380,1.194877
FILLER_59_556,VDD,Metal1,273.6110,238.7360,1.195520
FILLER_59_549,VDD,Metal1,270.9690,238.7380,1.195886
FILLER_59_542,VDD,Metal1,266.4000,238.1400,1.195962
FILLER_59_535,VDD,Metal1,264.2490,238.7380,1.196097
FILLER_59_528,VDD,Metal1,260.8890,238.7380,1.199236
FILLER_59_521,VDD,Metal1,257.5290,238.7380,1.199247
FILLER_59_484,VDD,Metal1,238.5600,238.1400,1.199912
FILLER_59_480,VDD,Metal1,237.1310,238.7360,1.199911
FILLER_59_473,VDD,Metal1,234.4890,238.7380,1.199910
FILLER_59_466,VDD,Metal1,231.1290,238.7380,1.199850
FILLER_59_450,VDD,Metal1,222.0000,238.1400,1.199841
FILLER_59_443,VDD,Metal1,218.8800,238.1400,1.199831
FILLER_59_439,VDD,Metal1,217.4510,238.7360,1.199902
FILLER_59_432,VDD,Metal1,214.8090,238.7380,1.199902
FILLER_59_425,VDD,Metal1,211.4490,238.7380,1.199908
FILLER_59_419,VDD,Metal1,207.1200,238.1400,1.199916
FILLER_59_415,VDD,Metal1,205.9310,238.7360,1.199916
FILLER_59_410,VDD,Metal1,202.8000,238.1400,1.199926
FILLER_59_406,VDD,Metal1,201.6110,238.7360,1.199926
FILLER_59_399,VDD,Metal1,198.9690,238.7380,1.199927
FILLER_59_392,VDD,Metal1,195.6090,238.7380,1.199929
FILLER_59_385,VDD,Metal1,192.2490,238.7380,1.199930
FILLER_59_378,VDD,Metal1,188.8890,238.7380,1.199932
FILLER_59_371,VDD,Metal1,185.5290,238.7380,1.199933
FILLER_59_364,VDD,Metal1,182.1690,238.7380,1.199934
FILLER_59_357,VDD,Metal1,178.8090,238.7380,1.199936
FILLER_59_340,VDD,Metal1,169.2000,238.1400,1.199937
FILLER_59_338,VDD,Metal1,168.4800,238.1400,1.199937
FILLER_59_331,VDD,Metal1,166.3290,238.7380,1.199937
FILLER_59_310,VDD,Metal1,154.8000,238.1400,1.199781
FILLER_59_306,VDD,Metal1,153.6110,238.7360,1.199781
FILLER_59_299,VDD,Metal1,150.9690,238.7380,1.199781
FILLER_59_292,VDD,Metal1,147.6090,238.7380,1.199781
FILLER_59_287,VDD,Metal1,144.0000,238.1400,1.199781
FILLER_59_282,VDD,Metal1,141.3600,238.1400,1.199753
FILLER_59_267,VDD,Metal1,134.1600,238.1400,1.199753
FILLER_59_255,VDD,Metal1,128.6400,238.1400,1.199768
FILLER_59_248,VDD,Metal1,126.4890,238.7380,1.199776
FILLER_59_244,VDD,Metal1,123.1200,238.1400,1.199800
FILLER_59_237,VDD,Metal1,121.2090,238.7380,1.199801
FILLER_59_230,VDD,Metal1,117.8490,238.7380,1.199803
FILLER_59_223,VDD,Metal1,114.4890,238.7380,1.199803
FILLER_59_211,VDD,Metal1,107.5200,238.1400,1.199829
FILLER_59_204,VDD,Metal1,105.3690,238.7380,1.199831
FILLER_59_187,VDD,Metal1,95.7600,238.1400,1.199935
FILLER_59_185,VDD,Metal1,95.0400,238.1400,1.199935
FILLER_59_154,VDD,Metal1,79.9200,238.1400,1.199908
FILLER_59_150,VDD,Metal1,78.7310,238.7360,1.199897
FILLER_59_143,VDD,Metal1,76.0890,238.7380,1.199893
FILLER_59_136,VDD,Metal1,72.7290,238.7380,1.199892
FILLER_59_129,VDD,Metal1,69.3690,238.7380,1.199890
FILLER_59_122,VDD,Metal1,66.0090,238.7380,1.199889
FILLER_59_115,VDD,Metal1,62.6490,238.7380,1.199889
FILLER_59_111,VDD,Metal1,59.2800,238.1400,1.199889
FILLER_59_107,VDD,Metal1,58.0910,238.7360,1.199889
FILLER_59_100,VDD,Metal1,55.4490,238.7380,1.199888
FILLER_59_93,VDD,Metal1,52.0890,238.7380,1.199887
FILLER_59_86,VDD,Metal1,48.0110,238.7360,1.199887
FILLER_59_79,VDD,Metal1,45.3690,238.7380,1.199886
FILLER_59_53,VDD,Metal1,32.8890,238.7380,1.199888
FILLER_59_48,VDD,Metal1,29.0400,238.1400,1.199899
FILLER_59_44,VDD,Metal1,27.8510,238.7360,1.199899
FILLER_59_37,VDD,Metal1,25.2090,238.7380,1.199938
FILLER_59_23,VDD,Metal1,17.7710,238.7360,1.199975
FILLER_59_16,VDD,Metal1,15.1290,238.7380,1.199975
FILLER_59_11,VDD,Metal1,11.2800,238.1400,1.199335
FILLER_59_4,VDD,Metal1,9.3690,238.7380,1.199335
FILLER_58_651,VDD,Metal1,318.4800,238.1400,1.194658
FILLER_58_644,VDD,Metal1,316.5690,237.5410,1.194658
FILLER_58_637,VDD,Metal1,313.2090,237.5410,1.194658
FILLER_58_630,VDD,Metal1,309.8490,237.5410,1.194660
FILLER_58_623,VDD,Metal1,306.4890,237.5410,1.194668
FILLER_58_616,VDD,Metal1,301.9200,238.1400,1.194700
FILLER_58_611,VDD,Metal1,299.2800,238.1400,1.194722
FILLER_58_609,VDD,Metal1,298.5600,238.1400,1.194724
FILLER_58_602,VDD,Metal1,296.4090,237.5410,1.194744
FILLER_58_595,VDD,Metal1,293.0490,237.5410,1.194789
FILLER_58_588,VDD,Metal1,289.6890,237.5410,1.194833
FILLER_58_581,VDD,Metal1,286.3290,237.5410,1.194877
FILLER_58_556,VDD,Metal1,274.3290,237.5410,1.195520
FILLER_58_536,VDD,Metal1,263.5200,238.1400,1.196097
FILLER_58_514,VDD,Metal1,252.7200,238.1400,1.199326
FILLER_58_512,VDD,Metal1,252.0000,238.1400,1.199332
FILLER_58_477,VDD,Metal1,235.2000,238.1400,1.199910
FILLER_58_473,VDD,Metal1,233.7710,237.5430,1.199910
FILLER_58_466,VDD,Metal1,231.1290,237.5410,1.199850
FILLER_58_459,VDD,Metal1,227.7690,237.5410,1.199845
FILLER_58_435,VDD,Metal1,216.2490,237.5410,1.199902
FILLER_58_428,VDD,Metal1,212.8890,237.5410,1.199908
FILLER_58_421,VDD,Metal1,209.5290,237.5410,1.199913
FILLER_58_414,VDD,Metal1,206.1690,237.5410,1.199916
FILLER_58_407,VDD,Metal1,202.8090,237.5410,1.199926
FILLER_58_400,VDD,Metal1,199.4490,237.5410,1.199926
FILLER_58_393,VDD,Metal1,196.0890,237.5410,1.199927
FILLER_58_386,VDD,Metal1,192.7290,237.5410,1.199929
FILLER_58_379,VDD,Metal1,189.3690,237.5410,1.199930
FILLER_58_372,VDD,Metal1,186.0090,237.5410,1.199932
FILLER_58_365,VDD,Metal1,182.6490,237.5410,1.199933
FILLER_58_358,VDD,Metal1,179.2890,237.5410,1.199934
FILLER_58_351,VDD,Metal1,175.9290,237.5410,1.199936
FILLER_58_344,VDD,Metal1,172.5690,237.5410,1.199955
FILLER_58_334,VDD,Metal1,167.7690,237.5410,1.199937
FILLER_58_327,VDD,Metal1,164.4090,237.5410,1.199856
FILLER_58_320,VDD,Metal1,159.8400,238.1400,1.199832
FILLER_58_313,VDD,Metal1,157.6890,237.5410,1.199830
FILLER_58_285,VDD,Metal1,142.8000,238.1400,1.199772
FILLER_58_244,VDD,Metal1,123.1200,238.1400,1.199800
FILLER_58_201,VDD,Metal1,102.4800,238.1400,1.199907
FILLER_58_199,VDD,Metal1,101.7600,238.1400,1.199912
FILLER_58_181,VDD,Metal1,92.8800,238.1400,1.199909
FILLER_58_149,VDD,Metal1,77.7600,238.1400,1.199894
FILLER_58_142,VDD,Metal1,75.6090,237.5410,1.199892
FILLER_58_135,VDD,Metal1,72.2490,237.5410,1.199890
FILLER_58_125,VDD,Metal1,66.0000,238.1400,1.199889
FILLER_58_121,VDD,Metal1,64.8110,237.5430,1.199889
FILLER_58_116,VDD,Metal1,61.9200,238.1400,1.199889
FILLER_58_109,VDD,Metal1,59.7690,237.5410,1.199889
FILLER_58_102,VDD,Metal1,56.4090,237.5410,1.199889
FILLER_58_95,VDD,Metal1,53.0490,237.5410,1.199888
FILLER_58_88,VDD,Metal1,49.6890,237.5410,1.199887
FILLER_58_81,VDD,Metal1,46.3290,237.5410,1.199887
FILLER_58_53,VDD,Metal1,31.4400,238.1400,1.199888
FILLER_58_46,VDD,Metal1,29.5290,237.5410,1.199899
FILLER_58_36,VDD,Metal1,23.2800,238.1400,1.199965
FILLER_58_29,VDD,Metal1,21.3690,237.5410,1.199967
FILLER_58_22,VDD,Metal1,18.0090,237.5410,1.199975
FILLER_58_4,VDD,Metal1,8.1600,238.1400,1.199335
FILLER_57_647,VDD,Metal1,316.5600,230.5800,1.197836
FILLER_57_645,VDD,Metal1,315.8400,230.5800,1.197837
FILLER_57_638,VDD,Metal1,313.6890,231.1780,1.197841
FILLER_57_631,VDD,Metal1,310.3290,231.1780,1.197841
FILLER_57_624,VDD,Metal1,306.9690,231.1780,1.197842
FILLER_57_607,VDD,Metal1,297.3600,230.5800,1.199008
FILLER_57_605,VDD,Metal1,296.6400,230.5800,1.199008
FILLER_57_598,VDD,Metal1,294.4890,231.1780,1.199008
FILLER_57_591,VDD,Metal1,291.1290,231.1780,1.199018
FILLER_57_584,VDD,Metal1,287.7690,231.1780,1.199027
FILLER_57_565,VDD,Metal1,277.2000,230.5800,1.199243
FILLER_57_558,VDD,Metal1,275.2890,231.1780,1.199259
FILLER_57_551,VDD,Metal1,271.9290,231.1780,1.199276
FILLER_57_544,VDD,Metal1,268.5690,231.1780,1.199292
FILLER_57_538,VDD,Metal1,264.4800,230.5800,1.199365
FILLER_57_531,VDD,Metal1,262.3290,231.1780,1.199785
FILLER_57_524,VDD,Metal1,258.9690,231.1780,1.199806
FILLER_57_517,VDD,Metal1,255.6090,231.1780,1.199828
FILLER_57_510,VDD,Metal1,252.2490,231.1780,1.199873
FILLER_57_503,VDD,Metal1,248.8890,231.1780,1.199895
FILLER_57_487,VDD,Metal1,240.0000,230.5800,1.199928
FILLER_57_480,VDD,Metal1,237.8490,231.1780,1.199924
FILLER_57_473,VDD,Metal1,234.4890,231.1780,1.199923
FILLER_57_466,VDD,Metal1,231.1290,231.1780,1.199902
FILLER_57_459,VDD,Metal1,227.7690,231.1780,1.199882
FILLER_57_453,VDD,Metal1,223.4400,230.5800,1.199862
FILLER_57_446,VDD,Metal1,221.5290,231.1780,1.199728
FILLER_57_440,VDD,Metal1,217.2000,230.5800,1.199570
FILLER_57_436,VDD,Metal1,216.0110,231.1760,1.199569
FILLER_57_429,VDD,Metal1,213.3690,231.1780,1.199569
FILLER_57_422,VDD,Metal1,210.0090,231.1780,1.199420
FILLER_57_415,VDD,Metal1,206.6490,231.1780,1.199416
FILLER_57_394,VDD,Metal1,195.3600,230.5800,1.199394
FILLER_57_387,VDD,Metal1,193.2090,231.1780,1.199400
FILLER_57_377,VDD,Metal1,186.9600,230.5800,1.199413
FILLER_57_365,VDD,Metal1,181.4400,230.5800,1.199496
FILLER_57_360,VDD,Metal1,178.8000,230.5800,1.199499
FILLER_57_356,VDD,Metal1,177.6110,231.1760,1.199499
FILLER_57_349,VDD,Metal1,174.9690,231.1780,1.199516
FILLER_57_333,VDD,Metal1,166.0800,230.5800,1.199868
FILLER_57_329,VDD,Metal1,164.6510,231.1760,1.199801
FILLER_57_322,VDD,Metal1,162.0090,231.1780,1.199682
FILLER_57_315,VDD,Metal1,158.6490,231.1780,1.199159
FILLER_57_308,VDD,Metal1,155.2890,231.1780,1.199159
FILLER_57_297,VDD,Metal1,148.8000,230.5800,1.199158
FILLER_57_271,VDD,Metal1,136.3200,230.5800,1.199251
FILLER_57_243,VDD,Metal1,122.6400,230.5800,1.199294
FILLER_57_236,VDD,Metal1,120.7290,231.1780,1.199297
FILLER_57_226,VDD,Metal1,114.4800,230.5800,1.199299
FILLER_57_224,VDD,Metal1,113.7600,230.5800,1.199299
FILLER_57_212,VDD,Metal1,107.7600,230.5800,1.199366
FILLER_57_210,VDD,Metal1,107.0400,230.5800,1.199366
FILLER_57_202,VDD,Metal1,103.2000,230.5800,1.199781
FILLER_57_191,VDD,Metal1,97.6800,230.5800,1.199893
FILLER_57_175,VDD,Metal1,90.2400,230.5800,1.199688
FILLER_57_171,VDD,Metal1,88.8110,231.1760,1.199688
FILLER_57_160,VDD,Metal1,83.0400,230.5800,1.199641
FILLER_57_156,VDD,Metal1,81.6110,231.1760,1.199641
FILLER_57_149,VDD,Metal1,78.9690,231.1780,1.199641
FILLER_57_145,VDD,Metal1,75.6000,230.5800,1.199641
FILLER_57_143,VDD,Metal1,74.8800,230.5800,1.199641
FILLER_57_105,VDD,Metal1,56.4000,230.5800,1.199642
FILLER_57_101,VDD,Metal1,55.2110,231.1760,1.199643
FILLER_57_89,VDD,Metal1,48.7200,230.5800,1.199672
FILLER_57_87,VDD,Metal1,48.0000,230.5800,1.199672
FILLER_57_80,VDD,Metal1,45.8490,231.1780,1.199672
FILLER_57_65,VDD,Metal1,37.4400,230.5800,1.199795
FILLER_57_51,VDD,Metal1,30.4800,230.5800,1.199892
FILLER_57_47,VDD,Metal1,29.2910,231.1760,1.199898
FILLER_57_40,VDD,Metal1,26.6490,231.1780,1.199917
FILLER_57_6,VDD,Metal1,8.8800,230.5800,1.199916
FILLER_57_4,VDD,Metal1,8.1600,230.5800,1.199916
FILLER_56_604,VDD,Metal1,296.6510,229.9830,1.199008
FILLER_56_597,VDD,Metal1,294.0090,229.9810,1.199018
FILLER_56_590,VDD,Metal1,290.6490,229.9810,1.199027
FILLER_56_572,VDD,Metal1,280.5600,230.5800,1.199240
FILLER_56_565,VDD,Metal1,278.6490,229.9810,1.199243
FILLER_56_558,VDD,Metal1,275.2890,229.9810,1.199259
FILLER_56_551,VDD,Metal1,271.9290,229.9810,1.199276
FILLER_56_544,VDD,Metal1,268.5690,229.9810,1.199292
FILLER_56_533,VDD,Metal1,261.8400,230.5800,1.199791
FILLER_56_526,VDD,Metal1,259.9290,229.9810,1.199792
FILLER_56_519,VDD,Metal1,256.5690,229.9810,1.199814
FILLER_56_514,VDD,Metal1,252.7200,230.5800,1.199867
FILLER_56_512,VDD,Metal1,252.0000,230.5800,1.199873
FILLER_56_505,VDD,Metal1,249.8490,229.9810,1.199880
FILLER_56_496,VDD,Metal1,244.8110,229.9830,1.199938
FILLER_56_489,VDD,Metal1,242.1690,229.9810,1.199936
FILLER_56_482,VDD,Metal1,238.8090,229.9810,1.199929
FILLER_56_477,VDD,Metal1,234.9600,230.5800,1.199923
FILLER_56_470,VDD,Metal1,233.0490,229.9810,1.199923
FILLER_56_463,VDD,Metal1,229.6890,229.9810,1.199902
FILLER_56_449,VDD,Metal1,222.2510,229.9830,1.199728
FILLER_56_443,VDD,Metal1,218.8800,230.5800,1.199713
FILLER_56_439,VDD,Metal1,217.4510,229.9830,1.199570
FILLER_56_421,VDD,Metal1,208.3200,230.5800,1.199416
FILLER_56_404,VDD,Metal1,199.9200,230.5800,1.199397
FILLER_56_400,VDD,Metal1,198.7310,229.9830,1.199392
FILLER_56_383,VDD,Metal1,189.8400,230.5800,1.199412
FILLER_56_374,VDD,Metal1,185.5200,230.5800,1.199413
FILLER_56_365,VDD,Metal1,181.4400,230.5800,1.199496
FILLER_56_356,VDD,Metal1,176.8800,230.5800,1.199499
FILLER_56_349,VDD,Metal1,174.9690,229.9810,1.199516
FILLER_56_308,VDD,Metal1,154.0800,230.5800,1.199159
FILLER_56_304,VDD,Metal1,152.6510,229.9830,1.199158
FILLER_56_297,VDD,Metal1,150.0090,229.9810,1.199158
FILLER_56_290,VDD,Metal1,146.6490,229.9810,1.199242
FILLER_56_283,VDD,Metal1,143.2890,229.9810,1.199244
FILLER_56_276,VDD,Metal1,139.9290,229.9810,1.199246
FILLER_56_269,VDD,Metal1,136.5690,229.9810,1.199251
FILLER_56_259,VDD,Metal1,130.3200,230.5800,1.199253
FILLER_56_255,VDD,Metal1,128.4000,230.5800,1.199253
FILLER_56_251,VDD,Metal1,127.2110,229.9830,1.199253
FILLER_56_237,VDD,Metal1,119.7600,230.5800,1.199297
FILLER_56_230,VDD,Metal1,117.8490,229.9810,1.199297
FILLER_56_223,VDD,Metal1,114.4890,229.9810,1.199299
FILLER_56_216,VDD,Metal1,111.1290,229.9810,1.199305
FILLER_56_209,VDD,Metal1,107.7690,229.9810,1.199366
FILLER_56_202,VDD,Metal1,104.4090,229.9810,1.199781
FILLER_56_189,VDD,Metal1,97.4510,229.9830,1.199893
FILLER_56_184,VDD,Metal1,94.3200,230.5800,1.199831
FILLER_56_177,VDD,Metal1,92.4090,229.9810,1.199731
FILLER_56_170,VDD,Metal1,89.0490,229.9810,1.199688
FILLER_56_163,VDD,Metal1,85.6890,229.9810,1.199669
FILLER_56_134,VDD,Metal1,71.0510,229.9830,1.199637
FILLER_56_128,VDD,Metal1,67.6800,230.5800,1.199641
FILLER_56_118,VDD,Metal1,62.6400,230.5800,1.199641
FILLER_56_90,VDD,Metal1,49.2000,230.5800,1.199670
FILLER_56_83,VDD,Metal1,47.2890,229.9810,1.199672
FILLER_56_76,VDD,Metal1,43.9290,229.9810,1.199721
FILLER_56_70,VDD,Metal1,39.6000,230.5800,1.199721
FILLER_56_66,VDD,Metal1,37.6800,230.5800,1.199795
FILLER_56_62,VDD,Metal1,36.4910,229.9830,1.199855
FILLER_56_55,VDD,Metal1,33.8490,229.9810,1.199859
FILLER_56_48,VDD,Metal1,30.4890,229.9810,1.199892
FILLER_56_41,VDD,Metal1,27.1290,229.9810,1.199898
FILLER_56_34,VDD,Metal1,23.7690,229.9810,1.199917
FILLER_56_27,VDD,Metal1,20.4090,229.9810,1.199930
FILLER_56_20,VDD,Metal1,17.0490,229.9810,1.199917
FILLER_56_14,VDD,Metal1,12.7200,230.5800,1.199917
FILLER_56_7,VDD,Metal1,10.8090,229.9810,1.199917
FILLER_56_0,VDD,Metal1,7.4490,229.9810,1.199916
FILLER_55_651,VDD,Metal1,318.4800,223.0200,1.199386
FILLER_55_625,VDD,Metal1,306.0000,223.0200,1.199441
FILLER_55_621,VDD,Metal1,304.8110,223.6160,1.199470
FILLER_55_616,VDD,Metal1,301.9200,223.0200,1.199481
FILLER_55_612,VDD,Metal1,300.4910,223.6160,1.199481
FILLER_55_605,VDD,Metal1,297.8490,223.6180,1.199481
FILLER_55_598,VDD,Metal1,294.4890,223.6180,1.199488
FILLER_55_591,VDD,Metal1,291.1290,223.6180,1.199494
FILLER_55_584,VDD,Metal1,287.7690,223.6180,1.199501
FILLER_55_569,VDD,Metal1,280.5690,223.6180,1.199520
FILLER_55_559,VDD,Metal1,274.5600,223.0200,1.199546
FILLER_55_552,VDD,Metal1,272.4090,223.6180,1.199606
FILLER_55_545,VDD,Metal1,269.0490,223.6180,1.199666
FILLER_55_525,VDD,Metal1,258.0000,223.0200,1.199804
FILLER_55_521,VDD,Metal1,256.8110,223.6160,1.199804
FILLER_55_512,VDD,Metal1,251.7600,223.0200,1.199880
FILLER_55_508,VDD,Metal1,250.5710,223.6160,1.199880
FILLER_55_501,VDD,Metal1,247.9290,223.6180,1.199888
FILLER_55_490,VDD,Metal1,241.2000,223.0200,1.199942
FILLER_55_486,VDD,Metal1,240.0110,223.6160,1.199922
FILLER_55_479,VDD,Metal1,237.3690,223.6180,1.199920
FILLER_55_472,VDD,Metal1,234.0090,223.6180,1.199915
FILLER_55_465,VDD,Metal1,230.6490,223.6180,1.199911
FILLER_55_447,VDD,Metal1,220.5600,223.0200,1.199901
FILLER_55_445,VDD,Metal1,219.8400,223.0200,1.199901
FILLER_55_438,VDD,Metal1,217.6890,223.6180,1.199901
FILLER_55_432,VDD,Metal1,213.3600,223.0200,1.199890
FILLER_55_428,VDD,Metal1,212.1710,223.6160,1.199890
FILLER_55_419,VDD,Metal1,207.1200,223.0200,1.199818
FILLER_55_415,VDD,Metal1,205.9310,223.6160,1.199818
FILLER_55_408,VDD,Metal1,203.2890,223.6180,1.199812
FILLER_55_401,VDD,Metal1,199.9290,223.6180,1.199812
FILLER_55_394,VDD,Metal1,196.5690,223.6180,1.199812
FILLER_55_387,VDD,Metal1,192.0000,223.0200,1.199810
FILLER_55_362,VDD,Metal1,181.2090,223.6180,1.199860
FILLER_55_355,VDD,Metal1,177.8490,223.6180,1.199875
FILLER_55_348,VDD,Metal1,174.4890,223.6180,1.199891
FILLER_55_341,VDD,Metal1,171.1290,223.6180,1.199907
FILLER_55_332,VDD,Metal1,166.0910,223.6160,1.199757
FILLER_55_320,VDD,Metal1,159.6000,223.0200,1.198357
FILLER_55_308,VDD,Metal1,154.0800,223.0200,1.198317
FILLER_55_301,VDD,Metal1,151.9290,223.6180,1.198317
FILLER_55_292,VDD,Metal1,146.4000,223.0200,1.198330
FILLER_55_280,VDD,Metal1,141.8490,223.6180,1.198330
FILLER_55_274,VDD,Metal1,137.5200,223.0200,1.198331
FILLER_55_267,VDD,Metal1,135.6090,223.6180,1.198331
FILLER_55_258,VDD,Metal1,129.8400,223.0200,1.198331
FILLER_55_217,VDD,Metal1,111.6090,223.6180,1.198928
FILLER_55_210,VDD,Metal1,108.2490,223.6180,1.199801
FILLER_55_199,VDD,Metal1,101.7600,223.0200,1.199801
FILLER_55_195,VDD,Metal1,100.3310,223.6160,1.199801
FILLER_55_174,VDD,Metal1,89.5200,223.0200,1.199786
FILLER_55_170,VDD,Metal1,88.3310,223.6160,1.199786
FILLER_55_129,VDD,Metal1,68.1600,223.0200,1.199748
FILLER_55_125,VDD,Metal1,66.7310,223.6160,1.199601
FILLER_55_113,VDD,Metal1,60.9710,223.6160,1.199570
FILLER_55_106,VDD,Metal1,58.3290,223.6180,1.199570
FILLER_55_101,VDD,Metal1,54.7200,223.0200,1.199570
FILLER_55_91,VDD,Metal1,49.6800,223.0200,1.199552
FILLER_55_89,VDD,Metal1,48.9600,223.0200,1.199552
FILLER_55_82,VDD,Metal1,46.8090,223.6180,1.199552
FILLER_55_75,VDD,Metal1,43.4490,223.6180,1.199553
FILLER_55_4,VDD,Metal1,8.1600,223.0200,1.199893
FILLER_54_637,VDD,Metal1,312.0000,223.0200,1.199398
FILLER_54_622,VDD,Metal1,304.5600,223.0200,1.199470
FILLER_54_618,VDD,Metal1,303.3710,222.4230,1.199471
FILLER_54_611,VDD,Metal1,300.7290,222.4210,1.199481
FILLER_54_604,VDD,Metal1,297.3690,222.4210,1.199488
FILLER_54_597,VDD,Metal1,294.0090,222.4210,1.199494
FILLER_54_590,VDD,Metal1,290.6490,222.4210,1.199501
FILLER_54_570,VDD,Metal1,279.8400,223.0200,1.199520
FILLER_54_563,VDD,Metal1,277.6890,222.4210,1.199520
FILLER_54_556,VDD,Metal1,274.3290,222.4210,1.199546
FILLER_54_549,VDD,Metal1,270.9690,222.4210,1.199606
FILLER_54_542,VDD,Metal1,267.6090,222.4210,1.199666
FILLER_54_535,VDD,Metal1,264.2490,222.4210,1.199672
FILLER_54_529,VDD,Metal1,259.9200,223.0200,1.199756
FILLER_54_527,VDD,Metal1,259.2000,223.0200,1.199756
FILLER_54_520,VDD,Metal1,255.8400,223.0200,1.199851
FILLER_54_513,VDD,Metal1,253.6890,222.4210,1.199854
FILLER_54_506,VDD,Metal1,250.3290,222.4210,1.199880
FILLER_54_490,VDD,Metal1,241.9310,222.4230,1.199942
FILLER_54_474,VDD,Metal1,234.9690,222.4210,1.199918
FILLER_54_467,VDD,Metal1,231.6090,222.4210,1.199914
FILLER_54_460,VDD,Metal1,228.2490,222.4210,1.199909
FILLER_54_455,VDD,Metal1,224.6400,223.0200,1.199906
FILLER_54_448,VDD,Metal1,222.4890,222.4210,1.199903
FILLER_54_441,VDD,Metal1,219.1290,222.4210,1.199901
FILLER_54_434,VDD,Metal1,215.7690,222.4210,1.199892
FILLER_54_427,VDD,Metal1,212.4090,222.4210,1.199890
FILLER_54_417,VDD,Metal1,206.1600,223.0200,1.199818
FILLER_54_415,VDD,Metal1,205.4400,223.0200,1.199818
FILLER_54_407,VDD,Metal1,202.0910,222.4230,1.199812
FILLER_54_400,VDD,Metal1,199.4490,222.4210,1.199812
FILLER_54_393,VDD,Metal1,196.0890,222.4210,1.199812
FILLER_54_386,VDD,Metal1,192.7290,222.4210,1.199810
FILLER_54_377,VDD,Metal1,186.9600,223.0200,1.199821
FILLER_54_375,VDD,Metal1,186.2400,223.0200,1.199821
FILLER_54_368,VDD,Metal1,182.6400,223.0200,1.199860
FILLER_54_366,VDD,Metal1,181.9200,223.0200,1.199860
FILLER_54_359,VDD,Metal1,179.7690,222.4210,1.199860
FILLER_54_352,VDD,Metal1,176.4090,222.4210,1.199875
FILLER_54_345,VDD,Metal1,173.0490,222.4210,1.199891
FILLER_54_338,VDD,Metal1,169.6890,222.4210,1.199907
FILLER_54_321,VDD,Metal1,161.5290,222.4210,1.199754
FILLER_54_255,VDD,Metal1,128.6400,223.0200,1.198354
FILLER_54_217,VDD,Metal1,110.4000,223.0200,1.198928
FILLER_54_213,VDD,Metal1,108.9710,222.4230,1.199801
FILLER_54_172,VDD,Metal1,89.2910,222.4230,1.199786
FILLER_54_165,VDD,Metal1,86.6490,222.4210,1.199784
FILLER_54_155,VDD,Metal1,80.4000,223.0200,1.199782
FILLER_54_148,VDD,Metal1,78.4890,222.4210,1.199782
FILLER_54_137,VDD,Metal1,71.7600,223.0200,1.199751
FILLER_54_135,VDD,Metal1,71.0400,223.0200,1.199751
FILLER_54_126,VDD,Metal1,66.4800,223.0200,1.199601
FILLER_54_124,VDD,Metal1,65.7600,223.0200,1.199588
FILLER_54_112,VDD,Metal1,60.4910,222.4230,1.199570
FILLER_54_72,VDD,Metal1,40.5600,223.0200,1.199563
FILLER_54_65,VDD,Metal1,38.6490,222.4210,1.199563
FILLER_54_57,VDD,Metal1,33.3600,223.0200,1.199576
FILLER_54_55,VDD,Metal1,32.6400,223.0200,1.199576
FILLER_54_48,VDD,Metal1,30.4890,222.4210,1.199576
FILLER_54_38,VDD,Metal1,24.2400,223.0200,1.199622
FILLER_54_36,VDD,Metal1,23.5200,223.0200,1.199622
FILLER_54_23,VDD,Metal1,17.7710,222.4230,1.199932
FILLER_54_8,VDD,Metal1,9.8400,223.0200,1.199897
FILLER_54_4,VDD,Metal1,8.6510,222.4230,1.199893
FILLER_53_624,VDD,Metal1,305.5200,215.4600,1.197843
FILLER_53_613,VDD,Metal1,300.4800,215.4600,1.197878
FILLER_53_606,VDD,Metal1,298.3290,216.0580,1.197878
FILLER_53_599,VDD,Metal1,294.9690,216.0580,1.198058
FILLER_53_592,VDD,Metal1,291.6090,216.0580,1.198113
FILLER_53_585,VDD,Metal1,288.2490,216.0580,1.198168
FILLER_53_578,VDD,Metal1,284.8890,216.0580,1.198305
FILLER_53_571,VDD,Metal1,281.5290,216.0580,1.198354
FILLER_53_564,VDD,Metal1,278.1690,216.0580,1.198617
FILLER_53_557,VDD,Metal1,274.8090,216.0580,1.198635
FILLER_53_550,VDD,Metal1,271.4490,216.0580,1.198652
FILLER_53_543,VDD,Metal1,268.0890,216.0580,1.198671
FILLER_53_537,VDD,Metal1,263.7600,215.4600,1.198814
FILLER_53_535,VDD,Metal1,263.0400,215.4600,1.198814
FILLER_53_528,VDD,Metal1,260.8890,216.0580,1.198865
FILLER_53_521,VDD,Metal1,257.5290,216.0580,1.199646
FILLER_53_514,VDD,Metal1,254.1690,216.0580,1.199679
FILLER_53_507,VDD,Metal1,250.8090,216.0580,1.199809
FILLER_53_500,VDD,Metal1,247.4490,216.0580,1.199938
FILLER_53_481,VDD,Metal1,236.8800,215.4600,1.199897
FILLER_53_472,VDD,Metal1,232.5600,215.4600,1.199895
FILLER_53_470,VDD,Metal1,231.8400,215.4600,1.199895
FILLER_53_451,VDD,Metal1,223.2110,216.0560,1.199854
FILLER_53_444,VDD,Metal1,220.5690,216.0580,1.199854
FILLER_53_437,VDD,Metal1,217.2090,216.0580,1.199834
FILLER_53_430,VDD,Metal1,213.8490,216.0580,1.199831
FILLER_53_423,VDD,Metal1,210.4890,216.0580,1.199828
FILLER_53_417,VDD,Metal1,206.4000,215.4600,1.199828
FILLER_53_413,VDD,Metal1,204.9710,216.0560,1.199816
FILLER_53_406,VDD,Metal1,202.3290,216.0580,1.199814
FILLER_53_399,VDD,Metal1,198.9690,216.0580,1.199812
FILLER_53_391,VDD,Metal1,193.6800,215.4600,1.199814
FILLER_53_387,VDD,Metal1,192.4910,216.0560,1.199817
FILLER_53_380,VDD,Metal1,189.8490,216.0580,1.199818
FILLER_53_373,VDD,Metal1,186.4890,216.0580,1.199818
FILLER_53_366,VDD,Metal1,183.1290,216.0580,1.199822
FILLER_53_347,VDD,Metal1,174.0090,216.0580,1.199935
FILLER_53_343,VDD,Metal1,170.6400,215.4600,1.199962
FILLER_53_341,VDD,Metal1,169.9200,215.4600,1.199958
FILLER_53_334,VDD,Metal1,167.7690,216.0580,1.199955
FILLER_53_327,VDD,Metal1,164.4090,216.0580,1.199893
FILLER_53_320,VDD,Metal1,161.0490,216.0580,1.199885
FILLER_53_313,VDD,Metal1,157.6890,216.0580,1.199881
FILLER_53_302,VDD,Metal1,151.2000,215.4600,1.199851
FILLER_53_286,VDD,Metal1,143.5200,215.4600,1.199643
FILLER_53_282,VDD,Metal1,142.0910,216.0560,1.199583
FILLER_53_250,VDD,Metal1,126.0000,215.4600,1.199901
FILLER_53_248,VDD,Metal1,125.2800,215.4600,1.199901
FILLER_53_217,VDD,Metal1,110.1600,215.4600,1.199905
FILLER_53_215,VDD,Metal1,109.4400,215.4600,1.199915
FILLER_53_208,VDD,Metal1,107.2890,216.0580,1.199920
FILLER_53_180,VDD,Metal1,92.4000,215.4600,1.199923
FILLER_53_178,VDD,Metal1,91.6800,215.4600,1.199923
FILLER_53_171,VDD,Metal1,89.5290,216.0580,1.199921
FILLER_53_166,VDD,Metal1,85.6800,215.4600,1.199463
FILLER_53_162,VDD,Metal1,84.4910,216.0560,1.199463
FILLER_53_153,VDD,Metal1,79.4400,215.4600,1.199463
FILLER_53_149,VDD,Metal1,78.2510,216.0560,1.199463
FILLER_53_142,VDD,Metal1,75.6090,216.0580,1.199464
FILLER_53_135,VDD,Metal1,71.0400,215.4600,1.199471
FILLER_53_128,VDD,Metal1,68.8890,216.0580,1.199474
FILLER_53_121,VDD,Metal1,65.5290,216.0580,1.199621
FILLER_53_114,VDD,Metal1,62.1690,216.0580,1.199626
FILLER_53_104,VDD,Metal1,55.9200,215.4600,1.199737
FILLER_53_102,VDD,Metal1,55.2000,215.4600,1.199737
FILLER_53_95,VDD,Metal1,53.0490,216.0580,1.199738
FILLER_53_89,VDD,Metal1,48.7200,215.4600,1.199773
FILLER_53_82,VDD,Metal1,46.8090,216.0580,1.199773
FILLER_53_75,VDD,Metal1,43.4490,216.0580,1.199779
FILLER_53_68,VDD,Metal1,40.0890,216.0580,1.199801
FILLER_53_51,VDD,Metal1,30.4800,215.4600,1.199913
FILLER_53_44,VDD,Metal1,28.5690,216.0580,1.199915
FILLER_53_37,VDD,Metal1,25.2090,216.0580,1.199919
FILLER_53_24,VDD,Metal1,18.2510,216.0560,1.199938
FILLER_53_7,VDD,Metal1,10.8090,216.0580,1.199937
FILLER_53_0,VDD,Metal1,7.4490,216.0580,1.199937
FILLER_52_644,VDD,Metal1,315.8510,214.8630,1.197843
FILLER_52_637,VDD,Metal1,313.2090,214.8610,1.197843
FILLER_52_630,VDD,Metal1,309.8490,214.8610,1.197843
FILLER_52_623,VDD,Metal1,305.7710,214.8630,1.197843
FILLER_52_595,VDD,Metal1,293.0490,214.8610,1.198113
FILLER_52_588,VDD,Metal1,289.6890,214.8610,1.198168
FILLER_52_575,VDD,Metal1,282.0000,215.4600,1.198318
FILLER_52_571,VDD,Metal1,280.8110,214.8630,1.198354
FILLER_52_564,VDD,Metal1,278.1690,214.8610,1.198617
FILLER_52_557,VDD,Metal1,274.8090,214.8610,1.198635
FILLER_52_550,VDD,Metal1,271.4490,214.8610,1.198652
FILLER_52_540,VDD,Metal1,265.2000,215.4600,1.198711
FILLER_52_538,VDD,Metal1,264.4800,215.4600,1.198711
FILLER_52_532,VDD,Metal1,261.3600,215.4600,1.198838
FILLER_52_526,VDD,Metal1,258.4800,215.4600,1.199646
FILLER_52_524,VDD,Metal1,257.7600,215.4600,1.199646
FILLER_52_518,VDD,Metal1,254.8800,215.4600,1.199679
FILLER_52_511,VDD,Metal1,252.7290,214.8610,1.199679
FILLER_52_504,VDD,Metal1,249.3690,214.8610,1.199809
FILLER_52_497,VDD,Metal1,246.0090,214.8610,1.199938
FILLER_52_490,VDD,Metal1,242.6490,214.8610,1.199935
FILLER_52_484,VDD,Metal1,238.5600,215.4600,1.199898
FILLER_52_477,VDD,Metal1,236.4090,214.8610,1.199897
FILLER_52_470,VDD,Metal1,233.0490,214.8610,1.199895
FILLER_52_463,VDD,Metal1,229.6890,214.8610,1.199866
FILLER_52_457,VDD,Metal1,225.6000,215.4600,1.199856
FILLER_52_450,VDD,Metal1,223.4490,214.8610,1.199854
FILLER_52_439,VDD,Metal1,216.7200,215.4600,1.199834
FILLER_52_437,VDD,Metal1,216.0000,215.4600,1.199834
FILLER_52_430,VDD,Metal1,213.8490,214.8610,1.199831
FILLER_52_426,VDD,Metal1,210.4800,215.4600,1.199828
FILLER_52_424,VDD,Metal1,209.7600,215.4600,1.199828
FILLER_52_417,VDD,Metal1,207.6090,214.8610,1.199828
FILLER_52_410,VDD,Metal1,204.2490,214.8610,1.199816
FILLER_52_403,VDD,Metal1,200.8890,214.8610,1.199814
FILLER_52_396,VDD,Metal1,196.3200,215.4600,1.199813
FILLER_52_392,VDD,Metal1,194.8910,214.8630,1.199813
FILLER_52_385,VDD,Metal1,191.0400,215.4600,1.199818
FILLER_52_381,VDD,Metal1,189.6110,214.8630,1.199818
FILLER_52_365,VDD,Metal1,181.2000,215.4600,1.199878
FILLER_52_358,VDD,Metal1,179.2890,214.8610,1.199891
FILLER_52_351,VDD,Metal1,175.9290,214.8610,1.199894
FILLER_52_344,VDD,Metal1,172.5690,214.8610,1.199935
FILLER_52_338,VDD,Metal1,168.2400,215.4600,1.199955
FILLER_52_328,VDD,Metal1,163.6800,215.4600,1.199893
FILLER_52_321,VDD,Metal1,161.5290,214.8610,1.199893
FILLER_52_314,VDD,Metal1,158.1690,214.8610,1.199885
FILLER_52_297,VDD,Metal1,148.5600,215.4600,1.199733
FILLER_52_293,VDD,Metal1,147.3710,214.8630,1.199733
FILLER_52_286,VDD,Metal1,144.7290,214.8610,1.199643
FILLER_52_279,VDD,Metal1,141.3690,214.8610,1.199583
FILLER_52_272,VDD,Metal1,138.0090,214.8610,1.199582
FILLER_52_265,VDD,Metal1,134.6490,214.8610,1.199590
FILLER_52_258,VDD,Metal1,131.2890,214.8610,1.199593
FILLER_52_251,VDD,Metal1,127.9290,214.8610,1.199595
FILLER_52_244,VDD,Metal1,124.5690,214.8610,1.199901
FILLER_52_237,VDD,Metal1,121.2090,214.8610,1.199902
FILLER_52_230,VDD,Metal1,117.8490,214.8610,1.199902
FILLER_52_223,VDD,Metal1,114.4890,214.8610,1.199903
FILLER_52_216,VDD,Metal1,111.1290,214.8610,1.199905
FILLER_52_209,VDD,Metal1,107.7690,214.8610,1.199917
FILLER_52_202,VDD,Metal1,104.4090,214.8610,1.199920
FILLER_52_195,VDD,Metal1,101.0490,214.8610,1.199922
FILLER_52_188,VDD,Metal1,97.6890,214.8610,1.199923
FILLER_52_174,VDD,Metal1,89.5200,215.4600,1.199921
FILLER_52_170,VDD,Metal1,88.3310,214.8630,1.199919
FILLER_52_132,VDD,Metal1,69.3600,215.4600,1.199474
FILLER_52_128,VDD,Metal1,68.1710,214.8630,1.199474
FILLER_52_119,VDD,Metal1,63.1200,215.4600,1.199626
FILLER_52_117,VDD,Metal1,62.4000,215.4600,1.199626
FILLER_52_110,VDD,Metal1,60.2490,214.8610,1.199647
FILLER_52_103,VDD,Metal1,55.4400,215.4600,1.199737
FILLER_52_101,VDD,Metal1,54.7200,215.4600,1.199737
FILLER_52_94,VDD,Metal1,52.5690,214.8610,1.199739
FILLER_52_87,VDD,Metal1,49.2090,214.8610,1.199771
FILLER_52_80,VDD,Metal1,45.8490,214.8610,1.199777
FILLER_52_71,VDD,Metal1,40.3200,215.4600,1.199801
FILLER_52_67,VDD,Metal1,38.8910,214.8630,1.199802
FILLER_52_49,VDD,Metal1,29.5200,215.4600,1.199915
FILLER_52_45,VDD,Metal1,28.3310,214.8630,1.199915
FILLER_52_38,VDD,Metal1,25.6890,214.8610,1.199915
FILLER_52_7,VDD,Metal1,9.3600,215.4600,1.199937
FILLER_52_0,VDD,Metal1,7.4490,214.8610,1.199937
FILLER_51_651,VDD,Metal1,318.4800,207.9000,1.186660
FILLER_51_649,VDD,Metal1,317.7600,207.9000,1.186660
FILLER_51_642,VDD,Metal1,315.6090,208.4980,1.186660
FILLER_51_635,VDD,Metal1,312.2490,208.4980,1.186660
FILLER_51_628,VDD,Metal1,308.8890,208.4980,1.186660
FILLER_51_605,VDD,Metal1,296.4000,207.9000,1.186680
FILLER_51_598,VDD,Metal1,294.4890,208.4980,1.186712
FILLER_51_591,VDD,Metal1,291.1290,208.4980,1.186743
FILLER_51_584,VDD,Metal1,287.7690,208.4980,1.186775
FILLER_51_547,VDD,Metal1,268.5600,207.9000,1.190958
FILLER_51_524,VDD,Metal1,258.9690,208.4980,1.199474
FILLER_51_512,VDD,Metal1,252.4910,208.4960,1.199681
FILLER_51_505,VDD,Metal1,249.8490,208.4980,1.199708
FILLER_51_498,VDD,Metal1,246.4890,208.4980,1.199832
FILLER_51_491,VDD,Metal1,243.1290,208.4980,1.199783
FILLER_51_484,VDD,Metal1,239.7690,208.4980,1.199773
FILLER_51_473,VDD,Metal1,233.2800,207.9000,1.199739
FILLER_51_463,VDD,Metal1,228.9710,208.4960,1.199737
FILLER_51_456,VDD,Metal1,226.3290,208.4980,1.199737
FILLER_51_449,VDD,Metal1,222.9690,208.4980,1.199737
FILLER_51_436,VDD,Metal1,215.2800,207.9000,1.199735
FILLER_51_432,VDD,Metal1,214.0910,208.4960,1.199735
FILLER_51_410,VDD,Metal1,202.8000,207.9000,1.199744
FILLER_51_408,VDD,Metal1,202.0800,207.9000,1.199744
FILLER_51_401,VDD,Metal1,198.4800,207.9000,1.199744
FILLER_51_391,VDD,Metal1,193.9200,207.9000,1.199770
FILLER_51_384,VDD,Metal1,191.7690,208.4980,1.199784
FILLER_51_377,VDD,Metal1,188.4090,208.4980,1.199815
FILLER_51_357,VDD,Metal1,177.3600,207.9000,1.199871
FILLER_51_353,VDD,Metal1,176.1710,208.4960,1.199903
FILLER_51_346,VDD,Metal1,173.5290,208.4980,1.199915
FILLER_51_321,VDD,Metal1,160.0800,207.9000,1.199638
FILLER_51_319,VDD,Metal1,159.3600,207.9000,1.199635
FILLER_51_312,VDD,Metal1,157.2090,208.4980,1.199634
FILLER_51_305,VDD,Metal1,153.8490,208.4980,1.199632
FILLER_51_298,VDD,Metal1,150.4890,208.4980,1.199630
FILLER_51_291,VDD,Metal1,147.1290,208.4980,1.199627
FILLER_51_284,VDD,Metal1,143.7690,208.4980,1.199618
FILLER_51_277,VDD,Metal1,140.4090,208.4980,1.199617
FILLER_51_270,VDD,Metal1,137.0490,208.4980,1.199616
FILLER_51_263,VDD,Metal1,133.6890,208.4980,1.199613
FILLER_51_256,VDD,Metal1,130.3290,208.4980,1.199613
FILLER_51_249,VDD,Metal1,126.9690,208.4980,1.199625
FILLER_51_242,VDD,Metal1,123.6090,208.4980,1.199630
FILLER_51_235,VDD,Metal1,120.2490,208.4980,1.199632
FILLER_51_228,VDD,Metal1,116.8890,208.4980,1.199638
FILLER_51_221,VDD,Metal1,113.5290,208.4980,1.199644
FILLER_51_214,VDD,Metal1,110.1690,208.4980,1.199651
FILLER_51_204,VDD,Metal1,103.9200,207.9000,1.199653
FILLER_51_200,VDD,Metal1,102.7310,208.4960,1.199654
FILLER_51_189,VDD,Metal1,96.7200,207.9000,1.199654
FILLER_51_183,VDD,Metal1,94.0800,207.9000,1.199948
FILLER_51_176,VDD,Metal1,91.9290,208.4980,1.199948
FILLER_51_169,VDD,Metal1,87.1200,207.9000,1.199942
FILLER_51_162,VDD,Metal1,85.2090,208.4980,1.199893
FILLER_51_152,VDD,Metal1,78.9600,207.9000,1.199883
FILLER_51_148,VDD,Metal1,77.7710,208.4960,1.199855
FILLER_51_139,VDD,Metal1,72.9600,207.9000,1.199817
FILLER_51_135,VDD,Metal1,71.5310,208.4960,1.199752
FILLER_51_128,VDD,Metal1,68.8890,208.4980,1.199390
FILLER_51_121,VDD,Metal1,65.5290,208.4980,1.199388
FILLER_51_93,VDD,Metal1,50.6400,207.9000,1.199380
FILLER_51_89,VDD,Metal1,49.4510,208.4960,1.199393
FILLER_51_82,VDD,Metal1,46.8090,208.4980,1.199393
FILLER_51_75,VDD,Metal1,43.4490,208.4980,1.199421
FILLER_51_68,VDD,Metal1,40.0890,208.4980,1.199449
FILLER_51_41,VDD,Metal1,25.6800,207.9000,1.199921
FILLER_51_37,VDD,Metal1,24.4910,208.4960,1.199921
FILLER_51_2,VDD,Metal1,6.9600,207.9000,1.199916
FILLER_51_0,VDD,Metal1,6.2400,207.9000,1.199916
FILLER_50_651,VDD,Metal1,318.4800,207.9000,1.186660
FILLER_50_647,VDD,Metal1,317.2910,207.3030,1.186660
FILLER_50_640,VDD,Metal1,314.6490,207.3010,1.186660
FILLER_50_633,VDD,Metal1,311.2890,207.3010,1.186660
FILLER_50_626,VDD,Metal1,307.9290,207.3010,1.186660
FILLER_50_609,VDD,Metal1,298.3200,207.9000,1.186679
FILLER_50_602,VDD,Metal1,296.4090,207.3010,1.186680
FILLER_50_595,VDD,Metal1,293.0490,207.3010,1.186712
FILLER_50_588,VDD,Metal1,289.6890,207.3010,1.186743
FILLER_50_568,VDD,Metal1,278.8800,207.9000,1.188619
FILLER_50_564,VDD,Metal1,277.4510,207.3030,1.189515
FILLER_50_551,VDD,Metal1,271.2110,207.3030,1.189565
FILLER_50_544,VDD,Metal1,268.5690,207.3010,1.190958
FILLER_50_537,VDD,Metal1,265.2090,207.3010,1.199311
FILLER_50_530,VDD,Metal1,261.8490,207.3010,1.199474
FILLER_50_523,VDD,Metal1,258.4890,207.3010,1.199483
FILLER_50_516,VDD,Metal1,255.1290,207.3010,1.199597
FILLER_50_511,VDD,Metal1,251.2800,207.9000,1.199708
FILLER_50_509,VDD,Metal1,250.5600,207.9000,1.199708
FILLER_50_502,VDD,Metal1,248.4090,207.3010,1.199708
FILLER_50_495,VDD,Metal1,245.0490,207.3010,1.199832
FILLER_50_462,VDD,Metal1,229.2090,207.3010,1.199737
FILLER_50_455,VDD,Metal1,225.8490,207.3010,1.199737
FILLER_50_448,VDD,Metal1,222.4890,207.3010,1.199737
FILLER_50_441,VDD,Metal1,219.1290,207.3010,1.199736
FILLER_50_434,VDD,Metal1,215.7690,207.3010,1.199735
FILLER_50_427,VDD,Metal1,212.4090,207.3010,1.199735
FILLER_50_420,VDD,Metal1,209.0490,207.3010,1.199743
FILLER_50_413,VDD,Metal1,205.6890,207.3010,1.199744
FILLER_50_406,VDD,Metal1,202.3290,207.3010,1.199744
FILLER_50_399,VDD,Metal1,198.9690,207.3010,1.199744
FILLER_50_392,VDD,Metal1,195.6090,207.3010,1.199760
FILLER_50_387,VDD,Metal1,191.7600,207.9000,1.199784
FILLER_50_380,VDD,Metal1,189.8490,207.3010,1.199815
FILLER_50_373,VDD,Metal1,186.4890,207.3010,1.199846
FILLER_50_366,VDD,Metal1,183.1290,207.3010,1.199847
FILLER_50_359,VDD,Metal1,179.7690,207.3010,1.199852
FILLER_50_342,VDD,Metal1,170.8910,207.3030,1.199959
FILLER_50_335,VDD,Metal1,168.2490,207.3010,1.199662
FILLER_50_328,VDD,Metal1,164.8890,207.3010,1.199638
FILLER_50_321,VDD,Metal1,161.5290,207.3010,1.199638
FILLER_50_314,VDD,Metal1,158.1690,207.3010,1.199635
FILLER_50_307,VDD,Metal1,154.8090,207.3010,1.199633
FILLER_50_300,VDD,Metal1,151.4490,207.3010,1.199631
FILLER_50_293,VDD,Metal1,148.0890,207.3010,1.199629
FILLER_50_287,VDD,Metal1,143.7600,207.9000,1.199618
FILLER_50_277,VDD,Metal1,139.2000,207.9000,1.199617
FILLER_50_266,VDD,Metal1,133.9200,207.9000,1.199613
FILLER_50_234,VDD,Metal1,118.3200,207.9000,1.199638
FILLER_50_230,VDD,Metal1,117.1310,207.3030,1.199638
FILLER_50_223,VDD,Metal1,114.4890,207.3010,1.199641
FILLER_50_216,VDD,Metal1,111.1290,207.3010,1.199647
FILLER_50_173,VDD,Metal1,89.0400,207.9000,1.199944
FILLER_50_166,VDD,Metal1,87.1290,207.3010,1.199942
FILLER_50_159,VDD,Metal1,83.7690,207.3010,1.199893
FILLER_50_152,VDD,Metal1,80.4090,207.3010,1.199883
FILLER_50_122,VDD,Metal1,64.5600,207.9000,1.199388
FILLER_50_120,VDD,Metal1,63.8400,207.9000,1.199372
FILLER_50_110,VDD,Metal1,58.8000,207.9000,1.199371
FILLER_50_106,VDD,Metal1,57.6110,207.3030,1.199371
FILLER_50_92,VDD,Metal1,50.1600,207.9000,1.199393
FILLER_50_85,VDD,Metal1,48.2490,207.3010,1.199393
FILLER_50_78,VDD,Metal1,44.8890,207.3010,1.199421
FILLER_50_71,VDD,Metal1,41.5290,207.3010,1.199449
FILLER_50_64,VDD,Metal1,38.1690,207.3010,1.199477
FILLER_50_50,VDD,Metal1,30.2400,207.9000,1.199859
FILLER_50_43,VDD,Metal1,28.0890,207.3010,1.199911
FILLER_50_36,VDD,Metal1,24.7290,207.3010,1.199921
FILLER_50_23,VDD,Metal1,17.7710,207.3030,1.199938
FILLER_50_11,VDD,Metal1,11.5200,207.9000,1.199938
FILLER_50_4,VDD,Metal1,9.3690,207.3010,1.199918
FILLER_49_612,VDD,Metal1,299.7600,200.3400,1.197361
FILLER_49_605,VDD,Metal1,297.8490,200.9380,1.197426
FILLER_49_598,VDD,Metal1,294.4890,200.9380,1.197492
FILLER_49_576,VDD,Metal1,282.4800,200.3400,1.197784
FILLER_49_574,VDD,Metal1,281.7600,200.3400,1.197784
FILLER_49_567,VDD,Metal1,279.6090,200.9380,1.197787
FILLER_49_560,VDD,Metal1,276.2490,200.9380,1.197804
FILLER_49_553,VDD,Metal1,272.8890,200.9380,1.197821
FILLER_49_543,VDD,Metal1,266.6400,200.3400,1.198390
FILLER_49_536,VDD,Metal1,264.7290,200.9380,1.198394
FILLER_49_529,VDD,Metal1,261.3690,200.9380,1.198415
FILLER_49_522,VDD,Metal1,258.0090,200.9380,1.199180
FILLER_49_505,VDD,Metal1,248.6400,200.3400,1.199930
FILLER_49_498,VDD,Metal1,246.4890,200.9380,1.199943
FILLER_49_491,VDD,Metal1,243.1290,200.9380,1.199756
FILLER_49_484,VDD,Metal1,239.7690,200.9380,1.199429
FILLER_49_463,VDD,Metal1,228.2400,200.3400,1.198896
FILLER_49_461,VDD,Metal1,227.5200,200.3400,1.198894
FILLER_49_454,VDD,Metal1,225.3690,200.9380,1.198893
FILLER_49_447,VDD,Metal1,222.0090,200.9380,1.198891
FILLER_49_440,VDD,Metal1,218.6490,200.9380,1.198890
FILLER_49_433,VDD,Metal1,215.2890,200.9380,1.198854
FILLER_49_428,VDD,Metal1,211.4400,200.3400,1.198851
FILLER_49_424,VDD,Metal1,210.2510,200.9360,1.198852
FILLER_49_417,VDD,Metal1,207.6090,200.9380,1.198869
FILLER_49_410,VDD,Metal1,204.2490,200.9380,1.198873
FILLER_49_398,VDD,Metal1,198.4890,200.9380,1.199377
FILLER_49_391,VDD,Metal1,195.1290,200.9380,1.199383
FILLER_49_380,VDD,Metal1,189.8490,200.9380,1.199422
FILLER_49_373,VDD,Metal1,186.4890,200.9380,1.199454
FILLER_49_367,VDD,Metal1,182.1600,200.3400,1.199473
FILLER_49_365,VDD,Metal1,181.4400,200.3400,1.199512
FILLER_49_348,VDD,Metal1,173.0400,200.3400,1.199917
FILLER_49_341,VDD,Metal1,171.1290,200.9380,1.199925
FILLER_49_334,VDD,Metal1,167.7690,200.9380,1.199911
FILLER_49_226,VDD,Metal1,114.4800,200.3400,1.199657
FILLER_49_149,VDD,Metal1,77.7600,200.3400,1.199823
FILLER_49_117,VDD,Metal1,62.4000,200.3400,1.199812
FILLER_49_110,VDD,Metal1,60.2490,200.9380,1.199812
FILLER_49_103,VDD,Metal1,56.8890,200.9380,1.199812
FILLER_49_96,VDD,Metal1,53.5290,200.9380,1.199813
FILLER_49_89,VDD,Metal1,50.1690,200.9380,1.199820
FILLER_49_82,VDD,Metal1,46.8090,200.9380,1.199844
FILLER_49_75,VDD,Metal1,43.4490,200.9380,1.199846
FILLER_49_56,VDD,Metal1,32.8800,200.3400,1.199963
FILLER_49_49,VDD,Metal1,30.9690,200.9380,1.199964
FILLER_49_42,VDD,Metal1,27.6090,200.9380,1.199971
FILLER_49_35,VDD,Metal1,24.2490,200.9380,1.199972
FILLER_49_28,VDD,Metal1,20.8890,200.9380,1.199975
FILLER_49_21,VDD,Metal1,17.5290,200.9380,1.199978
FILLER_49_14,VDD,Metal1,14.1690,200.9380,1.199978
FILLER_49_7,VDD,Metal1,10.8090,200.9380,1.199978
FILLER_49_0,VDD,Metal1,7.4490,200.9380,1.199978
FILLER_48_639,VDD,Metal1,312.7200,200.3400,1.195444
FILLER_48_637,VDD,Metal1,312.0000,200.3400,1.195444
FILLER_48_627,VDD,Metal1,306.9600,200.3400,1.195444
FILLER_48_616,VDD,Metal1,301.9200,200.3400,1.197355
FILLER_48_609,VDD,Metal1,299.7690,199.7410,1.197361
FILLER_48_602,VDD,Metal1,296.4090,199.7410,1.197426
FILLER_48_595,VDD,Metal1,293.0490,199.7410,1.197492
FILLER_48_589,VDD,Metal1,288.7200,200.3400,1.197738
FILLER_48_574,VDD,Metal1,281.5200,200.3400,1.197784
FILLER_48_572,VDD,Metal1,280.8000,200.3400,1.197788
FILLER_48_565,VDD,Metal1,278.6490,199.7410,1.197798
FILLER_48_558,VDD,Metal1,275.2890,199.7410,1.197815
FILLER_48_529,VDD,Metal1,261.3690,199.7410,1.198415
FILLER_48_506,VDD,Metal1,248.8800,200.3400,1.199930
FILLER_48_499,VDD,Metal1,246.9690,199.7410,1.199934
FILLER_48_491,VDD,Metal1,241.9200,200.3400,1.199756
FILLER_48_487,VDD,Metal1,240.4910,199.7430,1.199429
FILLER_48_462,VDD,Metal1,228.4910,199.7430,1.198896
FILLER_48_455,VDD,Metal1,225.8490,199.7410,1.198893
FILLER_48_433,VDD,Metal1,213.8400,200.3400,1.198854
FILLER_48_424,VDD,Metal1,209.7600,200.3400,1.198852
FILLER_48_420,VDD,Metal1,208.3310,199.7430,1.198869
FILLER_48_402,VDD,Metal1,199.2000,200.3400,1.199377
FILLER_48_392,VDD,Metal1,194.1600,200.3400,1.199383
FILLER_48_390,VDD,Metal1,193.4400,200.3400,1.199393
FILLER_48_383,VDD,Metal1,191.2890,199.7410,1.199422
FILLER_48_376,VDD,Metal1,187.9290,199.7410,1.199454
FILLER_48_364,VDD,Metal1,180.7200,200.3400,1.199512
FILLER_48_357,VDD,Metal1,178.8090,199.7410,1.199545
FILLER_48_350,VDD,Metal1,175.4490,199.7410,1.199558
FILLER_48_343,VDD,Metal1,172.0890,199.7410,1.199917
FILLER_48_336,VDD,Metal1,168.7290,199.7410,1.199930
FILLER_48_329,VDD,Metal1,165.3690,199.7410,1.199901
FILLER_48_314,VDD,Metal1,156.7200,200.3400,1.199899
FILLER_48_312,VDD,Metal1,156.0000,200.3400,1.199884
FILLER_48_301,VDD,Metal1,150.4800,200.3400,1.199845
FILLER_48_297,VDD,Metal1,149.2910,199.7430,1.199813
FILLER_48_286,VDD,Metal1,143.5200,200.3400,1.199807
FILLER_48_282,VDD,Metal1,142.0910,199.7430,1.199807
FILLER_48_267,VDD,Metal1,134.1600,200.3400,1.199628
FILLER_48_265,VDD,Metal1,133.4400,200.3400,1.199628
FILLER_48_234,VDD,Metal1,118.3200,200.3400,1.199657
FILLER_48_230,VDD,Metal1,117.1310,199.7430,1.199657
FILLER_48_223,VDD,Metal1,114.4890,199.7410,1.199657
FILLER_48_207,VDD,Metal1,106.8090,199.7410,1.199657
FILLER_48_192,VDD,Metal1,98.4000,200.3400,1.199835
FILLER_48_184,VDD,Metal1,95.0510,199.7430,1.199919
FILLER_48_178,VDD,Metal1,91.6800,200.3400,1.199843
FILLER_48_166,VDD,Metal1,87.1290,199.7410,1.199843
FILLER_48_159,VDD,Metal1,83.7690,199.7410,1.199840
FILLER_48_152,VDD,Metal1,80.4090,199.7410,1.199826
FILLER_48_145,VDD,Metal1,77.0490,199.7410,1.199823
FILLER_48_138,VDD,Metal1,73.6890,199.7410,1.199817
FILLER_48_131,VDD,Metal1,70.3290,199.7410,1.199817
FILLER_48_124,VDD,Metal1,66.9690,199.7410,1.199817
FILLER_48_93,VDD,Metal1,50.6400,200.3400,1.199820
FILLER_48_89,VDD,Metal1,49.4510,199.7430,1.199820
FILLER_48_81,VDD,Metal1,44.8800,200.3400,1.199846
FILLER_48_79,VDD,Metal1,44.1600,200.3400,1.199846
FILLER_48_73,VDD,Metal1,41.0400,200.3400,1.199852
FILLER_48_66,VDD,Metal1,39.1290,199.7410,1.199883
FILLER_48_60,VDD,Metal1,34.8000,200.3400,1.199962
FILLER_48_58,VDD,Metal1,34.0800,200.3400,1.199963
FILLER_48_37,VDD,Metal1,24.0000,200.3400,1.199972
FILLER_48_23,VDD,Metal1,17.2800,200.3400,1.199978
FILLER_48_16,VDD,Metal1,14.4110,199.7430,1.199978
FILLER_48_11,VDD,Metal1,11.5200,200.3400,1.199978
FILLER_48_7,VDD,Metal1,10.0910,199.7430,1.199978
FILLER_48_0,VDD,Metal1,7.4490,199.7410,1.199978
FILLER_47_641,VDD,Metal1,315.1290,193.3780,1.199340
FILLER_47_625,VDD,Metal1,306.7310,193.3760,1.199358
FILLER_47_618,VDD,Metal1,304.0890,193.3780,1.199361
FILLER_47_611,VDD,Metal1,300.7290,193.3780,1.199361
FILLER_47_604,VDD,Metal1,297.3690,193.3780,1.199364
FILLER_47_597,VDD,Metal1,294.0090,193.3780,1.199367
FILLER_47_590,VDD,Metal1,290.6490,193.3780,1.199370
FILLER_47_583,VDD,Metal1,287.2890,193.3780,1.199413
FILLER_47_576,VDD,Metal1,283.9290,193.3780,1.199415
FILLER_47_569,VDD,Metal1,280.5690,193.3780,1.199465
FILLER_47_563,VDD,Metal1,276.4800,192.7800,1.199672
FILLER_47_553,VDD,Metal1,271.6800,192.7800,1.199675
FILLER_47_542,VDD,Metal1,266.4000,192.7800,1.199825
FILLER_47_535,VDD,Metal1,264.2490,193.3780,1.199827
FILLER_47_528,VDD,Metal1,260.8890,193.3780,1.199844
FILLER_47_521,VDD,Metal1,257.5290,193.3780,1.199862
FILLER_47_515,VDD,Metal1,253.4400,192.7800,1.199895
FILLER_47_504,VDD,Metal1,249.3690,193.3780,1.199923
FILLER_47_497,VDD,Metal1,246.0090,193.3780,1.199930
FILLER_47_490,VDD,Metal1,242.6490,193.3780,1.199927
FILLER_47_483,VDD,Metal1,239.2890,193.3780,1.199924
FILLER_47_477,VDD,Metal1,234.9600,192.7800,1.199924
FILLER_47_464,VDD,Metal1,230.1690,193.3780,1.199920
FILLER_47_457,VDD,Metal1,226.8090,193.3780,1.199917
FILLER_47_450,VDD,Metal1,223.4490,193.3780,1.199914
FILLER_47_430,VDD,Metal1,212.4000,192.7800,1.199885
FILLER_47_426,VDD,Metal1,211.2110,193.3760,1.199885
FILLER_47_419,VDD,Metal1,208.5690,193.3780,1.199881
FILLER_47_412,VDD,Metal1,205.2090,193.3780,1.199877
FILLER_47_400,VDD,Metal1,198.2400,192.7800,1.199871
FILLER_47_393,VDD,Metal1,196.0890,193.3780,1.199847
FILLER_47_386,VDD,Metal1,192.7290,193.3780,1.199846
FILLER_47_379,VDD,Metal1,189.3690,193.3780,1.199846
FILLER_47_366,VDD,Metal1,181.6800,192.7800,1.199854
FILLER_47_362,VDD,Metal1,180.4910,193.3760,1.199950
FILLER_47_355,VDD,Metal1,177.8490,193.3780,1.199962
FILLER_47_348,VDD,Metal1,174.4890,193.3780,1.199974
FILLER_47_341,VDD,Metal1,171.1290,193.3780,1.199987
FILLER_47_334,VDD,Metal1,167.7690,193.3780,1.199985
FILLER_47_327,VDD,Metal1,164.4090,193.3780,1.199788
FILLER_47_317,VDD,Metal1,158.4000,192.7800,1.199744
FILLER_47_311,VDD,Metal1,155.2800,192.7800,1.199744
FILLER_47_304,VDD,Metal1,153.3690,193.3780,1.199744
FILLER_47_297,VDD,Metal1,150.0090,193.3780,1.199745
FILLER_47_290,VDD,Metal1,146.6490,193.3780,1.199745
FILLER_47_280,VDD,Metal1,140.6400,192.7800,1.199766
FILLER_47_275,VDD,Metal1,138.0000,192.7800,1.199767
FILLER_47_271,VDD,Metal1,136.8110,193.3760,1.199767
FILLER_47_264,VDD,Metal1,134.1690,193.3780,1.199767
FILLER_47_257,VDD,Metal1,130.8090,193.3780,1.199768
FILLER_47_250,VDD,Metal1,127.4490,193.3780,1.199929
FILLER_47_243,VDD,Metal1,124.0890,193.3780,1.199938
FILLER_47_236,VDD,Metal1,120.7290,193.3780,1.199943
FILLER_47_229,VDD,Metal1,117.3690,193.3780,1.199947
FILLER_47_222,VDD,Metal1,114.0090,193.3780,1.199950
FILLER_47_215,VDD,Metal1,110.6490,193.3780,1.199953
FILLER_47_206,VDD,Metal1,104.8800,192.7800,1.199959
FILLER_47_202,VDD,Metal1,103.6910,193.3760,1.199960
FILLER_47_195,VDD,Metal1,101.0490,193.3780,1.199963
FILLER_47_188,VDD,Metal1,97.6890,193.3780,1.199971
FILLER_47_179,VDD,Metal1,92.6510,193.3760,1.199981
FILLER_47_172,VDD,Metal1,90.0090,193.3780,1.199980
FILLER_47_165,VDD,Metal1,86.6490,193.3780,1.199720
FILLER_47_158,VDD,Metal1,83.2890,193.3780,1.199720
FILLER_47_151,VDD,Metal1,79.9290,193.3780,1.199720
FILLER_47_144,VDD,Metal1,76.5690,193.3780,1.199721
FILLER_47_137,VDD,Metal1,73.2090,193.3780,1.199721
FILLER_47_130,VDD,Metal1,69.8490,193.3780,1.199722
FILLER_47_123,VDD,Metal1,66.4890,193.3780,1.199722
FILLER_47_113,VDD,Metal1,60.2400,192.7800,1.199728
FILLER_47_109,VDD,Metal1,59.0510,193.3760,1.199735
FILLER_47_95,VDD,Metal1,52.3310,193.3760,1.199754
FILLER_47_88,VDD,Metal1,49.6890,193.3780,1.199755
FILLER_47_78,VDD,Metal1,43.4400,192.7800,1.199764
FILLER_47_74,VDD,Metal1,42.2510,193.3760,1.199883
FILLER_47_63,VDD,Metal1,37.6890,193.3780,1.199883
FILLER_47_58,VDD,Metal1,33.8400,192.7800,1.199883
FILLER_47_54,VDD,Metal1,32.6510,193.3760,1.199887
FILLER_47_47,VDD,Metal1,30.0090,193.3780,1.199888
FILLER_47_0,VDD,Metal1,7.4490,193.3780,1.199942
FILLER_46_651,VDD,Metal1,318.4800,192.7800,1.199340
FILLER_46_644,VDD,Metal1,316.5690,192.1810,1.199340
FILLER_46_637,VDD,Metal1,313.2090,192.1810,1.199344
FILLER_46_630,VDD,Metal1,309.8490,192.1810,1.199345
FILLER_46_625,VDD,Metal1,306.2400,192.7800,1.199358
FILLER_46_616,VDD,Metal1,302.4110,192.1830,1.199361
FILLER_46_609,VDD,Metal1,299.7690,192.1810,1.199363
FILLER_46_602,VDD,Metal1,296.4090,192.1810,1.199366
FILLER_46_595,VDD,Metal1,293.0490,192.1810,1.199369
FILLER_46_581,VDD,Metal1,284.8800,192.7800,1.199415
FILLER_46_579,VDD,Metal1,284.1600,192.7800,1.199415
FILLER_46_568,VDD,Metal1,278.6400,192.7800,1.199559
FILLER_46_557,VDD,Metal1,274.8090,192.1810,1.199674
FILLER_46_550,VDD,Metal1,271.4490,192.1810,1.199675
FILLER_46_544,VDD,Metal1,267.1200,192.7800,1.199791
FILLER_46_540,VDD,Metal1,265.9310,192.1830,1.199825
FILLER_46_533,VDD,Metal1,263.2890,192.1810,1.199838
FILLER_46_526,VDD,Metal1,259.9290,192.1810,1.199855
FILLER_46_519,VDD,Metal1,256.5690,192.1810,1.199873
FILLER_46_505,VDD,Metal1,248.4000,192.7800,1.199923
FILLER_46_498,VDD,Metal1,246.4890,192.1810,1.199924
FILLER_46_491,VDD,Metal1,243.1290,192.1810,1.199930
FILLER_46_484,VDD,Metal1,239.7690,192.1810,1.199927
FILLER_46_477,VDD,Metal1,236.4090,192.1810,1.199924
FILLER_46_470,VDD,Metal1,233.0490,192.1810,1.199920
FILLER_46_463,VDD,Metal1,229.6890,192.1810,1.199917
FILLER_46_456,VDD,Metal1,226.3290,192.1810,1.199914
FILLER_46_449,VDD,Metal1,222.9690,192.1810,1.199913
FILLER_46_442,VDD,Metal1,219.6090,192.1810,1.199910
FILLER_46_435,VDD,Metal1,216.2490,192.1810,1.199910
FILLER_46_428,VDD,Metal1,212.8890,192.1810,1.199885
FILLER_46_421,VDD,Metal1,209.5290,192.1810,1.199884
FILLER_46_414,VDD,Metal1,206.1690,192.1810,1.199879
FILLER_46_407,VDD,Metal1,202.8090,192.1810,1.199875
FILLER_46_400,VDD,Metal1,199.4490,192.1810,1.199871
FILLER_46_377,VDD,Metal1,187.2000,192.7800,1.199846
FILLER_46_373,VDD,Metal1,185.7710,192.1830,1.199846
FILLER_46_366,VDD,Metal1,183.1290,192.1810,1.199854
FILLER_46_359,VDD,Metal1,179.7690,192.1810,1.199950
FILLER_46_352,VDD,Metal1,176.4090,192.1810,1.199962
FILLER_46_345,VDD,Metal1,173.0490,192.1810,1.199974
FILLER_46_338,VDD,Metal1,168.4800,192.7800,1.199985
FILLER_46_322,VDD,Metal1,160.5600,192.7800,1.199747
FILLER_46_318,VDD,Metal1,159.3710,192.1830,1.199745
FILLER_46_311,VDD,Metal1,156.7290,192.1810,1.199744
FILLER_46_304,VDD,Metal1,153.3690,192.1810,1.199744
FILLER_46_297,VDD,Metal1,150.0090,192.1810,1.199745
FILLER_46_290,VDD,Metal1,146.6490,192.1810,1.199745
FILLER_46_283,VDD,Metal1,143.2890,192.1810,1.199746
FILLER_46_276,VDD,Metal1,139.9290,192.1810,1.199766
FILLER_46_269,VDD,Metal1,136.5690,192.1810,1.199767
FILLER_46_262,VDD,Metal1,133.2090,192.1810,1.199768
FILLER_46_257,VDD,Metal1,129.3600,192.7800,1.199768
FILLER_46_251,VDD,Metal1,126.4800,192.7800,1.199929
FILLER_46_241,VDD,Metal1,121.6800,192.7800,1.199943
FILLER_46_237,VDD,Metal1,120.4910,192.1830,1.199943
FILLER_46_223,VDD,Metal1,113.7710,192.1830,1.199950
FILLER_46_216,VDD,Metal1,111.1290,192.1810,1.199950
FILLER_46_209,VDD,Metal1,107.7690,192.1810,1.199953
FILLER_46_194,VDD,Metal1,99.3600,192.7800,1.199970
FILLER_46_188,VDD,Metal1,96.2400,192.7800,1.199971
FILLER_46_186,VDD,Metal1,95.5200,192.7800,1.199984
FILLER_46_175,VDD,Metal1,90.2400,192.7800,1.199980
FILLER_46_167,VDD,Metal1,86.1600,192.7800,1.199720
FILLER_46_165,VDD,Metal1,85.4400,192.7800,1.199720
FILLER_46_158,VDD,Metal1,83.2890,192.1810,1.199720
FILLER_46_151,VDD,Metal1,79.9290,192.1810,1.199720
FILLER_46_146,VDD,Metal1,76.3200,192.7800,1.199721
FILLER_46_139,VDD,Metal1,74.1690,192.1810,1.199721
FILLER_46_132,VDD,Metal1,70.8090,192.1810,1.199721
FILLER_46_125,VDD,Metal1,67.4490,192.1810,1.199722
FILLER_46_111,VDD,Metal1,59.2800,192.7800,1.199735
FILLER_46_107,VDD,Metal1,58.0910,192.1830,1.199735
FILLER_46_100,VDD,Metal1,55.4490,192.1810,1.199749
FILLER_46_93,VDD,Metal1,52.0890,192.1810,1.199754
FILLER_46_82,VDD,Metal1,45.3600,192.7800,1.199764
FILLER_46_47,VDD,Metal1,28.8000,192.7800,1.199888
FILLER_46_43,VDD,Metal1,27.3710,192.1830,1.199937
FILLER_46_36,VDD,Metal1,24.7290,192.1810,1.199937
FILLER_46_29,VDD,Metal1,21.3690,192.1810,1.199938
FILLER_46_0,VDD,Metal1,6.2400,192.7800,1.199942
FILLER_45_604,VDD,Metal1,297.3690,185.8180,1.190087
FILLER_45_597,VDD,Metal1,294.0090,185.8180,1.190106
FILLER_45_590,VDD,Metal1,290.6490,185.8180,1.190112
FILLER_45_567,VDD,Metal1,278.4000,185.2200,1.199492
FILLER_45_562,VDD,Metal1,275.7600,185.2200,1.199495
FILLER_45_560,VDD,Metal1,275.0400,185.2200,1.199515
FILLER_45_550,VDD,Metal1,270.2400,185.2200,1.199550
FILLER_45_542,VDD,Metal1,266.8910,185.8160,1.199560
FILLER_45_535,VDD,Metal1,264.2490,185.8180,1.199569
FILLER_45_528,VDD,Metal1,260.8890,185.8180,1.199592
FILLER_45_521,VDD,Metal1,257.5290,185.8180,1.199616
FILLER_45_506,VDD,Metal1,249.1200,185.2200,1.199718
FILLER_45_502,VDD,Metal1,247.6910,185.8160,1.199879
FILLER_45_495,VDD,Metal1,245.0490,185.8180,1.199900
FILLER_45_488,VDD,Metal1,241.6890,185.8180,1.199550
FILLER_45_481,VDD,Metal1,238.3290,185.8180,1.199540
FILLER_45_474,VDD,Metal1,234.9690,185.8180,1.196623
FILLER_45_467,VDD,Metal1,231.6090,185.8180,1.196620
FILLER_45_453,VDD,Metal1,223.4400,185.2200,1.196600
FILLER_45_451,VDD,Metal1,222.7200,185.2200,1.196590
FILLER_45_431,VDD,Metal1,214.3290,185.8180,1.196558
FILLER_45_424,VDD,Metal1,210.9690,185.8180,1.196263
FILLER_45_417,VDD,Metal1,207.6090,185.8180,1.196258
FILLER_45_387,VDD,Metal1,192.0000,185.2200,1.196240
FILLER_45_383,VDD,Metal1,190.5710,185.8160,1.196240
FILLER_45_376,VDD,Metal1,187.9290,185.8180,1.196240
FILLER_45_350,VDD,Metal1,174.0000,185.2200,1.199932
FILLER_45_343,VDD,Metal1,172.0890,185.8180,1.199940
FILLER_45_336,VDD,Metal1,168.7290,185.8180,1.199926
FILLER_45_329,VDD,Metal1,165.3690,185.8180,1.199911
FILLER_45_322,VDD,Metal1,162.0090,185.8180,1.199897
FILLER_45_309,VDD,Metal1,154.3200,185.2200,1.199782
FILLER_45_302,VDD,Metal1,152.4090,185.8180,1.199782
FILLER_45_287,VDD,Metal1,144.0000,185.2200,1.199780
FILLER_45_283,VDD,Metal1,142.5710,185.8160,1.199779
FILLER_45_276,VDD,Metal1,139.9290,185.8180,1.199778
FILLER_45_262,VDD,Metal1,132.0000,185.2200,1.199778
FILLER_45_253,VDD,Metal1,128.1710,185.8160,1.199780
FILLER_45_218,VDD,Metal1,110.6400,185.2200,1.199882
FILLER_45_216,VDD,Metal1,109.9200,185.2200,1.199887
FILLER_45_197,VDD,Metal1,100.8000,185.2200,1.199887
FILLER_45_138,VDD,Metal1,72.9710,185.8160,1.198408
FILLER_45_105,VDD,Metal1,57.1310,185.8160,1.198341
FILLER_45_77,VDD,Metal1,43.2000,185.2200,1.198100
FILLER_45_70,VDD,Metal1,41.0490,185.8180,1.198555
FILLER_45_63,VDD,Metal1,37.6890,185.8180,1.198578
FILLER_45_54,VDD,Metal1,32.6510,185.8160,1.199358
FILLER_45_30,VDD,Metal1,20.4000,185.2200,1.199909
FILLER_45_28,VDD,Metal1,19.6800,185.2200,1.199909
FILLER_45_21,VDD,Metal1,17.5290,185.8180,1.199955
FILLER_45_14,VDD,Metal1,14.1690,185.8180,1.199955
FILLER_45_7,VDD,Metal1,10.8090,185.8180,1.199955
FILLER_45_0,VDD,Metal1,7.4490,185.8180,1.199955
FILLER_44_641,VDD,Metal1,313.9200,185.2200,1.189878
FILLER_44_632,VDD,Metal1,309.3600,185.2200,1.189878
FILLER_44_628,VDD,Metal1,308.1710,184.6230,1.189878
FILLER_44_605,VDD,Metal1,296.4000,185.2200,1.190087
FILLER_44_603,VDD,Metal1,295.6800,185.2200,1.190103
FILLER_44_596,VDD,Metal1,293.5290,184.6210,1.190112
FILLER_44_589,VDD,Metal1,290.1690,184.6210,1.190118
FILLER_44_582,VDD,Metal1,286.8090,184.6210,1.190137
FILLER_44_575,VDD,Metal1,283.4490,184.6210,1.196011
FILLER_44_568,VDD,Metal1,280.0890,184.6210,1.199472
FILLER_44_561,VDD,Metal1,276.7290,184.6210,1.199495
FILLER_44_554,VDD,Metal1,273.3690,184.6210,1.199519
FILLER_44_547,VDD,Metal1,270.0090,184.6210,1.199550
FILLER_44_540,VDD,Metal1,266.6490,184.6210,1.199560
FILLER_44_533,VDD,Metal1,263.2890,184.6210,1.199584
FILLER_44_526,VDD,Metal1,259.9290,184.6210,1.199607
FILLER_44_519,VDD,Metal1,256.5690,184.6210,1.199630
FILLER_44_500,VDD,Metal1,246.2400,185.2200,1.199950
FILLER_44_496,VDD,Metal1,244.8110,184.6230,1.199900
FILLER_44_473,VDD,Metal1,234.4890,184.6210,1.196620
FILLER_44_466,VDD,Metal1,231.1290,184.6210,1.196617
FILLER_44_440,VDD,Metal1,217.4400,185.2200,1.196559
FILLER_44_433,VDD,Metal1,215.2890,184.6210,1.196559
FILLER_44_427,VDD,Metal1,211.2000,185.2200,1.196263
FILLER_44_420,VDD,Metal1,209.0490,184.6210,1.196258
FILLER_44_413,VDD,Metal1,205.6890,184.6210,1.196253
FILLER_44_403,VDD,Metal1,199.6800,185.2200,1.196250
FILLER_44_399,VDD,Metal1,198.2510,184.6230,1.196250
FILLER_44_392,VDD,Metal1,195.6090,184.6210,1.196240
FILLER_44_385,VDD,Metal1,192.2490,184.6210,1.196240
FILLER_44_378,VDD,Metal1,188.8890,184.6210,1.196240
FILLER_44_371,VDD,Metal1,185.5290,184.6210,1.196240
FILLER_44_352,VDD,Metal1,175.2000,185.2200,1.196486
FILLER_44_345,VDD,Metal1,173.0490,184.6210,1.199931
FILLER_44_338,VDD,Metal1,169.6890,184.6210,1.199934
FILLER_44_331,VDD,Metal1,166.3290,184.6210,1.199920
FILLER_44_324,VDD,Metal1,162.9690,184.6210,1.199906
FILLER_44_281,VDD,Metal1,141.1200,185.2200,1.199778
FILLER_44_248,VDD,Metal1,125.0400,185.2200,1.199796
FILLER_44_219,VDD,Metal1,111.3600,185.2200,1.199839
FILLER_44_170,VDD,Metal1,88.3310,184.6230,1.198412
FILLER_44_163,VDD,Metal1,84.4800,185.2200,1.198412
FILLER_44_159,VDD,Metal1,83.0510,184.6230,1.198412
FILLER_44_131,VDD,Metal1,68.8800,185.2200,1.198408
FILLER_44_103,VDD,Metal1,56.1710,184.6230,1.198341
FILLER_44_72,VDD,Metal1,40.5600,185.2200,1.198561
FILLER_44_65,VDD,Metal1,38.6490,184.6210,1.198562
FILLER_44_58,VDD,Metal1,35.2890,184.6210,1.198587
FILLER_44_51,VDD,Metal1,31.9290,184.6210,1.199358
FILLER_44_38,VDD,Metal1,24.2400,185.2200,1.199830
FILLER_44_36,VDD,Metal1,23.5200,185.2200,1.199830
FILLER_44_26,VDD,Metal1,18.4800,185.2200,1.199955
FILLER_44_22,VDD,Metal1,16.5600,185.2200,1.199955
FILLER_44_18,VDD,Metal1,14.6400,185.2200,1.199955
FILLER_44_16,VDD,Metal1,13.9200,185.2200,1.199955
FILLER_44_11,VDD,Metal1,11.5200,185.2200,1.199955
FILLER_44_7,VDD,Metal1,10.0910,184.6230,1.199955
FILLER_44_0,VDD,Metal1,7.4490,184.6210,1.199955
FILLER_43_646,VDD,Metal1,316.3200,177.6600,1.191853
FILLER_43_642,VDD,Metal1,314.8910,178.2560,1.191853
FILLER_43_635,VDD,Metal1,312.2490,178.2580,1.191854
FILLER_43_628,VDD,Metal1,308.8890,178.2580,1.191868
FILLER_43_621,VDD,Metal1,305.5290,178.2580,1.191873
FILLER_43_608,VDD,Metal1,298.5710,178.2560,1.191896
FILLER_43_601,VDD,Metal1,295.9290,178.2580,1.191897
FILLER_43_594,VDD,Metal1,292.5690,178.2580,1.191903
FILLER_43_587,VDD,Metal1,289.2090,178.2580,1.191906
FILLER_43_580,VDD,Metal1,285.8490,178.2580,1.191971
FILLER_43_573,VDD,Metal1,282.4890,178.2580,1.191982
FILLER_43_566,VDD,Metal1,279.1290,178.2580,1.192024
FILLER_43_559,VDD,Metal1,275.7690,178.2580,1.192028
FILLER_43_552,VDD,Metal1,272.4090,178.2580,1.192033
FILLER_43_545,VDD,Metal1,269.0490,178.2580,1.192625
FILLER_43_538,VDD,Metal1,265.6890,178.2580,1.192642
FILLER_43_524,VDD,Metal1,257.7600,177.6600,1.192714
FILLER_43_517,VDD,Metal1,255.6090,178.2580,1.199758
FILLER_43_509,VDD,Metal1,250.3200,177.6600,1.199855
FILLER_43_507,VDD,Metal1,249.6000,177.6600,1.199943
FILLER_43_497,VDD,Metal1,244.5600,177.6600,1.199942
FILLER_43_490,VDD,Metal1,242.6490,178.2580,1.199939
FILLER_43_471,VDD,Metal1,232.0800,177.6600,1.199932
FILLER_43_467,VDD,Metal1,230.8910,178.2560,1.199932
FILLER_43_460,VDD,Metal1,228.2490,178.2580,1.199927
FILLER_43_451,VDD,Metal1,223.2110,178.2560,1.199831
FILLER_43_447,VDD,Metal1,220.5600,177.6600,1.199815
FILLER_43_445,VDD,Metal1,219.8400,177.6600,1.199814
FILLER_43_438,VDD,Metal1,217.6890,178.2580,1.199811
FILLER_43_431,VDD,Metal1,214.3290,178.2580,1.199791
FILLER_43_416,VDD,Metal1,207.1290,178.2580,1.199784
FILLER_43_409,VDD,Metal1,203.7690,178.2580,1.199783
FILLER_43_402,VDD,Metal1,200.4090,178.2580,1.199783
FILLER_43_395,VDD,Metal1,197.0490,178.2580,1.199753
FILLER_43_388,VDD,Metal1,193.6890,178.2580,1.199588
FILLER_43_381,VDD,Metal1,190.3290,178.2580,1.199588
FILLER_43_374,VDD,Metal1,186.9690,178.2580,1.199589
FILLER_43_367,VDD,Metal1,183.6090,178.2580,1.199637
FILLER_43_360,VDD,Metal1,180.2490,178.2580,1.199949
FILLER_43_354,VDD,Metal1,175.9200,177.6600,1.199957
FILLER_43_347,VDD,Metal1,174.0090,178.2580,1.199957
FILLER_43_337,VDD,Metal1,167.7600,177.6600,1.199980
FILLER_43_335,VDD,Metal1,167.0400,177.6600,1.199980
FILLER_43_328,VDD,Metal1,164.8890,178.2580,1.199976
FILLER_43_319,VDD,Metal1,159.1200,177.6600,1.199912
FILLER_43_305,VDD,Metal1,152.4000,177.6600,1.199896
FILLER_43_295,VDD,Metal1,147.6000,177.6600,1.199862
FILLER_43_291,VDD,Metal1,146.4110,178.2560,1.199849
FILLER_43_286,VDD,Metal1,143.2800,177.6600,1.199849
FILLER_43_284,VDD,Metal1,142.5600,177.6600,1.199849
FILLER_43_270,VDD,Metal1,135.6000,177.6600,1.199848
FILLER_43_266,VDD,Metal1,134.4110,178.2560,1.199854
FILLER_43_246,VDD,Metal1,125.5290,178.2580,1.199885
FILLER_43_236,VDD,Metal1,119.2800,177.6600,1.199908
FILLER_43_232,VDD,Metal1,118.0910,178.2560,1.199908
FILLER_43_217,VDD,Metal1,110.4000,177.6600,1.199924
FILLER_43_210,VDD,Metal1,108.2490,178.2580,1.199933
FILLER_43_175,VDD,Metal1,90.0000,177.6600,1.199811
FILLER_43_173,VDD,Metal1,89.2800,177.6600,1.199811
FILLER_43_166,VDD,Metal1,87.1290,178.2580,1.199811
FILLER_43_159,VDD,Metal1,83.7690,178.2580,1.199803
FILLER_43_121,VDD,Metal1,64.0800,177.6600,1.199784
FILLER_43_67,VDD,Metal1,38.1600,177.6600,1.199850
FILLER_43_60,VDD,Metal1,36.2490,178.2580,1.199850
FILLER_43_53,VDD,Metal1,32.8890,178.2580,1.199901
FILLER_43_46,VDD,Metal1,29.5290,178.2580,1.199952
FILLER_43_39,VDD,Metal1,26.1690,178.2580,1.199952
FILLER_43_33,VDD,Metal1,22.0800,177.6600,1.199952
FILLER_43_4,VDD,Metal1,8.1600,177.6600,1.199951
FILLER_43_0,VDD,Metal1,6.7310,178.2560,1.199951
FILLER_42_639,VDD,Metal1,313.4510,177.0630,1.191854
FILLER_42_632,VDD,Metal1,310.8090,177.0610,1.191854
FILLER_42_604,VDD,Metal1,295.9200,177.6600,1.191897
FILLER_42_602,VDD,Metal1,295.2000,177.6600,1.191897
FILLER_42_595,VDD,Metal1,293.0490,177.0610,1.191897
FILLER_42_588,VDD,Metal1,289.6890,177.0610,1.191903
FILLER_42_568,VDD,Metal1,278.8800,177.6600,1.192024
FILLER_42_545,VDD,Metal1,267.8400,177.6600,1.192625
FILLER_42_538,VDD,Metal1,265.6890,177.0610,1.192642
FILLER_42_531,VDD,Metal1,262.3290,177.0610,1.192711
FILLER_42_522,VDD,Metal1,256.5600,177.6600,1.199758
FILLER_42_520,VDD,Metal1,255.8400,177.6600,1.199758
FILLER_42_513,VDD,Metal1,253.6890,177.0610,1.199855
FILLER_42_507,VDD,Metal1,249.3600,177.6600,1.199943
FILLER_42_505,VDD,Metal1,248.6400,177.6600,1.199943
FILLER_42_498,VDD,Metal1,246.4890,177.0610,1.199950
FILLER_42_491,VDD,Metal1,243.1290,177.0610,1.199942
FILLER_42_484,VDD,Metal1,239.7690,177.0610,1.199939
FILLER_42_476,VDD,Metal1,235.2110,177.0630,1.199938
FILLER_42_469,VDD,Metal1,232.5690,177.0610,1.199932
FILLER_42_462,VDD,Metal1,229.2090,177.0610,1.199932
FILLER_42_455,VDD,Metal1,225.8490,177.0610,1.199925
FILLER_42_447,VDD,Metal1,220.8000,177.6600,1.199815
FILLER_42_440,VDD,Metal1,218.6490,177.0610,1.199814
FILLER_42_431,VDD,Metal1,212.8800,177.6600,1.199791
FILLER_42_424,VDD,Metal1,210.9690,177.0610,1.199785
FILLER_42_417,VDD,Metal1,207.6090,177.0610,1.199785
FILLER_42_410,VDD,Metal1,204.2490,177.0610,1.199784
FILLER_42_403,VDD,Metal1,200.8890,177.0610,1.199783
FILLER_42_396,VDD,Metal1,196.0800,177.6600,1.199753
FILLER_42_386,VDD,Metal1,192.0110,177.0630,1.199588
FILLER_42_379,VDD,Metal1,189.3690,177.0610,1.199589
FILLER_42_370,VDD,Metal1,184.3310,177.0630,1.199637
FILLER_42_345,VDD,Metal1,171.8400,177.6600,1.199974
FILLER_42_328,VDD,Metal1,164.8890,177.0610,1.199976
FILLER_42_321,VDD,Metal1,161.5290,177.0610,1.199919
FILLER_42_309,VDD,Metal1,155.0510,177.0630,1.199897
FILLER_42_302,VDD,Metal1,152.4090,177.0610,1.199896
FILLER_42_295,VDD,Metal1,149.0490,177.0610,1.199862
FILLER_42_288,VDD,Metal1,145.6890,177.0610,1.199849
FILLER_42_281,VDD,Metal1,142.3290,177.0610,1.199849
FILLER_42_274,VDD,Metal1,138.9690,177.0610,1.199848
FILLER_42_265,VDD,Metal1,133.2000,177.6600,1.199862
FILLER_42_263,VDD,Metal1,132.4800,177.6600,1.199862
FILLER_42_256,VDD,Metal1,130.3290,177.0610,1.199864
FILLER_42_249,VDD,Metal1,126.9690,177.0610,1.199885
FILLER_42_238,VDD,Metal1,120.4800,177.6600,1.199893
FILLER_42_231,VDD,Metal1,118.3290,177.0610,1.199908
FILLER_42_224,VDD,Metal1,114.9690,177.0610,1.199918
FILLER_42_217,VDD,Metal1,111.6090,177.0610,1.199924
FILLER_42_210,VDD,Metal1,108.2490,177.0610,1.199933
FILLER_42_203,VDD,Metal1,104.8890,177.0610,1.199944
FILLER_42_193,VDD,Metal1,98.6400,177.6600,1.199948
FILLER_42_191,VDD,Metal1,97.9200,177.6600,1.199948
FILLER_42_179,VDD,Metal1,92.6510,177.0630,1.199822
FILLER_42_172,VDD,Metal1,90.0090,177.0610,1.199811
FILLER_42_165,VDD,Metal1,86.6490,177.0610,1.199803
FILLER_42_158,VDD,Metal1,83.2890,177.0610,1.199799
FILLER_42_151,VDD,Metal1,79.9290,177.0610,1.199785
FILLER_42_138,VDD,Metal1,72.9710,177.0630,1.199785
FILLER_42_134,VDD,Metal1,70.3200,177.6600,1.199785
FILLER_42_130,VDD,Metal1,69.1310,177.0630,1.199785
FILLER_42_119,VDD,Metal1,64.5690,177.0610,1.199784
FILLER_42_112,VDD,Metal1,61.2090,177.0610,1.199784
FILLER_42_105,VDD,Metal1,57.8490,177.0610,1.199784
FILLER_42_98,VDD,Metal1,54.4890,177.0610,1.199785
FILLER_42_91,VDD,Metal1,51.1290,177.0610,1.199788
FILLER_42_77,VDD,Metal1,43.6910,177.0630,1.199789
FILLER_42_70,VDD,Metal1,41.0490,177.0610,1.199794
FILLER_42_63,VDD,Metal1,37.6890,177.0610,1.199850
FILLER_42_56,VDD,Metal1,34.3290,177.0610,1.199901
FILLER_42_49,VDD,Metal1,30.9690,177.0610,1.199952
FILLER_42_21,VDD,Metal1,16.0800,177.6600,1.199952
FILLER_42_16,VDD,Metal1,13.6800,177.6600,1.199952
FILLER_42_6,VDD,Metal1,8.8800,177.6600,1.199952
FILLER_42_4,VDD,Metal1,8.1600,177.6600,1.199951
FILLER_41_623,VDD,Metal1,305.2800,170.1000,1.198773
FILLER_41_604,VDD,Metal1,297.3690,170.6980,1.198864
FILLER_41_597,VDD,Metal1,294.0090,170.6980,1.198879
FILLER_41_574,VDD,Metal1,281.5200,170.1000,1.199081
FILLER_41_558,VDD,Metal1,273.8400,170.1000,1.199346
FILLER_41_552,VDD,Metal1,270.9600,170.1000,1.199458
FILLER_41_536,VDD,Metal1,264.7290,170.6980,1.199637
FILLER_41_529,VDD,Metal1,261.3690,170.6980,1.199650
FILLER_41_518,VDD,Metal1,256.0890,170.6980,1.199837
FILLER_41_511,VDD,Metal1,252.7290,170.6980,1.199853
FILLER_41_504,VDD,Metal1,249.3690,170.6980,1.199890
FILLER_41_497,VDD,Metal1,246.0090,170.6980,1.199927
FILLER_41_490,VDD,Metal1,242.6490,170.6980,1.199917
FILLER_41_483,VDD,Metal1,239.2890,170.6980,1.199907
FILLER_41_476,VDD,Metal1,235.9290,170.6980,1.199896
FILLER_41_470,VDD,Metal1,231.6000,170.1000,1.199894
FILLER_41_463,VDD,Metal1,229.6890,170.6980,1.199891
FILLER_41_456,VDD,Metal1,226.3290,170.6980,1.199885
FILLER_41_449,VDD,Metal1,222.9690,170.6980,1.199793
FILLER_41_442,VDD,Metal1,219.6090,170.6980,1.199786
FILLER_41_437,VDD,Metal1,215.7600,170.1000,1.199769
FILLER_41_435,VDD,Metal1,215.0400,170.1000,1.199766
FILLER_41_428,VDD,Metal1,212.8890,170.6980,1.199765
FILLER_41_421,VDD,Metal1,209.5290,170.6980,1.199766
FILLER_41_414,VDD,Metal1,206.1690,170.6980,1.199766
FILLER_41_383,VDD,Metal1,191.2890,170.6980,1.199811
FILLER_41_369,VDD,Metal1,183.8510,170.6960,1.199866
FILLER_41_362,VDD,Metal1,181.2090,170.6980,1.199868
FILLER_41_329,VDD,Metal1,163.9200,170.1000,1.199903
FILLER_41_325,VDD,Metal1,162.7310,170.6960,1.199903
FILLER_41_318,VDD,Metal1,160.0890,170.6980,1.199896
FILLER_41_311,VDD,Metal1,156.7290,170.6980,1.199836
FILLER_41_304,VDD,Metal1,153.3690,170.6980,1.199756
FILLER_41_297,VDD,Metal1,150.0090,170.6980,1.199741
FILLER_41_290,VDD,Metal1,146.6490,170.6980,1.199727
FILLER_41_283,VDD,Metal1,143.2890,170.6980,1.199722
FILLER_41_276,VDD,Metal1,139.9290,170.6980,1.199722
FILLER_41_272,VDD,Metal1,136.5600,170.1000,1.199722
FILLER_41_270,VDD,Metal1,135.8400,170.1000,1.199722
FILLER_41_263,VDD,Metal1,133.6890,170.6980,1.199716
FILLER_41_256,VDD,Metal1,130.3290,170.6980,1.199715
FILLER_41_236,VDD,Metal1,120.7290,170.6980,1.199561
FILLER_41_222,VDD,Metal1,113.2910,170.6960,1.199561
FILLER_41_215,VDD,Metal1,110.6490,170.6980,1.199788
FILLER_41_208,VDD,Metal1,107.2890,170.6980,1.199811
FILLER_41_201,VDD,Metal1,103.9290,170.6980,1.199833
FILLER_41_194,VDD,Metal1,100.5690,170.6980,1.199857
FILLER_41_187,VDD,Metal1,97.2090,170.6980,1.199878
FILLER_41_178,VDD,Metal1,91.6800,170.1000,1.199879
FILLER_41_174,VDD,Metal1,90.2510,170.6960,1.199815
FILLER_41_164,VDD,Metal1,84.7200,170.1000,1.199806
FILLER_41_160,VDD,Metal1,83.5310,170.6960,1.199806
FILLER_41_143,VDD,Metal1,76.0890,170.6980,1.199599
FILLER_41_136,VDD,Metal1,72.7290,170.6980,1.199598
FILLER_41_129,VDD,Metal1,69.3690,170.6980,1.199591
FILLER_41_122,VDD,Metal1,66.0090,170.6980,1.199585
FILLER_41_110,VDD,Metal1,59.0400,170.1000,1.199525
FILLER_41_106,VDD,Metal1,57.6110,170.6960,1.199489
FILLER_41_100,VDD,Metal1,54.2400,170.1000,1.199489
FILLER_41_96,VDD,Metal1,52.8110,170.6960,1.199489
FILLER_41_89,VDD,Metal1,50.1690,170.6980,1.199489
FILLER_41_82,VDD,Metal1,46.8090,170.6980,1.199489
FILLER_41_75,VDD,Metal1,43.4490,170.6980,1.199847
FILLER_41_68,VDD,Metal1,40.0890,170.6980,1.199847
FILLER_41_61,VDD,Metal1,36.7290,170.6980,1.199847
FILLER_41_53,VDD,Metal1,31.4400,170.1000,1.199847
FILLER_41_46,VDD,Metal1,29.5290,170.6980,1.199859
FILLER_41_35,VDD,Metal1,23.0400,170.1000,1.199891
FILLER_41_31,VDD,Metal1,21.6110,170.6960,1.199930
FILLER_41_20,VDD,Metal1,15.6000,170.1000,1.199930
FILLER_40_612,VDD,Metal1,300.4910,169.5030,1.198830
FILLER_40_605,VDD,Metal1,297.8490,169.5010,1.198854
FILLER_40_598,VDD,Metal1,294.4890,169.5010,1.198864
FILLER_40_591,VDD,Metal1,291.1290,169.5010,1.198880
FILLER_40_581,VDD,Metal1,284.8800,170.1000,1.198991
FILLER_40_575,VDD,Metal1,282.0000,170.1000,1.199081
FILLER_40_566,VDD,Metal1,277.6800,170.1000,1.199223
FILLER_40_559,VDD,Metal1,275.7690,169.5010,1.199223
FILLER_40_553,VDD,Metal1,271.6800,170.1000,1.199453
FILLER_40_542,VDD,Metal1,266.1600,170.1000,1.199637
FILLER_40_535,VDD,Metal1,264.2490,169.5010,1.199650
FILLER_40_528,VDD,Metal1,260.8890,169.5010,1.199662
FILLER_40_521,VDD,Metal1,257.5290,169.5010,1.199837
FILLER_40_511,VDD,Metal1,251.5200,170.1000,1.199853
FILLER_40_504,VDD,Metal1,249.3690,169.5010,1.199890
FILLER_40_497,VDD,Metal1,246.0090,169.5010,1.199927
FILLER_40_490,VDD,Metal1,242.6490,169.5010,1.199917
FILLER_40_483,VDD,Metal1,239.2890,169.5010,1.199907
FILLER_40_460,VDD,Metal1,226.8000,170.1000,1.199885
FILLER_40_456,VDD,Metal1,225.6110,169.5030,1.199885
FILLER_40_449,VDD,Metal1,222.9690,169.5010,1.199793
FILLER_40_422,VDD,Metal1,208.5600,170.1000,1.199766
FILLER_40_418,VDD,Metal1,207.3710,169.5030,1.199766
FILLER_40_411,VDD,Metal1,204.7290,169.5010,1.199766
FILLER_40_404,VDD,Metal1,201.3690,169.5010,1.199766
FILLER_40_398,VDD,Metal1,197.0400,170.1000,1.199810
FILLER_40_392,VDD,Metal1,194.1600,170.1000,1.199811
FILLER_40_388,VDD,Metal1,192.9710,169.5030,1.199811
FILLER_40_381,VDD,Metal1,190.3290,169.5010,1.199814
FILLER_40_374,VDD,Metal1,186.9690,169.5010,1.199825
FILLER_40_367,VDD,Metal1,183.6090,169.5010,1.199866
FILLER_40_360,VDD,Metal1,180.2490,169.5010,1.199872
FILLER_40_354,VDD,Metal1,175.9200,170.1000,1.199910
FILLER_40_352,VDD,Metal1,175.2000,170.1000,1.199912
FILLER_40_345,VDD,Metal1,173.0490,169.5010,1.199912
FILLER_40_339,VDD,Metal1,168.7200,170.1000,1.199912
FILLER_40_332,VDD,Metal1,166.8090,169.5010,1.199912
FILLER_40_322,VDD,Metal1,160.5600,170.1000,1.199896
FILLER_40_315,VDD,Metal1,158.6490,169.5010,1.199896
FILLER_40_306,VDD,Metal1,152.8800,170.1000,1.199756
FILLER_40_304,VDD,Metal1,152.1600,170.1000,1.199756
FILLER_40_297,VDD,Metal1,148.8000,170.1000,1.199741
FILLER_40_256,VDD,Metal1,129.6110,169.5030,1.199715
FILLER_40_249,VDD,Metal1,126.9690,169.5010,1.199561
FILLER_40_215,VDD,Metal1,109.2000,170.1000,1.199788
FILLER_40_208,VDD,Metal1,107.2890,169.5010,1.199811
FILLER_40_201,VDD,Metal1,103.9290,169.5010,1.199833
FILLER_40_176,VDD,Metal1,90.7200,170.1000,1.199815
FILLER_40_142,VDD,Metal1,74.8910,169.5030,1.199598
FILLER_40_135,VDD,Metal1,72.2490,169.5010,1.199591
FILLER_40_128,VDD,Metal1,68.8890,169.5010,1.199585
FILLER_40_80,VDD,Metal1,44.4000,170.1000,1.199847
FILLER_40_44,VDD,Metal1,27.1200,170.1000,1.199889
FILLER_40_42,VDD,Metal1,26.4000,170.1000,1.199891
FILLER_40_35,VDD,Metal1,24.2490,169.5010,1.199891
FILLER_40_4,VDD,Metal1,7.9200,170.1000,1.199928
FILLER_40_0,VDD,Metal1,6.7310,169.5030,1.199928
FILLER_39_647,VDD,Metal1,316.5600,162.5400,1.198411
FILLER_39_645,VDD,Metal1,315.8400,162.5400,1.198411
FILLER_39_639,VDD,Metal1,312.7200,162.5400,1.198421
FILLER_39_633,VDD,Metal1,309.8400,162.5400,1.198422
FILLER_39_629,VDD,Metal1,308.6510,163.1360,1.198423
FILLER_39_625,VDD,Metal1,306.0000,162.5400,1.198433
FILLER_39_618,VDD,Metal1,304.0890,163.1380,1.198512
FILLER_39_611,VDD,Metal1,300.7290,163.1380,1.198513
FILLER_39_604,VDD,Metal1,297.3690,163.1380,1.198517
FILLER_39_597,VDD,Metal1,294.0090,163.1380,1.198521
FILLER_39_579,VDD,Metal1,284.1600,162.5400,1.198537
FILLER_39_575,VDD,Metal1,282.7310,163.1360,1.198538
FILLER_39_570,VDD,Metal1,279.6000,162.5400,1.198538
FILLER_39_563,VDD,Metal1,277.6890,163.1380,1.198538
FILLER_39_556,VDD,Metal1,274.3290,163.1380,1.198541
FILLER_39_550,VDD,Metal1,270.0000,162.5400,1.198565
FILLER_39_546,VDD,Metal1,268.8110,163.1360,1.198565
FILLER_39_539,VDD,Metal1,266.1690,163.1380,1.198580
FILLER_39_525,VDD,Metal1,258.0000,162.5400,1.199539
FILLER_39_523,VDD,Metal1,257.2800,162.5400,1.199539
FILLER_39_491,VDD,Metal1,243.1290,163.1380,1.199906
FILLER_39_484,VDD,Metal1,239.7690,163.1380,1.199725
FILLER_39_477,VDD,Metal1,236.4090,163.1380,1.199715
FILLER_39_455,VDD,Metal1,224.4000,162.5400,1.199607
FILLER_39_453,VDD,Metal1,223.6800,162.5400,1.199607
FILLER_39_446,VDD,Metal1,221.5290,163.1380,1.199576
FILLER_39_439,VDD,Metal1,218.1690,163.1380,1.199544
FILLER_39_420,VDD,Metal1,208.3310,163.1360,1.199466
FILLER_39_413,VDD,Metal1,205.6890,163.1380,1.199462
FILLER_39_406,VDD,Metal1,202.3290,163.1380,1.198431
FILLER_39_401,VDD,Metal1,198.4800,162.5400,1.198431
FILLER_39_396,VDD,Metal1,196.0800,162.5400,1.198431
FILLER_39_389,VDD,Metal1,194.1690,163.1380,1.198431
FILLER_39_382,VDD,Metal1,190.8090,163.1380,1.198534
FILLER_39_375,VDD,Metal1,187.4490,163.1380,1.198535
FILLER_39_368,VDD,Metal1,184.0890,163.1380,1.198536
FILLER_39_361,VDD,Metal1,180.7290,163.1380,1.198538
FILLER_39_354,VDD,Metal1,177.3690,163.1380,1.198539
FILLER_39_347,VDD,Metal1,174.0090,163.1380,1.199952
FILLER_39_340,VDD,Metal1,170.6490,163.1380,1.199964
FILLER_39_289,VDD,Metal1,144.9600,162.5400,1.199641
FILLER_39_278,VDD,Metal1,139.6800,162.5400,1.199640
FILLER_39_257,VDD,Metal1,129.3600,162.5400,1.199650
FILLER_39_213,VDD,Metal1,108.4800,162.5400,1.199832
FILLER_39_209,VDD,Metal1,107.0510,163.1360,1.199835
FILLER_39_166,VDD,Metal1,85.6800,162.5400,1.199852
FILLER_39_164,VDD,Metal1,84.9600,162.5400,1.199852
FILLER_39_132,VDD,Metal1,69.6000,162.5400,1.199507
FILLER_39_97,VDD,Metal1,52.8000,162.5400,1.199635
FILLER_39_93,VDD,Metal1,51.3710,163.1360,1.199635
FILLER_39_84,VDD,Metal1,46.3200,162.5400,1.199650
FILLER_39_77,VDD,Metal1,44.4090,163.1380,1.199652
FILLER_39_66,VDD,Metal1,37.9200,162.5400,1.199733
FILLER_39_38,VDD,Metal1,24.2400,162.5400,1.199919
FILLER_39_36,VDD,Metal1,23.5200,162.5400,1.199919
FILLER_39_25,VDD,Metal1,18.2400,162.5400,1.199947
FILLER_39_8,VDD,Metal1,11.2890,163.1380,1.199932
FILLER_38_643,VDD,Metal1,314.6400,162.5400,1.198417
FILLER_38_639,VDD,Metal1,313.4510,161.9430,1.198421
FILLER_38_632,VDD,Metal1,310.8090,161.9410,1.198422
FILLER_38_621,VDD,Metal1,304.8110,161.9430,1.198512
FILLER_38_604,VDD,Metal1,297.3690,161.9410,1.198517
FILLER_38_597,VDD,Metal1,294.0090,161.9410,1.198521
FILLER_38_590,VDD,Metal1,290.6490,161.9410,1.198526
FILLER_38_583,VDD,Metal1,287.2890,161.9410,1.198531
FILLER_38_576,VDD,Metal1,283.9290,161.9410,1.198537
FILLER_38_569,VDD,Metal1,280.5690,161.9410,1.198538
FILLER_38_562,VDD,Metal1,277.2090,161.9410,1.198541
FILLER_38_555,VDD,Metal1,273.8490,161.9410,1.198543
FILLER_38_548,VDD,Metal1,270.4890,161.9410,1.198565
FILLER_38_540,VDD,Metal1,265.4400,162.5400,1.198580
FILLER_38_527,VDD,Metal1,258.9600,162.5400,1.199474
FILLER_38_525,VDD,Metal1,258.2400,162.5400,1.199539
FILLER_38_502,VDD,Metal1,246.9600,162.5400,1.199943
FILLER_38_495,VDD,Metal1,245.0490,161.9410,1.199946
FILLER_38_477,VDD,Metal1,235.2000,162.5400,1.199715
FILLER_38_473,VDD,Metal1,233.7710,161.9430,1.199633
FILLER_38_468,VDD,Metal1,230.6400,162.5400,1.199616
FILLER_38_464,VDD,Metal1,229.4510,161.9430,1.199614
FILLER_38_457,VDD,Metal1,226.8090,161.9410,1.199611
FILLER_38_450,VDD,Metal1,223.4490,161.9410,1.199607
FILLER_38_443,VDD,Metal1,220.0890,161.9410,1.199576
FILLER_38_436,VDD,Metal1,216.7290,161.9410,1.199544
FILLER_38_429,VDD,Metal1,213.3690,161.9410,1.199542
FILLER_38_422,VDD,Metal1,210.0090,161.9410,1.199466
FILLER_38_415,VDD,Metal1,206.6490,161.9410,1.199465
FILLER_38_385,VDD,Metal1,191.0400,162.5400,1.198534
FILLER_38_381,VDD,Metal1,189.6110,161.9430,1.198535
FILLER_38_374,VDD,Metal1,186.9690,161.9410,1.198536
FILLER_38_367,VDD,Metal1,183.6090,161.9410,1.198538
FILLER_38_344,VDD,Metal1,171.1200,162.5400,1.199955
FILLER_38_340,VDD,Metal1,169.9310,161.9430,1.199964
FILLER_38_333,VDD,Metal1,167.2890,161.9410,1.199687
FILLER_38_326,VDD,Metal1,163.9290,161.9410,1.199680
FILLER_38_319,VDD,Metal1,160.5690,161.9410,1.199680
FILLER_38_315,VDD,Metal1,157.2000,162.5400,1.199680
FILLER_38_292,VDD,Metal1,147.6090,161.9410,1.199641
FILLER_38_285,VDD,Metal1,144.2490,161.9410,1.199641
FILLER_38_278,VDD,Metal1,140.8890,161.9410,1.199640
FILLER_38_263,VDD,Metal1,132.2400,162.5400,1.199649
FILLER_38_256,VDD,Metal1,130.3290,161.9410,1.199650
FILLER_38_250,VDD,Metal1,126.2400,162.5400,1.199717
FILLER_38_246,VDD,Metal1,124.8110,161.9430,1.199742
FILLER_38_241,VDD,Metal1,121.9200,162.5400,1.199812
FILLER_38_234,VDD,Metal1,119.7690,161.9410,1.199813
FILLER_38_223,VDD,Metal1,113.0400,162.5400,1.199813
FILLER_38_221,VDD,Metal1,112.3200,162.5400,1.199813
FILLER_38_214,VDD,Metal1,110.1690,161.9410,1.199817
FILLER_38_207,VDD,Metal1,106.8090,161.9410,1.199835
FILLER_38_200,VDD,Metal1,103.4490,161.9410,1.199909
FILLER_38_193,VDD,Metal1,100.0890,161.9410,1.199909
FILLER_38_186,VDD,Metal1,96.7290,161.9410,1.199912
FILLER_38_171,VDD,Metal1,89.5290,161.9410,1.199925
FILLER_38_164,VDD,Metal1,86.1690,161.9410,1.199852
FILLER_38_151,VDD,Metal1,79.2110,161.9430,1.199564
FILLER_38_137,VDD,Metal1,72.4910,161.9430,1.199564
FILLER_38_130,VDD,Metal1,69.8490,161.9410,1.199507
FILLER_38_120,VDD,Metal1,63.6000,162.5400,1.199504
FILLER_38_116,VDD,Metal1,62.4110,161.9430,1.199504
FILLER_38_99,VDD,Metal1,54.9690,161.9410,1.199627
FILLER_38_92,VDD,Metal1,51.6090,161.9410,1.199635
FILLER_38_85,VDD,Metal1,48.2490,161.9410,1.199642
FILLER_38_78,VDD,Metal1,44.8890,161.9410,1.199650
FILLER_38_60,VDD,Metal1,35.0400,162.5400,1.199784
FILLER_38_37,VDD,Metal1,23.7600,162.5400,1.199919
FILLER_38_24,VDD,Metal1,18.2510,161.9430,1.199947
FILLER_38_4,VDD,Metal1,8.1600,162.5400,1.199329
FILLER_37_606,VDD,Metal1,296.8800,154.9800,1.190919
FILLER_37_599,VDD,Metal1,294.9690,155.5780,1.190922
FILLER_37_592,VDD,Metal1,291.6090,155.5780,1.190931
FILLER_37_585,VDD,Metal1,288.2490,155.5780,1.190938
FILLER_37_581,VDD,Metal1,284.8800,154.9800,1.190954
FILLER_37_577,VDD,Metal1,283.6910,155.5760,1.190995
FILLER_37_572,VDD,Metal1,280.8000,154.9800,1.191707
FILLER_37_565,VDD,Metal1,278.6490,155.5780,1.191713
FILLER_37_559,VDD,Metal1,274.5600,154.9800,1.191824
FILLER_37_552,VDD,Metal1,272.4090,155.5780,1.191824
FILLER_37_545,VDD,Metal1,269.0490,155.5780,1.191841
FILLER_37_538,VDD,Metal1,265.6890,155.5780,1.191857
FILLER_37_529,VDD,Metal1,259.9200,154.9800,1.192369
FILLER_37_523,VDD,Metal1,257.0400,154.9800,1.192490
FILLER_37_502,VDD,Metal1,246.9600,154.9800,1.199937
FILLER_37_495,VDD,Metal1,245.0490,155.5780,1.199937
FILLER_37_487,VDD,Metal1,240.0000,154.9800,1.199905
FILLER_37_483,VDD,Metal1,238.5710,155.5760,1.199904
FILLER_37_459,VDD,Metal1,226.3200,154.9800,1.199589
FILLER_37_452,VDD,Metal1,224.4090,155.5780,1.199584
FILLER_37_445,VDD,Metal1,221.0490,155.5780,1.199579
FILLER_37_438,VDD,Metal1,217.6890,155.5780,1.199573
FILLER_37_423,VDD,Metal1,209.0400,154.9800,1.199565
FILLER_37_416,VDD,Metal1,207.1290,155.5780,1.199566
FILLER_37_391,VDD,Metal1,193.6800,154.9800,1.199775
FILLER_37_381,VDD,Metal1,188.8800,154.9800,1.199788
FILLER_37_377,VDD,Metal1,187.6910,155.5760,1.199788
FILLER_37_370,VDD,Metal1,185.0490,155.5780,1.199792
FILLER_37_363,VDD,Metal1,181.6890,155.5780,1.199840
FILLER_37_356,VDD,Metal1,178.3290,155.5780,1.199842
FILLER_37_350,VDD,Metal1,174.2400,154.9800,1.199889
FILLER_37_343,VDD,Metal1,172.0890,155.5780,1.199926
FILLER_37_336,VDD,Metal1,168.7290,155.5780,1.199934
FILLER_37_329,VDD,Metal1,164.1600,154.9800,1.199876
FILLER_37_325,VDD,Metal1,162.7310,155.5760,1.199873
FILLER_37_318,VDD,Metal1,160.0890,155.5780,1.199855
FILLER_37_311,VDD,Metal1,156.7290,155.5780,1.199596
FILLER_37_304,VDD,Metal1,153.3690,155.5780,1.199589
FILLER_37_293,VDD,Metal1,146.8800,154.9800,1.199584
FILLER_37_286,VDD,Metal1,144.7290,155.5780,1.199584
FILLER_37_275,VDD,Metal1,138.0000,154.9800,1.199574
FILLER_37_273,VDD,Metal1,137.2800,154.9800,1.199574
FILLER_37_266,VDD,Metal1,135.1290,155.5780,1.199574
FILLER_37_259,VDD,Metal1,131.7690,155.5780,1.199574
FILLER_37_250,VDD,Metal1,126.2400,154.9800,1.199581
FILLER_37_237,VDD,Metal1,120.4910,155.5760,1.199582
FILLER_37_226,VDD,Metal1,114.4800,154.9800,1.199582
FILLER_37_224,VDD,Metal1,113.7600,154.9800,1.199582
FILLER_37_220,VDD,Metal1,111.6000,154.9800,1.199631
FILLER_37_218,VDD,Metal1,110.8800,154.9800,1.199631
FILLER_37_211,VDD,Metal1,108.7290,155.5780,1.199633
FILLER_37_204,VDD,Metal1,105.3690,155.5780,1.199721
FILLER_37_197,VDD,Metal1,102.0090,155.5780,1.199725
FILLER_37_190,VDD,Metal1,98.6490,155.5780,1.199731
FILLER_37_184,VDD,Metal1,94.3200,154.9800,1.199924
FILLER_37_182,VDD,Metal1,93.6000,154.9800,1.199918
FILLER_37_174,VDD,Metal1,90.2510,155.5760,1.198318
FILLER_37_167,VDD,Metal1,86.1600,154.9800,1.198264
FILLER_37_163,VDD,Metal1,84.9710,155.5760,1.197511
FILLER_37_156,VDD,Metal1,82.3290,155.5780,1.197411
FILLER_37_149,VDD,Metal1,78.9690,155.5780,1.197386
FILLER_37_142,VDD,Metal1,75.6090,155.5780,1.197366
FILLER_37_135,VDD,Metal1,72.2490,155.5780,1.197364
FILLER_37_128,VDD,Metal1,68.8890,155.5780,1.197364
FILLER_37_121,VDD,Metal1,65.5290,155.5780,1.197364
FILLER_37_110,VDD,Metal1,60.2490,155.5780,1.197298
FILLER_37_103,VDD,Metal1,56.8890,155.5780,1.197294
FILLER_37_96,VDD,Metal1,53.5290,155.5780,1.197281
FILLER_37_91,VDD,Metal1,49.6800,154.9800,1.197281
FILLER_37_85,VDD,Metal1,46.8000,154.9800,1.197281
FILLER_37_78,VDD,Metal1,44.8890,155.5780,1.197281
FILLER_37_40,VDD,Metal1,25.2000,154.9800,1.199891
FILLER_37_38,VDD,Metal1,24.4800,154.9800,1.199891
FILLER_37_7,VDD,Metal1,9.3600,154.9800,1.199945
FILLER_37_0,VDD,Metal1,7.4490,155.5780,1.199945
FILLER_36_625,VDD,Metal1,306.2400,154.9800,1.190658
FILLER_36_591,VDD,Metal1,291.1290,154.3810,1.190938
FILLER_36_584,VDD,Metal1,287.7690,154.3810,1.190945
FILLER_36_546,VDD,Metal1,269.5290,154.3810,1.191824
FILLER_36_539,VDD,Metal1,266.1690,154.3810,1.191841
FILLER_36_532,VDD,Metal1,261.3600,154.9800,1.192369
FILLER_36_528,VDD,Metal1,260.1710,154.3830,1.192369
FILLER_36_521,VDD,Metal1,257.5290,154.3810,1.192490
FILLER_36_514,VDD,Metal1,254.1690,154.3810,1.199740
FILLER_36_507,VDD,Metal1,250.8090,154.3810,1.199881
FILLER_36_500,VDD,Metal1,247.4490,154.3810,1.199939
FILLER_36_493,VDD,Metal1,244.0890,154.3810,1.199932
FILLER_36_486,VDD,Metal1,240.7290,154.3810,1.199905
FILLER_36_479,VDD,Metal1,235.9200,154.9800,1.199902
FILLER_36_466,VDD,Metal1,230.4110,154.3830,1.199589
FILLER_36_459,VDD,Metal1,227.7690,154.3810,1.199589
FILLER_36_452,VDD,Metal1,224.4090,154.3810,1.199584
FILLER_36_445,VDD,Metal1,221.0490,154.3810,1.199579
FILLER_36_432,VDD,Metal1,213.6000,154.9800,1.199565
FILLER_36_416,VDD,Metal1,206.4110,154.3830,1.199566
FILLER_36_409,VDD,Metal1,203.7690,154.3810,1.199621
FILLER_36_402,VDD,Metal1,200.4090,154.3810,1.199625
FILLER_36_395,VDD,Metal1,197.0490,154.3810,1.199752
FILLER_36_389,VDD,Metal1,192.9600,154.9800,1.199775
FILLER_36_382,VDD,Metal1,190.8090,154.3810,1.199776
FILLER_36_375,VDD,Metal1,187.4490,154.3810,1.199788
FILLER_36_364,VDD,Metal1,180.9600,154.9800,1.199840
FILLER_36_360,VDD,Metal1,179.5310,154.3830,1.199842
FILLER_36_354,VDD,Metal1,175.9200,154.9800,1.199863
FILLER_36_352,VDD,Metal1,175.2000,154.9800,1.199863
FILLER_36_344,VDD,Metal1,171.8510,154.3830,1.199926
FILLER_36_327,VDD,Metal1,162.9600,154.9800,1.199873
FILLER_36_317,VDD,Metal1,158.1600,154.9800,1.199596
FILLER_36_310,VDD,Metal1,156.2490,154.3810,1.199589
FILLER_36_279,VDD,Metal1,139.9200,154.9800,1.199584
FILLER_36_251,VDD,Metal1,126.4800,154.9800,1.199581
FILLER_36_223,VDD,Metal1,113.0400,154.9800,1.199621
FILLER_36_213,VDD,Metal1,108.2400,154.9800,1.199633
FILLER_36_211,VDD,Metal1,107.5200,154.9800,1.199633
FILLER_36_192,VDD,Metal1,98.4000,154.9800,1.199731
FILLER_36_169,VDD,Metal1,87.1200,154.9800,1.198315
FILLER_36_167,VDD,Metal1,86.4000,154.9800,1.198264
FILLER_36_160,VDD,Metal1,84.2490,154.3810,1.197511
FILLER_36_111,VDD,Metal1,60.0110,154.3830,1.197298
FILLER_36_104,VDD,Metal1,57.3690,154.3810,1.197298
FILLER_36_62,VDD,Metal1,35.7600,154.9800,1.197244
FILLER_36_56,VDD,Metal1,33.1200,154.9800,1.197263
FILLER_36_52,VDD,Metal1,31.6910,154.3830,1.197266
FILLER_36_45,VDD,Metal1,29.0490,154.3810,1.197266
FILLER_36_38,VDD,Metal1,25.6890,154.3810,1.199891
FILLER_36_7,VDD,Metal1,9.3600,154.9800,1.199945
FILLER_36_0,VDD,Metal1,7.4490,154.3810,1.199945
FILLER_35_635,VDD,Metal1,311.0400,147.4200,1.198447
FILLER_35_631,VDD,Metal1,309.6110,148.0160,1.198447
FILLER_35_624,VDD,Metal1,306.9690,148.0180,1.198451
FILLER_35_617,VDD,Metal1,303.6090,148.0180,1.198463
FILLER_35_608,VDD,Metal1,297.8400,147.4200,1.198479
FILLER_35_601,VDD,Metal1,295.9290,148.0180,1.198487
FILLER_35_594,VDD,Metal1,292.5690,148.0180,1.198501
FILLER_35_587,VDD,Metal1,289.2090,148.0180,1.198515
FILLER_35_576,VDD,Metal1,283.2110,148.0160,1.198523
FILLER_35_570,VDD,Metal1,279.8400,147.4200,1.198614
FILLER_35_566,VDD,Metal1,278.4110,148.0160,1.198614
FILLER_35_559,VDD,Metal1,275.7690,148.0180,1.198625
FILLER_35_552,VDD,Metal1,272.4090,148.0180,1.199162
FILLER_35_534,VDD,Metal1,262.5600,147.4200,1.199536
FILLER_35_527,VDD,Metal1,260.4090,148.0180,1.199540
FILLER_35_520,VDD,Metal1,255.8400,147.4200,1.199909
FILLER_35_516,VDD,Metal1,254.4110,148.0160,1.199909
FILLER_35_509,VDD,Metal1,251.7690,148.0180,1.199910
FILLER_35_502,VDD,Metal1,248.4090,148.0180,1.199923
FILLER_35_495,VDD,Metal1,245.0490,148.0180,1.199935
FILLER_35_488,VDD,Metal1,241.6890,148.0180,1.199948
FILLER_35_481,VDD,Metal1,237.6110,148.0160,1.199933
FILLER_35_465,VDD,Metal1,230.6490,148.0180,1.199893
FILLER_35_458,VDD,Metal1,227.2890,148.0180,1.199820
FILLER_35_451,VDD,Metal1,223.9290,148.0180,1.199815
FILLER_35_444,VDD,Metal1,220.5690,148.0180,1.199810
FILLER_35_437,VDD,Metal1,215.7600,147.4200,1.199802
FILLER_35_435,VDD,Metal1,215.0400,147.4200,1.199802
FILLER_35_426,VDD,Metal1,211.2110,148.0160,1.199798
FILLER_35_419,VDD,Metal1,208.5690,148.0180,1.199797
FILLER_35_412,VDD,Metal1,205.2090,148.0180,1.199796
FILLER_35_405,VDD,Metal1,201.8490,148.0180,1.199796
FILLER_35_389,VDD,Metal1,193.4510,148.0160,1.199804
FILLER_35_378,VDD,Metal1,188.1710,148.0160,1.199949
FILLER_35_371,VDD,Metal1,185.5290,148.0180,1.199967
FILLER_35_361,VDD,Metal1,179.5200,147.4200,1.199972
FILLER_35_354,VDD,Metal1,177.3690,148.0180,1.199977
FILLER_35_347,VDD,Metal1,174.0090,148.0180,1.199982
FILLER_35_340,VDD,Metal1,170.6490,148.0180,1.199987
FILLER_35_334,VDD,Metal1,166.5600,147.4200,1.199984
FILLER_35_312,VDD,Metal1,155.7600,147.4200,1.199925
FILLER_35_305,VDD,Metal1,153.8490,148.0180,1.199924
FILLER_35_298,VDD,Metal1,150.4890,148.0180,1.199923
FILLER_35_291,VDD,Metal1,147.1290,148.0180,1.199922
FILLER_35_284,VDD,Metal1,143.7690,148.0180,1.199921
FILLER_35_277,VDD,Metal1,140.4090,148.0180,1.199920
FILLER_35_267,VDD,Metal1,134.1600,147.4200,1.199913
FILLER_35_263,VDD,Metal1,132.9710,148.0160,1.199913
FILLER_35_252,VDD,Metal1,126.9600,147.4200,1.199915
FILLER_35_245,VDD,Metal1,125.0490,148.0180,1.199915
FILLER_35_238,VDD,Metal1,121.6890,148.0180,1.199918
FILLER_35_231,VDD,Metal1,118.3290,148.0180,1.199921
FILLER_35_190,VDD,Metal1,97.9310,148.0160,1.199937
FILLER_35_179,VDD,Metal1,91.9200,147.4200,1.199931
FILLER_35_148,VDD,Metal1,77.0400,147.4200,1.199925
FILLER_35_146,VDD,Metal1,76.3200,147.4200,1.199925
FILLER_35_135,VDD,Metal1,70.8000,147.4200,1.199923
FILLER_35_131,VDD,Metal1,69.6110,148.0160,1.199923
FILLER_35_124,VDD,Metal1,66.9690,148.0180,1.199923
FILLER_35_117,VDD,Metal1,62.8910,148.0160,1.199923
FILLER_35_110,VDD,Metal1,60.2490,148.0180,1.199924
FILLER_35_103,VDD,Metal1,56.8890,148.0180,1.199925
FILLER_35_96,VDD,Metal1,53.5290,148.0180,1.199925
FILLER_35_72,VDD,Metal1,42.0090,148.0180,1.199932
FILLER_35_65,VDD,Metal1,38.6490,148.0180,1.199935
FILLER_35_58,VDD,Metal1,35.2890,148.0180,1.199936
FILLER_35_51,VDD,Metal1,31.9290,148.0180,1.199938
FILLER_35_44,VDD,Metal1,28.5690,148.0180,1.199948
FILLER_35_37,VDD,Metal1,25.2090,148.0180,1.199951
FILLER_35_24,VDD,Metal1,18.2510,148.0160,1.199944
FILLER_35_7,VDD,Metal1,10.8090,148.0180,1.199944
FILLER_35_0,VDD,Metal1,7.4490,148.0180,1.199944
FILLER_34_614,VDD,Metal1,300.7200,147.4200,1.198473
FILLER_34_610,VDD,Metal1,299.5310,146.8230,1.198473
FILLER_34_603,VDD,Metal1,296.8890,146.8210,1.198478
FILLER_34_596,VDD,Metal1,293.5290,146.8210,1.198492
FILLER_34_589,VDD,Metal1,290.1690,146.8210,1.198506
FILLER_34_582,VDD,Metal1,286.8090,146.8210,1.198520
FILLER_34_575,VDD,Metal1,283.4490,146.8210,1.198523
FILLER_34_568,VDD,Metal1,280.0890,146.8210,1.198614
FILLER_34_561,VDD,Metal1,276.7290,146.8210,1.198615
FILLER_34_536,VDD,Metal1,263.5200,147.4200,1.199533
FILLER_34_526,VDD,Metal1,258.7200,147.4200,1.199583
FILLER_34_522,VDD,Metal1,257.2910,146.8230,1.199743
FILLER_34_515,VDD,Metal1,254.6490,146.8210,1.199909
FILLER_34_508,VDD,Metal1,251.2890,146.8210,1.199922
FILLER_34_501,VDD,Metal1,247.9290,146.8210,1.199935
FILLER_34_494,VDD,Metal1,244.5690,146.8210,1.199948
FILLER_34_487,VDD,Metal1,241.2090,146.8210,1.199945
FILLER_34_478,VDD,Metal1,235.4400,147.4200,1.199904
FILLER_34_469,VDD,Metal1,231.1200,147.4200,1.199893
FILLER_34_465,VDD,Metal1,229.9310,146.8230,1.199893
FILLER_34_458,VDD,Metal1,227.2890,146.8210,1.199820
FILLER_34_451,VDD,Metal1,223.9290,146.8210,1.199815
FILLER_34_444,VDD,Metal1,220.5690,146.8210,1.199810
FILLER_34_432,VDD,Metal1,213.6000,147.4200,1.199801
FILLER_34_425,VDD,Metal1,210.2400,147.4200,1.199797
FILLER_34_418,VDD,Metal1,208.0890,146.8210,1.199796
FILLER_34_412,VDD,Metal1,203.7600,147.4200,1.199796
FILLER_34_405,VDD,Metal1,201.8490,146.8210,1.199796
FILLER_34_393,VDD,Metal1,194.6400,147.4200,1.199803
FILLER_34_389,VDD,Metal1,193.4510,146.8230,1.199804
FILLER_34_382,VDD,Metal1,190.8090,146.8210,1.199808
FILLER_34_375,VDD,Metal1,187.4490,146.8210,1.199949
FILLER_34_368,VDD,Metal1,184.0890,146.8210,1.199967
FILLER_34_361,VDD,Metal1,180.7290,146.8210,1.199972
FILLER_34_354,VDD,Metal1,177.3690,146.8210,1.199977
FILLER_34_347,VDD,Metal1,174.0090,146.8210,1.199982
FILLER_34_340,VDD,Metal1,170.6490,146.8210,1.199987
FILLER_34_333,VDD,Metal1,167.2890,146.8210,1.199984
FILLER_34_326,VDD,Metal1,163.9290,146.8210,1.199928
FILLER_34_319,VDD,Metal1,160.5690,146.8210,1.199927
FILLER_34_312,VDD,Metal1,157.2090,146.8210,1.199925
FILLER_34_305,VDD,Metal1,153.8490,146.8210,1.199924
FILLER_34_298,VDD,Metal1,150.4890,146.8210,1.199923
FILLER_34_291,VDD,Metal1,147.1290,146.8210,1.199922
FILLER_34_284,VDD,Metal1,143.7690,146.8210,1.199921
FILLER_34_277,VDD,Metal1,140.4090,146.8210,1.199920
FILLER_34_268,VDD,Metal1,134.6400,147.4200,1.199910
FILLER_34_264,VDD,Metal1,133.4510,146.8230,1.199913
FILLER_34_257,VDD,Metal1,130.8090,146.8210,1.199913
FILLER_34_250,VDD,Metal1,127.4490,146.8210,1.199914
FILLER_34_243,VDD,Metal1,124.0890,146.8210,1.199917
FILLER_34_236,VDD,Metal1,120.7290,146.8210,1.199920
FILLER_34_231,VDD,Metal1,117.1200,147.4200,1.199921
FILLER_34_227,VDD,Metal1,115.6910,146.8230,1.199929
FILLER_34_220,VDD,Metal1,113.0490,146.8210,1.199929
FILLER_34_213,VDD,Metal1,109.6890,146.8210,1.199930
FILLER_34_182,VDD,Metal1,93.3600,147.4200,1.199943
FILLER_34_173,VDD,Metal1,89.0400,147.4200,1.199929
FILLER_34_167,VDD,Metal1,86.1600,147.4200,1.199929
FILLER_34_160,VDD,Metal1,84.2490,146.8210,1.199929
FILLER_34_154,VDD,Metal1,79.9200,147.4200,1.199929
FILLER_34_149,VDD,Metal1,77.7600,147.4200,1.199929
FILLER_34_142,VDD,Metal1,75.6090,146.8210,1.199925
FILLER_34_132,VDD,Metal1,69.3600,147.4200,1.199923
FILLER_34_128,VDD,Metal1,68.1710,146.8230,1.199923
FILLER_34_117,VDD,Metal1,62.1600,147.4200,1.199923
FILLER_34_115,VDD,Metal1,61.4400,147.4200,1.199924
FILLER_34_108,VDD,Metal1,59.2890,146.8210,1.199924
FILLER_34_101,VDD,Metal1,55.9290,146.8210,1.199925
FILLER_34_94,VDD,Metal1,52.5690,146.8210,1.199926
FILLER_34_87,VDD,Metal1,49.2090,146.8210,1.199927
FILLER_34_80,VDD,Metal1,45.8490,146.8210,1.199930
FILLER_34_73,VDD,Metal1,42.4890,146.8210,1.199931
FILLER_34_42,VDD,Metal1,26.1600,147.4200,1.199951
FILLER_34_35,VDD,Metal1,24.2490,146.8210,1.199959
FILLER_34_28,VDD,Metal1,20.8890,146.8210,1.199964
FILLER_34_21,VDD,Metal1,17.5290,146.8210,1.199944
FILLER_34_14,VDD,Metal1,14.1690,146.8210,1.199944
FILLER_34_7,VDD,Metal1,10.8090,146.8210,1.199944
FILLER_34_0,VDD,Metal1,7.4490,146.8210,1.199944
FILLER_33_642,VDD,Metal1,314.1600,139.8600,1.199030
FILLER_33_638,VDD,Metal1,312.9710,140.4560,1.199062
FILLER_33_626,VDD,Metal1,306.4800,139.8600,1.199070
FILLER_33_622,VDD,Metal1,305.2910,140.4560,1.199279
FILLER_33_615,VDD,Metal1,302.6490,140.4580,1.199306
FILLER_33_608,VDD,Metal1,299.2890,140.4580,1.199313
FILLER_33_601,VDD,Metal1,295.9290,140.4580,1.199342
FILLER_33_594,VDD,Metal1,292.5690,140.4580,1.199343
FILLER_33_587,VDD,Metal1,289.2090,140.4580,1.199372
FILLER_33_572,VDD,Metal1,280.5600,139.8600,1.199593
FILLER_33_570,VDD,Metal1,279.8400,139.8600,1.199611
FILLER_33_563,VDD,Metal1,277.6890,140.4580,1.199612
FILLER_33_556,VDD,Metal1,274.3290,140.4580,1.199621
FILLER_33_528,VDD,Metal1,260.8890,140.4580,1.199795
FILLER_33_521,VDD,Metal1,257.5290,140.4580,1.199802
FILLER_33_514,VDD,Metal1,254.1690,140.4580,1.199809
FILLER_33_500,VDD,Metal1,246.2400,139.8600,1.199958
FILLER_33_482,VDD,Metal1,238.8090,140.4580,1.199724
FILLER_33_475,VDD,Metal1,234.2400,139.8600,1.199635
FILLER_33_468,VDD,Metal1,232.0890,140.4580,1.199631
FILLER_33_458,VDD,Metal1,226.5710,140.4560,1.199509
FILLER_33_453,VDD,Metal1,223.4400,139.8600,1.199478
FILLER_33_451,VDD,Metal1,222.7200,139.8600,1.199477
FILLER_33_444,VDD,Metal1,220.5690,140.4580,1.199477
FILLER_33_437,VDD,Metal1,217.2090,140.4580,1.199476
FILLER_33_430,VDD,Metal1,213.8490,140.4580,1.199472
FILLER_33_417,VDD,Metal1,206.1600,139.8600,1.198937
FILLER_33_410,VDD,Metal1,204.2490,140.4580,1.198936
FILLER_33_403,VDD,Metal1,200.8890,140.4580,1.198934
FILLER_33_396,VDD,Metal1,197.5290,140.4580,1.198934
FILLER_33_389,VDD,Metal1,194.1690,140.4580,1.198919
FILLER_33_382,VDD,Metal1,190.8090,140.4580,1.198918
FILLER_33_376,VDD,Metal1,186.7200,139.8600,1.199083
FILLER_33_370,VDD,Metal1,183.8400,139.8600,1.199099
FILLER_33_366,VDD,Metal1,182.4110,140.4560,1.199126
FILLER_33_355,VDD,Metal1,176.6400,139.8600,1.199904
FILLER_33_351,VDD,Metal1,175.2110,140.4560,1.199906
FILLER_33_344,VDD,Metal1,172.5690,140.4580,1.199906
FILLER_33_337,VDD,Metal1,169.2090,140.4580,1.199919
FILLER_33_303,VDD,Metal1,152.1710,140.4560,1.199898
FILLER_33_296,VDD,Metal1,149.5290,140.4580,1.199880
FILLER_33_267,VDD,Metal1,134.4000,139.8600,1.199813
FILLER_33_225,VDD,Metal1,114.2400,139.8600,1.199860
FILLER_33_218,VDD,Metal1,112.0890,140.4580,1.199861
FILLER_33_211,VDD,Metal1,108.7290,140.4580,1.199870
FILLER_33_204,VDD,Metal1,105.3690,140.4580,1.199879
FILLER_33_197,VDD,Metal1,102.0090,140.4580,1.199888
FILLER_33_190,VDD,Metal1,98.6490,140.4580,1.199897
FILLER_33_183,VDD,Metal1,95.2890,140.4580,1.199905
FILLER_33_172,VDD,Metal1,90.0090,140.4580,1.198273
FILLER_33_165,VDD,Metal1,86.6490,140.4580,1.198251
FILLER_33_158,VDD,Metal1,83.2890,140.4580,1.198242
FILLER_33_151,VDD,Metal1,79.9290,140.4580,1.198109
FILLER_33_144,VDD,Metal1,76.5690,140.4580,1.198102
FILLER_33_113,VDD,Metal1,60.2400,139.8600,1.198106
FILLER_33_106,VDD,Metal1,58.3290,140.4580,1.198106
FILLER_33_102,VDD,Metal1,54.9600,139.8600,1.198106
FILLER_33_70,VDD,Metal1,39.8400,139.8600,1.198305
FILLER_33_59,VDD,Metal1,34.5600,139.8600,1.198362
FILLER_33_55,VDD,Metal1,33.1310,140.4560,1.198857
FILLER_33_44,VDD,Metal1,27.1200,139.8600,1.198974
FILLER_33_40,VDD,Metal1,25.9310,140.4560,1.198975
FILLER_33_30,VDD,Metal1,20.4000,139.8600,1.199931
FILLER_33_28,VDD,Metal1,19.6800,139.8600,1.199931
FILLER_33_11,VDD,Metal1,11.2800,139.8600,1.199925
FILLER_33_4,VDD,Metal1,9.3690,140.4580,1.199919
FILLER_32_637,VDD,Metal1,312.0000,139.8600,1.199067
FILLER_32_633,VDD,Metal1,310.5710,139.2630,1.199068
FILLER_32_626,VDD,Metal1,307.9290,139.2610,1.199070
FILLER_32_619,VDD,Metal1,304.5690,139.2610,1.199279
FILLER_32_614,VDD,Metal1,300.7200,139.8600,1.199313
FILLER_32_612,VDD,Metal1,300.0000,139.8600,1.199313
FILLER_32_605,VDD,Metal1,297.8490,139.2610,1.199313
FILLER_32_598,VDD,Metal1,293.7710,139.2630,1.199343
FILLER_32_591,VDD,Metal1,291.1290,139.2610,1.199343
FILLER_32_568,VDD,Metal1,279.3710,139.2630,1.199611
FILLER_32_561,VDD,Metal1,276.7290,139.2610,1.199618
FILLER_32_554,VDD,Metal1,273.3690,139.2610,1.199627
FILLER_32_548,VDD,Metal1,269.0400,139.8600,1.199673
FILLER_32_544,VDD,Metal1,267.8510,139.2630,1.199695
FILLER_32_538,VDD,Metal1,264.2400,139.8600,1.199795
FILLER_32_534,VDD,Metal1,263.0510,139.2630,1.199795
FILLER_32_527,VDD,Metal1,260.4090,139.2610,1.199802
FILLER_32_520,VDD,Metal1,257.0490,139.2610,1.199809
FILLER_32_514,VDD,Metal1,252.9600,139.8600,1.199809
FILLER_32_510,VDD,Metal1,251.5310,139.2630,1.199941
FILLER_32_503,VDD,Metal1,248.8890,139.2610,1.199952
FILLER_32_495,VDD,Metal1,244.3310,139.2630,1.199951
FILLER_32_480,VDD,Metal1,236.6400,139.8600,1.199679
FILLER_32_473,VDD,Metal1,234.4890,139.2610,1.199635
FILLER_32_446,VDD,Metal1,220.3200,139.8600,1.199477
FILLER_32_442,VDD,Metal1,218.8910,139.2630,1.199477
FILLER_32_435,VDD,Metal1,216.2490,139.2610,1.199473
FILLER_32_428,VDD,Metal1,212.8890,139.2610,1.199469
FILLER_32_416,VDD,Metal1,205.9200,139.8600,1.198937
FILLER_32_409,VDD,Metal1,202.5600,139.8600,1.198935
FILLER_32_402,VDD,Metal1,200.4090,139.2610,1.198934
FILLER_32_368,VDD,Metal1,182.6400,139.8600,1.199126
FILLER_32_349,VDD,Metal1,173.5200,139.8600,1.199906
FILLER_32_345,VDD,Metal1,172.3310,139.2630,1.199906
FILLER_32_338,VDD,Metal1,169.6890,139.2610,1.199906
FILLER_32_331,VDD,Metal1,166.3290,139.2610,1.199919
FILLER_32_316,VDD,Metal1,157.6800,139.8600,1.199911
FILLER_32_314,VDD,Metal1,156.9600,139.8600,1.199899
FILLER_32_294,VDD,Metal1,147.3600,139.8600,1.199830
FILLER_32_255,VDD,Metal1,129.8490,139.2610,1.199803
FILLER_32_242,VDD,Metal1,122.1600,139.8600,1.199803
FILLER_32_238,VDD,Metal1,120.9710,139.2630,1.199803
FILLER_32_227,VDD,Metal1,115.2000,139.8600,1.199842
FILLER_32_223,VDD,Metal1,113.7710,139.2630,1.199860
FILLER_32_216,VDD,Metal1,111.1290,139.2610,1.199867
FILLER_32_209,VDD,Metal1,107.7690,139.2610,1.199876
FILLER_32_202,VDD,Metal1,104.4090,139.2610,1.199884
FILLER_32_195,VDD,Metal1,101.0490,139.2610,1.199893
FILLER_32_188,VDD,Metal1,97.6890,139.2610,1.199902
FILLER_32_161,VDD,Metal1,83.5200,139.8600,1.198242
FILLER_32_154,VDD,Metal1,81.3690,139.2610,1.198109
FILLER_32_98,VDD,Metal1,53.7710,139.2630,1.198151
FILLER_32_83,VDD,Metal1,45.8400,139.8600,1.198151
FILLER_32_81,VDD,Metal1,45.1200,139.8600,1.198151
FILLER_32_70,VDD,Metal1,39.6000,139.8600,1.198305
FILLER_32_66,VDD,Metal1,38.4110,139.2630,1.198362
FILLER_32_59,VDD,Metal1,35.7690,139.2610,1.198362
FILLER_32_40,VDD,Metal1,26.6490,139.2610,1.198974
FILLER_32_2,VDD,Metal1,6.9600,139.8600,1.199917
FILLER_32_0,VDD,Metal1,6.2400,139.8600,1.199916
FILLER_31_626,VDD,Metal1,307.9290,132.8980,1.198913
FILLER_31_605,VDD,Metal1,296.4000,132.3000,1.199143
FILLER_31_598,VDD,Metal1,294.4890,132.8980,1.199156
FILLER_31_591,VDD,Metal1,291.1290,132.8980,1.199172
FILLER_31_571,VDD,Metal1,280.3200,132.3000,1.199465
FILLER_31_551,VDD,Metal1,271.2110,132.8960,1.199643
FILLER_31_544,VDD,Metal1,267.3600,132.3000,1.199663
FILLER_31_537,VDD,Metal1,265.2090,132.8980,1.199679
FILLER_31_530,VDD,Metal1,261.8490,132.8980,1.199689
FILLER_31_523,VDD,Metal1,258.4890,132.8980,1.199695
FILLER_31_504,VDD,Metal1,248.6510,132.8960,1.199960
FILLER_31_497,VDD,Metal1,246.0090,132.8980,1.199960
FILLER_31_490,VDD,Metal1,242.6490,132.8980,1.199956
FILLER_31_484,VDD,Metal1,238.3200,132.3000,1.199927
FILLER_31_480,VDD,Metal1,237.1310,132.8960,1.199917
FILLER_31_473,VDD,Metal1,234.4890,132.8980,1.199916
FILLER_31_454,VDD,Metal1,224.6510,132.8960,1.199860
FILLER_31_447,VDD,Metal1,222.0090,132.8980,1.199860
FILLER_31_440,VDD,Metal1,218.6490,132.8980,1.199863
FILLER_31_433,VDD,Metal1,215.2890,132.8980,1.199866
FILLER_31_424,VDD,Metal1,210.2510,132.8960,1.199872
FILLER_31_418,VDD,Metal1,206.8800,132.3000,1.199875
FILLER_31_411,VDD,Metal1,204.7290,132.8980,1.199876
FILLER_31_404,VDD,Metal1,201.3690,132.8980,1.199877
FILLER_31_399,VDD,Metal1,197.5200,132.3000,1.199877
FILLER_31_397,VDD,Metal1,196.8000,132.3000,1.199880
FILLER_31_383,VDD,Metal1,190.0800,132.3000,1.199907
FILLER_31_377,VDD,Metal1,186.9600,132.3000,1.199909
FILLER_31_370,VDD,Metal1,185.0490,132.8980,1.199919
FILLER_31_363,VDD,Metal1,181.6890,132.8980,1.199928
FILLER_31_356,VDD,Metal1,178.3290,132.8980,1.199938
FILLER_31_340,VDD,Metal1,169.2000,132.3000,1.199955
FILLER_31_338,VDD,Metal1,168.4800,132.3000,1.199938
FILLER_31_331,VDD,Metal1,166.3290,132.8980,1.199928
FILLER_31_316,VDD,Metal1,157.9200,132.3000,1.199805
FILLER_31_309,VDD,Metal1,155.7690,132.8980,1.199805
FILLER_31_303,VDD,Metal1,151.6800,132.3000,1.199732
FILLER_31_296,VDD,Metal1,149.5290,132.8980,1.199724
FILLER_31_289,VDD,Metal1,144.7200,132.3000,1.199716
FILLER_31_285,VDD,Metal1,143.5310,132.8960,1.199716
FILLER_31_263,VDD,Metal1,132.9710,132.8960,1.199652
FILLER_31_247,VDD,Metal1,124.8000,132.3000,1.199646
FILLER_31_243,VDD,Metal1,123.3710,132.8960,1.199642
FILLER_31_196,VDD,Metal1,100.8110,132.8960,1.199776
FILLER_31_158,VDD,Metal1,81.8400,132.3000,1.199747
FILLER_31_156,VDD,Metal1,81.1200,132.3000,1.199732
FILLER_31_149,VDD,Metal1,78.9690,132.8980,1.199728
FILLER_31_142,VDD,Metal1,74.4000,132.3000,1.199698
FILLER_31_135,VDD,Metal1,70.8000,132.3000,1.199684
FILLER_31_131,VDD,Metal1,69.6110,132.8960,1.199682
FILLER_31_121,VDD,Metal1,64.0800,132.3000,1.199674
FILLER_31_110,VDD,Metal1,58.8000,132.3000,1.199675
FILLER_31_103,VDD,Metal1,56.8890,132.8980,1.199675
FILLER_31_96,VDD,Metal1,53.5290,132.8980,1.199676
FILLER_31_89,VDD,Metal1,50.1690,132.8980,1.199851
FILLER_31_83,VDD,Metal1,46.0800,132.3000,1.199881
FILLER_31_79,VDD,Metal1,44.6510,132.8960,1.199881
FILLER_31_72,VDD,Metal1,42.0090,132.8980,1.199881
FILLER_31_67,VDD,Metal1,38.1600,132.3000,1.199885
FILLER_31_65,VDD,Metal1,37.4400,132.3000,1.199885
FILLER_31_44,VDD,Metal1,27.1200,132.3000,1.199909
FILLER_31_42,VDD,Metal1,26.4000,132.3000,1.199919
FILLER_31_35,VDD,Metal1,24.2490,132.8980,1.199925
FILLER_31_4,VDD,Metal1,8.6510,132.8960,1.199929
FILLER_30_614,VDD,Metal1,300.9600,132.3000,1.199136
FILLER_30_605,VDD,Metal1,297.1310,131.7030,1.199143
FILLER_30_598,VDD,Metal1,294.4890,131.7010,1.199156
FILLER_30_591,VDD,Metal1,291.1290,131.7010,1.199172
FILLER_30_585,VDD,Metal1,287.0400,132.3000,1.199268
FILLER_30_565,VDD,Metal1,278.6490,131.7010,1.199468
FILLER_30_556,VDD,Metal1,272.8800,132.3000,1.199609
FILLER_30_554,VDD,Metal1,272.1600,132.3000,1.199609
FILLER_30_538,VDD,Metal1,264.4800,132.3000,1.199679
FILLER_30_531,VDD,Metal1,262.3290,131.7010,1.199679
FILLER_30_524,VDD,Metal1,258.9690,131.7010,1.199689
FILLER_30_510,VDD,Metal1,251.5310,131.7030,1.199953
FILLER_30_503,VDD,Metal1,248.8890,131.7010,1.199960
FILLER_30_496,VDD,Metal1,245.5290,131.7010,1.199956
FILLER_30_491,VDD,Metal1,241.6800,132.3000,1.199956
FILLER_30_489,VDD,Metal1,240.9600,132.3000,1.199939
FILLER_30_482,VDD,Metal1,237.6000,132.3000,1.199917
FILLER_30_478,VDD,Metal1,236.1710,131.7030,1.199917
FILLER_30_471,VDD,Metal1,233.5290,131.7010,1.199913
FILLER_30_464,VDD,Metal1,230.1690,131.7010,1.199888
FILLER_30_457,VDD,Metal1,226.8090,131.7010,1.199860
FILLER_30_450,VDD,Metal1,223.4490,131.7010,1.199860
FILLER_30_443,VDD,Metal1,220.0890,131.7010,1.199863
FILLER_30_436,VDD,Metal1,216.7290,131.7010,1.199866
FILLER_30_426,VDD,Metal1,210.4800,132.3000,1.199872
FILLER_30_419,VDD,Metal1,208.5690,131.7010,1.199873
FILLER_30_412,VDD,Metal1,205.2090,131.7010,1.199875
FILLER_30_405,VDD,Metal1,201.8490,131.7010,1.199876
FILLER_30_398,VDD,Metal1,198.4890,131.7010,1.199877
FILLER_30_391,VDD,Metal1,195.1290,131.7010,1.199881
FILLER_30_377,VDD,Metal1,188.4090,131.7010,1.199909
FILLER_30_370,VDD,Metal1,185.0490,131.7010,1.199919
FILLER_30_363,VDD,Metal1,181.6890,131.7010,1.199928
FILLER_30_356,VDD,Metal1,178.3290,131.7010,1.199938
FILLER_30_349,VDD,Metal1,174.9690,131.7010,1.199949
FILLER_30_344,VDD,Metal1,171.1200,132.3000,1.199955
FILLER_30_340,VDD,Metal1,169.9310,131.7030,1.199955
FILLER_30_333,VDD,Metal1,167.2890,131.7010,1.199939
FILLER_30_326,VDD,Metal1,163.9290,131.7010,1.199922
FILLER_30_319,VDD,Metal1,160.5690,131.7010,1.199905
FILLER_30_312,VDD,Metal1,157.2090,131.7010,1.199805
FILLER_30_305,VDD,Metal1,153.8490,131.7010,1.199748
FILLER_30_298,VDD,Metal1,150.4890,131.7010,1.199733
FILLER_30_255,VDD,Metal1,128.6400,132.3000,1.199647
FILLER_30_248,VDD,Metal1,126.4890,131.7010,1.199647
FILLER_30_233,VDD,Metal1,118.0800,132.3000,1.199641
FILLER_30_229,VDD,Metal1,116.6510,131.7030,1.199641
FILLER_30_215,VDD,Metal1,109.9310,131.7030,1.199648
FILLER_30_208,VDD,Metal1,107.2890,131.7010,1.199651
FILLER_30_201,VDD,Metal1,103.9290,131.7010,1.199664
FILLER_30_182,VDD,Metal1,93.3600,132.3000,1.199796
FILLER_30_180,VDD,Metal1,92.6400,132.3000,1.199796
FILLER_30_166,VDD,Metal1,86.4110,131.7030,1.199794
FILLER_30_161,VDD,Metal1,83.2800,132.3000,1.199779
FILLER_30_157,VDD,Metal1,82.0910,131.7030,1.199747
FILLER_30_149,VDD,Metal1,77.7600,132.3000,1.199728
FILLER_30_96,VDD,Metal1,52.0800,132.3000,1.199676
FILLER_30_92,VDD,Metal1,50.8910,131.7030,1.199851
FILLER_30_85,VDD,Metal1,48.2490,131.7010,1.199874
FILLER_30_78,VDD,Metal1,44.8890,131.7010,1.199881
FILLER_30_71,VDD,Metal1,41.5290,131.7010,1.199883
FILLER_30_64,VDD,Metal1,38.1690,131.7010,1.199885
FILLER_30_57,VDD,Metal1,34.8090,131.7010,1.199887
FILLER_30_44,VDD,Metal1,27.8510,131.7030,1.199909
FILLER_30_37,VDD,Metal1,25.2090,131.7010,1.199918
FILLER_30_30,VDD,Metal1,21.8490,131.7010,1.199929
FILLER_30_20,VDD,Metal1,15.6000,132.3000,1.199930
FILLER_30_11,VDD,Metal1,11.2800,132.3000,1.199929
FILLER_30_7,VDD,Metal1,10.0910,131.7030,1.199930
FILLER_30_0,VDD,Metal1,7.4490,131.7010,1.199929
FILLER_29_650,VDD,Metal1,318.2400,124.7400,1.196354
FILLER_29_635,VDD,Metal1,310.8000,124.7400,1.196362
FILLER_29_629,VDD,Metal1,307.9200,124.7400,1.196373
FILLER_29_624,VDD,Metal1,305.7600,124.7400,1.196374
FILLER_29_613,VDD,Metal1,300.2400,124.7400,1.196384
FILLER_29_611,VDD,Metal1,299.5200,124.7400,1.196392
FILLER_29_604,VDD,Metal1,297.3690,125.3380,1.196396
FILLER_29_597,VDD,Metal1,294.0090,125.3380,1.196399
FILLER_29_590,VDD,Metal1,290.6490,125.3380,1.196408
FILLER_29_578,VDD,Metal1,284.1710,125.3360,1.196463
FILLER_29_571,VDD,Metal1,281.5290,125.3380,1.196654
FILLER_29_563,VDD,Metal1,276.9710,125.3360,1.197063
FILLER_29_556,VDD,Metal1,274.3290,125.3380,1.197072
FILLER_29_549,VDD,Metal1,270.9690,125.3380,1.197082
FILLER_29_542,VDD,Metal1,267.6090,125.3380,1.197092
FILLER_29_532,VDD,Metal1,261.3600,124.7400,1.199333
FILLER_29_528,VDD,Metal1,260.1710,125.3360,1.199334
FILLER_29_521,VDD,Metal1,257.5290,125.3380,1.199529
FILLER_29_512,VDD,Metal1,251.7600,124.7400,1.199898
FILLER_29_505,VDD,Metal1,249.8490,125.3380,1.199901
FILLER_29_495,VDD,Metal1,243.6000,124.7400,1.199957
FILLER_29_479,VDD,Metal1,236.1600,124.7400,1.199933
FILLER_29_472,VDD,Metal1,234.0090,125.3380,1.199924
FILLER_29_465,VDD,Metal1,230.6490,125.3380,1.199914
FILLER_29_458,VDD,Metal1,227.2890,125.3380,1.199905
FILLER_29_451,VDD,Metal1,223.9290,125.3380,1.199894
FILLER_29_444,VDD,Metal1,220.5690,125.3380,1.199893
FILLER_29_437,VDD,Metal1,217.2090,125.3380,1.199892
FILLER_29_421,VDD,Metal1,208.8110,125.3360,1.199862
FILLER_29_414,VDD,Metal1,206.1690,125.3380,1.199862
FILLER_29_407,VDD,Metal1,202.8090,125.3380,1.199861
FILLER_29_400,VDD,Metal1,199.4490,125.3380,1.199861
FILLER_29_393,VDD,Metal1,196.0890,125.3380,1.199861
FILLER_29_386,VDD,Metal1,192.7290,125.3380,1.199861
FILLER_29_370,VDD,Metal1,183.6000,124.7400,1.199929
FILLER_29_368,VDD,Metal1,182.8800,124.7400,1.199929
FILLER_29_361,VDD,Metal1,180.7290,125.3380,1.199936
FILLER_29_354,VDD,Metal1,177.3690,125.3380,1.199947
FILLER_29_347,VDD,Metal1,174.0090,125.3380,1.199958
FILLER_29_340,VDD,Metal1,170.6490,125.3380,1.199969
FILLER_29_334,VDD,Metal1,166.5600,124.7400,1.199946
FILLER_29_330,VDD,Metal1,165.1310,125.3360,1.199946
FILLER_29_321,VDD,Metal1,160.8110,125.3360,1.199635
FILLER_29_314,VDD,Metal1,158.1690,125.3380,1.199611
FILLER_29_307,VDD,Metal1,154.8090,125.3380,1.197959
FILLER_29_300,VDD,Metal1,151.4490,125.3380,1.197958
FILLER_29_274,VDD,Metal1,138.2510,125.3360,1.198212
FILLER_29_212,VDD,Metal1,107.7600,124.7400,1.199582
FILLER_29_205,VDD,Metal1,105.8490,125.3380,1.199584
FILLER_29_167,VDD,Metal1,86.1600,124.7400,1.199784
FILLER_29_165,VDD,Metal1,85.4400,124.7400,1.199784
FILLER_29_158,VDD,Metal1,83.2890,125.3380,1.199784
FILLER_29_131,VDD,Metal1,69.1200,124.7400,1.199583
FILLER_29_127,VDD,Metal1,67.6910,125.3360,1.199583
FILLER_29_120,VDD,Metal1,65.0490,125.3380,1.199583
FILLER_29_109,VDD,Metal1,58.3200,124.7400,1.199584
FILLER_29_105,VDD,Metal1,57.1310,125.3360,1.199584
FILLER_29_100,VDD,Metal1,54.2400,124.7400,1.199602
FILLER_29_96,VDD,Metal1,52.8110,125.3360,1.199602
FILLER_29_89,VDD,Metal1,50.1690,125.3380,1.199602
FILLER_29_82,VDD,Metal1,46.8090,125.3380,1.199602
FILLER_29_75,VDD,Metal1,43.4490,125.3380,1.199602
FILLER_29_68,VDD,Metal1,40.0890,125.3380,1.199919
FILLER_29_61,VDD,Metal1,36.7290,125.3380,1.199930
FILLER_29_54,VDD,Metal1,33.3690,125.3380,1.199933
FILLER_29_47,VDD,Metal1,30.0090,125.3380,1.199939
FILLER_29_40,VDD,Metal1,26.6490,125.3380,1.199945
FILLER_29_9,VDD,Metal1,10.3200,124.7400,1.199966
FILLER_29_7,VDD,Metal1,9.6000,124.7400,1.199966
FILLER_29_0,VDD,Metal1,7.4490,125.3380,1.199966
FILLER_28_642,VDD,Metal1,314.4000,124.7400,1.196356
FILLER_28_619,VDD,Metal1,303.3600,124.7400,1.196377
FILLER_28_612,VDD,Metal1,301.2090,124.1410,1.196384
FILLER_28_605,VDD,Metal1,297.8490,124.1410,1.196393
FILLER_28_598,VDD,Metal1,294.4890,124.1410,1.196396
FILLER_28_580,VDD,Metal1,285.1310,124.1430,1.196463
FILLER_28_562,VDD,Metal1,276.0000,124.7400,1.197070
FILLER_28_558,VDD,Metal1,274.5710,124.1430,1.197072
FILLER_28_551,VDD,Metal1,271.9290,124.1410,1.197076
FILLER_28_544,VDD,Metal1,268.5690,124.1410,1.197085
FILLER_28_536,VDD,Metal1,264.0110,124.1430,1.199332
FILLER_28_529,VDD,Metal1,261.3690,124.1410,1.199333
FILLER_28_521,VDD,Metal1,256.0800,124.7400,1.199529
FILLER_28_515,VDD,Metal1,253.2000,124.7400,1.199888
FILLER_28_505,VDD,Metal1,248.6400,124.7400,1.199901
FILLER_28_501,VDD,Metal1,247.2110,124.1430,1.199946
FILLER_28_493,VDD,Metal1,242.8800,124.7400,1.199945
FILLER_28_486,VDD,Metal1,240.7290,124.1410,1.199945
FILLER_28_479,VDD,Metal1,237.3690,124.1410,1.199933
FILLER_28_472,VDD,Metal1,234.0090,124.1410,1.199924
FILLER_28_465,VDD,Metal1,230.6490,124.1410,1.199914
FILLER_28_458,VDD,Metal1,227.2890,124.1410,1.199905
FILLER_28_443,VDD,Metal1,219.3710,124.1430,1.199892
FILLER_28_425,VDD,Metal1,210.0000,124.7400,1.199862
FILLER_28_421,VDD,Metal1,208.8110,124.1430,1.199862
FILLER_28_414,VDD,Metal1,206.1690,124.1410,1.199862
FILLER_28_407,VDD,Metal1,202.8090,124.1410,1.199861
FILLER_28_402,VDD,Metal1,198.9600,124.7400,1.199861
FILLER_28_395,VDD,Metal1,197.0490,124.1410,1.199861
FILLER_28_388,VDD,Metal1,193.6890,124.1410,1.199861
FILLER_28_377,VDD,Metal1,187.2000,124.7400,1.199851
FILLER_28_372,VDD,Metal1,184.5600,124.7400,1.199929
FILLER_28_370,VDD,Metal1,183.8400,124.7400,1.199929
FILLER_28_360,VDD,Metal1,179.0400,124.7400,1.199945
FILLER_28_354,VDD,Metal1,175.9200,124.7400,1.199947
FILLER_28_352,VDD,Metal1,175.2000,124.7400,1.199958
FILLER_28_323,VDD,Metal1,161.0400,124.7400,1.199635
FILLER_28_321,VDD,Metal1,160.3200,124.7400,1.199635
FILLER_28_312,VDD,Metal1,155.7600,124.7400,1.197959
FILLER_28_305,VDD,Metal1,152.4000,124.7400,1.197958
FILLER_28_301,VDD,Metal1,151.2110,124.1430,1.197958
FILLER_28_294,VDD,Metal1,148.5690,124.1410,1.197958
FILLER_28_287,VDD,Metal1,145.2090,124.1410,1.197958
FILLER_28_280,VDD,Metal1,141.8490,124.1410,1.197958
FILLER_28_266,VDD,Metal1,134.4110,124.1430,1.198727
FILLER_28_253,VDD,Metal1,128.1710,124.1430,1.198727
FILLER_28_233,VDD,Metal1,119.2890,124.1410,1.198773
FILLER_28_221,VDD,Metal1,112.3200,124.7400,1.198773
FILLER_28_217,VDD,Metal1,110.8910,124.1430,1.198773
FILLER_28_210,VDD,Metal1,108.2490,124.1410,1.199571
FILLER_28_203,VDD,Metal1,104.8890,124.1410,1.199612
FILLER_28_196,VDD,Metal1,101.5290,124.1410,1.199803
FILLER_28_184,VDD,Metal1,95.7690,124.1410,1.199814
FILLER_28_180,VDD,Metal1,92.4000,124.7400,1.199803
FILLER_28_178,VDD,Metal1,91.6800,124.7400,1.199803
FILLER_28_171,VDD,Metal1,89.5290,124.1410,1.199786
FILLER_28_164,VDD,Metal1,86.1690,124.1410,1.199784
FILLER_28_154,VDD,Metal1,79.9200,124.7400,1.199769
FILLER_28_150,VDD,Metal1,78.7310,124.1430,1.199589
FILLER_28_119,VDD,Metal1,63.1200,124.7400,1.199583
FILLER_28_112,VDD,Metal1,61.2090,124.1410,1.199583
FILLER_28_105,VDD,Metal1,57.8490,124.1410,1.199584
FILLER_28_71,VDD,Metal1,40.8110,124.1430,1.199919
FILLER_28_67,VDD,Metal1,38.1600,124.7400,1.199930
FILLER_28_60,VDD,Metal1,36.2490,124.1410,1.199933
FILLER_28_53,VDD,Metal1,32.8890,124.1410,1.199939
FILLER_28_46,VDD,Metal1,29.5290,124.1410,1.199945
FILLER_28_39,VDD,Metal1,26.1690,124.1410,1.199948
FILLER_28_29,VDD,Metal1,19.9200,124.7400,1.199966
FILLER_28_25,VDD,Metal1,18.7310,124.1430,1.199966
FILLER_28_11,VDD,Metal1,11.2800,124.7400,1.199966
FILLER_28_7,VDD,Metal1,10.0910,124.1430,1.199966
FILLER_28_0,VDD,Metal1,7.4490,124.1410,1.199966
FILLER_27_641,VDD,Metal1,313.9200,117.1800,1.198774
FILLER_27_619,VDD,Metal1,303.3600,117.1800,1.198978
FILLER_27_615,VDD,Metal1,301.9310,117.7760,1.199225
FILLER_27_608,VDD,Metal1,299.2890,117.7780,1.199257
FILLER_27_601,VDD,Metal1,295.9290,117.7780,1.199288
FILLER_27_594,VDD,Metal1,292.5690,117.7780,1.199320
FILLER_27_587,VDD,Metal1,289.2090,117.7780,1.199352
FILLER_27_579,VDD,Metal1,284.6510,117.7760,1.199419
FILLER_27_572,VDD,Metal1,282.0090,117.7780,1.199427
FILLER_27_565,VDD,Metal1,277.4400,117.1800,1.199435
FILLER_27_558,VDD,Metal1,275.2890,117.7780,1.199438
FILLER_27_551,VDD,Metal1,271.9290,117.7780,1.199495
FILLER_27_546,VDD,Metal1,268.0800,117.1800,1.199523
FILLER_27_544,VDD,Metal1,267.3600,117.1800,1.199523
FILLER_27_535,VDD,Metal1,263.5310,117.7760,1.199532
FILLER_27_528,VDD,Metal1,260.8890,117.7780,1.199540
FILLER_27_521,VDD,Metal1,257.5290,117.7780,1.199549
FILLER_27_505,VDD,Metal1,248.4000,117.1800,1.199900
FILLER_27_503,VDD,Metal1,247.6800,117.1800,1.199900
FILLER_27_491,VDD,Metal1,241.6800,117.1800,1.199949
FILLER_27_487,VDD,Metal1,240.4910,117.7760,1.199916
FILLER_27_470,VDD,Metal1,231.6000,117.1800,1.198971
FILLER_27_453,VDD,Metal1,223.6800,117.1800,1.198312
FILLER_27_436,VDD,Metal1,215.2800,117.1800,1.198262
FILLER_27_429,VDD,Metal1,213.3690,117.7780,1.198261
FILLER_27_422,VDD,Metal1,210.0090,117.7780,1.198259
FILLER_27_415,VDD,Metal1,206.6490,117.7780,1.198257
FILLER_27_393,VDD,Metal1,194.8800,117.1800,1.198244
FILLER_27_386,VDD,Metal1,192.7290,117.7780,1.198243
FILLER_27_377,VDD,Metal1,187.6910,117.7760,1.198243
FILLER_27_368,VDD,Metal1,182.6400,117.1800,1.198244
FILLER_27_366,VDD,Metal1,181.9200,117.1800,1.198249
FILLER_27_359,VDD,Metal1,178.3200,117.1800,1.199912
FILLER_27_357,VDD,Metal1,177.6000,117.1800,1.199912
FILLER_27_335,VDD,Metal1,166.8000,117.1800,1.199955
FILLER_27_333,VDD,Metal1,166.0800,117.1800,1.199945
FILLER_27_327,VDD,Metal1,162.9600,117.1800,1.199927
FILLER_27_325,VDD,Metal1,162.2400,117.1800,1.199906
FILLER_27_313,VDD,Metal1,157.6890,117.7780,1.199892
FILLER_27_307,VDD,Metal1,153.3600,117.1800,1.199887
FILLER_27_305,VDD,Metal1,152.6400,117.1800,1.199884
FILLER_27_298,VDD,Metal1,150.4890,117.7780,1.199882
FILLER_27_293,VDD,Metal1,146.8800,117.1800,1.199877
FILLER_27_289,VDD,Metal1,145.4510,117.7760,1.199877
FILLER_27_275,VDD,Metal1,138.0000,117.1800,1.199867
FILLER_27_268,VDD,Metal1,136.0890,117.7780,1.199866
FILLER_27_261,VDD,Metal1,132.7290,117.7780,1.199866
FILLER_27_254,VDD,Metal1,129.3690,117.7780,1.199865
FILLER_27_247,VDD,Metal1,126.0090,117.7780,1.199864
FILLER_27_240,VDD,Metal1,122.6490,117.7780,1.199863
FILLER_27_235,VDD,Metal1,119.0400,117.1800,1.199866
FILLER_27_228,VDD,Metal1,116.8890,117.7780,1.199866
FILLER_27_221,VDD,Metal1,113.5290,117.7780,1.199879
FILLER_27_214,VDD,Metal1,110.1690,117.7780,1.199879
FILLER_27_207,VDD,Metal1,106.8090,117.7780,1.199879
FILLER_27_200,VDD,Metal1,103.4490,117.7780,1.199879
FILLER_27_193,VDD,Metal1,100.0890,117.7780,1.199891
FILLER_27_186,VDD,Metal1,96.7290,117.7780,1.199937
FILLER_27_179,VDD,Metal1,93.3690,117.7780,1.199937
FILLER_27_172,VDD,Metal1,90.0090,117.7780,1.199716
FILLER_27_133,VDD,Metal1,70.0800,117.1800,1.199577
FILLER_27_121,VDD,Metal1,64.3200,117.1800,1.199562
FILLER_27_117,VDD,Metal1,62.8910,117.7760,1.199562
FILLER_27_110,VDD,Metal1,60.2490,117.7780,1.199560
FILLER_27_103,VDD,Metal1,56.8890,117.7780,1.199553
FILLER_27_60,VDD,Metal1,36.2490,117.7780,1.199577
FILLER_27_53,VDD,Metal1,32.8890,117.7780,1.199591
FILLER_27_25,VDD,Metal1,18.7310,117.7760,1.199951
FILLER_27_4,VDD,Metal1,7.9200,117.1800,1.199882
FILLER_26_623,VDD,Metal1,305.0400,117.1800,1.198812
FILLER_26_619,VDD,Metal1,303.8510,116.5830,1.198978
FILLER_26_612,VDD,Metal1,301.2090,116.5810,1.199225
FILLER_26_605,VDD,Metal1,297.8490,116.5810,1.199257
FILLER_26_598,VDD,Metal1,294.4890,116.5810,1.199288
FILLER_26_591,VDD,Metal1,291.1290,116.5810,1.199320
FILLER_26_584,VDD,Metal1,287.7690,116.5810,1.199352
FILLER_26_573,VDD,Metal1,281.2800,117.1800,1.199427
FILLER_26_566,VDD,Metal1,279.1290,116.5810,1.199427
FILLER_26_559,VDD,Metal1,275.7690,116.5810,1.199436
FILLER_26_539,VDD,Metal1,264.9600,117.1800,1.199531
FILLER_26_535,VDD,Metal1,263.5310,116.5830,1.199532
FILLER_26_528,VDD,Metal1,260.8890,116.5810,1.199540
FILLER_26_521,VDD,Metal1,257.5290,116.5810,1.199549
FILLER_26_514,VDD,Metal1,254.1690,116.5810,1.199883
FILLER_26_507,VDD,Metal1,250.8090,116.5810,1.199886
FILLER_26_502,VDD,Metal1,246.9600,117.1800,1.199919
FILLER_26_498,VDD,Metal1,245.7710,116.5830,1.199964
FILLER_26_491,VDD,Metal1,243.1290,116.5810,1.199949
FILLER_26_479,VDD,Metal1,236.1600,117.1800,1.198994
FILLER_26_466,VDD,Metal1,229.6800,117.1800,1.198966
FILLER_26_459,VDD,Metal1,227.7690,116.5810,1.198965
FILLER_26_452,VDD,Metal1,224.4090,116.5810,1.198312
FILLER_26_445,VDD,Metal1,221.0490,116.5810,1.198280
FILLER_26_438,VDD,Metal1,217.6890,116.5810,1.198264
FILLER_26_431,VDD,Metal1,214.3290,116.5810,1.198262
FILLER_26_424,VDD,Metal1,210.9690,116.5810,1.198260
FILLER_26_417,VDD,Metal1,207.6090,116.5810,1.198259
FILLER_26_406,VDD,Metal1,200.8800,117.1800,1.198254
FILLER_26_404,VDD,Metal1,200.1600,117.1800,1.198254
FILLER_26_399,VDD,Metal1,197.5200,117.1800,1.198244
FILLER_26_397,VDD,Metal1,196.8000,117.1800,1.198244
FILLER_26_390,VDD,Metal1,194.6490,116.5810,1.198244
FILLER_26_383,VDD,Metal1,191.2890,116.5810,1.198243
FILLER_26_375,VDD,Metal1,186.7310,116.5830,1.198243
FILLER_26_371,VDD,Metal1,184.0800,117.1800,1.198244
FILLER_26_367,VDD,Metal1,182.8910,116.5830,1.198244
FILLER_26_360,VDD,Metal1,180.2490,116.5810,1.198250
FILLER_26_353,VDD,Metal1,176.8890,116.5810,1.199912
FILLER_26_347,VDD,Metal1,172.8000,117.1800,1.199956
FILLER_26_340,VDD,Metal1,170.6490,116.5810,1.199958
FILLER_26_325,VDD,Metal1,162.0000,117.1800,1.199906
FILLER_26_323,VDD,Metal1,161.2800,117.1800,1.199906
FILLER_26_311,VDD,Metal1,155.2800,117.1800,1.199888
FILLER_26_307,VDD,Metal1,154.0910,116.5830,1.199887
FILLER_26_300,VDD,Metal1,151.4490,116.5810,1.199884
FILLER_26_267,VDD,Metal1,134.8910,116.5830,1.199866
FILLER_26_260,VDD,Metal1,132.2490,116.5810,1.199865
FILLER_26_253,VDD,Metal1,128.8890,116.5810,1.199864
FILLER_26_243,VDD,Metal1,122.6400,117.1800,1.199863
FILLER_26_199,VDD,Metal1,101.5200,117.1800,1.199891
FILLER_26_197,VDD,Metal1,100.8000,117.1800,1.199891
FILLER_26_190,VDD,Metal1,98.6490,116.5810,1.199891
FILLER_26_179,VDD,Metal1,92.6510,116.5830,1.199937
FILLER_26_172,VDD,Metal1,90.0090,116.5810,1.199716
FILLER_26_165,VDD,Metal1,86.6490,116.5810,1.199700
FILLER_26_158,VDD,Metal1,83.2890,116.5810,1.199695
FILLER_26_151,VDD,Metal1,79.9290,116.5810,1.199695
FILLER_26_146,VDD,Metal1,76.3200,117.1800,1.199695
FILLER_26_139,VDD,Metal1,74.1690,116.5810,1.199579
FILLER_26_132,VDD,Metal1,70.8090,116.5810,1.199577
FILLER_26_125,VDD,Metal1,67.4490,116.5810,1.199571
FILLER_26_114,VDD,Metal1,60.9600,117.1800,1.199560
FILLER_26_107,VDD,Metal1,58.8090,116.5810,1.199560
FILLER_26_100,VDD,Metal1,55.4490,116.5810,1.199553
FILLER_26_58,VDD,Metal1,35.2890,116.5810,1.199586
FILLER_26_51,VDD,Metal1,31.9290,116.5810,1.199600
FILLER_26_44,VDD,Metal1,28.5690,116.5810,1.199604
FILLER_25_615,VDD,Metal1,302.6490,110.2180,1.199640
FILLER_25_608,VDD,Metal1,299.2890,110.2180,1.199649
FILLER_25_603,VDD,Metal1,295.4400,109.6200,1.199712
FILLER_25_601,VDD,Metal1,294.7200,109.6200,1.199712
FILLER_25_593,VDD,Metal1,290.8800,109.6200,1.199741
FILLER_25_589,VDD,Metal1,289.4510,110.2160,1.199758
FILLER_25_582,VDD,Metal1,286.8090,110.2180,1.199766
FILLER_25_565,VDD,Metal1,277.4400,109.6200,1.199800
FILLER_25_558,VDD,Metal1,274.0800,109.6200,1.199904
FILLER_25_549,VDD,Metal1,269.5200,109.6200,1.199924
FILLER_25_537,VDD,Metal1,264.0000,109.6200,1.199938
FILLER_25_533,VDD,Metal1,262.5710,110.2160,1.199938
FILLER_25_526,VDD,Metal1,259.9290,110.2180,1.199939
FILLER_25_519,VDD,Metal1,256.5690,110.2180,1.199944
FILLER_25_512,VDD,Metal1,253.2090,110.2180,1.199955
FILLER_25_505,VDD,Metal1,249.8490,110.2180,1.199965
FILLER_25_498,VDD,Metal1,245.2800,109.6200,1.199945
FILLER_25_494,VDD,Metal1,243.8510,110.2160,1.199928
FILLER_25_487,VDD,Metal1,239.7600,109.6200,1.199911
FILLER_25_485,VDD,Metal1,239.0400,109.6200,1.199908
FILLER_25_478,VDD,Metal1,236.8890,110.2180,1.199906
FILLER_25_471,VDD,Metal1,233.5290,110.2180,1.199901
FILLER_25_464,VDD,Metal1,230.1690,110.2180,1.199899
FILLER_25_457,VDD,Metal1,226.8090,110.2180,1.199892
FILLER_25_450,VDD,Metal1,223.4490,110.2180,1.199838
FILLER_25_443,VDD,Metal1,220.0890,110.2180,1.199838
FILLER_25_436,VDD,Metal1,216.7290,110.2180,1.199838
FILLER_25_429,VDD,Metal1,213.3690,110.2180,1.199842
FILLER_25_423,VDD,Metal1,209.0400,109.6200,1.199863
FILLER_25_419,VDD,Metal1,207.8510,110.2160,1.199876
FILLER_25_412,VDD,Metal1,205.2090,110.2180,1.199894
FILLER_25_401,VDD,Metal1,199.9290,110.2180,1.199901
FILLER_25_394,VDD,Metal1,196.5690,110.2180,1.199905
FILLER_25_387,VDD,Metal1,193.2090,110.2180,1.199906
FILLER_25_363,VDD,Metal1,181.6890,110.2180,1.199910
FILLER_25_356,VDD,Metal1,178.3290,110.2180,1.199926
FILLER_25_349,VDD,Metal1,174.9690,110.2180,1.199941
FILLER_25_342,VDD,Metal1,171.6090,110.2180,1.199956
FILLER_25_335,VDD,Metal1,168.2490,110.2180,1.199954
FILLER_25_328,VDD,Metal1,164.8890,110.2180,1.199943
FILLER_25_322,VDD,Metal1,160.8000,109.6200,1.199943
FILLER_25_315,VDD,Metal1,158.6490,110.2180,1.199929
FILLER_25_308,VDD,Metal1,155.2890,110.2180,1.199633
FILLER_25_301,VDD,Metal1,151.9290,110.2180,1.199595
FILLER_25_294,VDD,Metal1,148.5690,110.2180,1.199557
FILLER_25_287,VDD,Metal1,145.2090,110.2180,1.199519
FILLER_25_281,VDD,Metal1,140.8800,109.6200,1.199471
FILLER_25_275,VDD,Metal1,138.0000,109.6200,1.199462
FILLER_25_268,VDD,Metal1,136.0890,110.2180,1.199460
FILLER_25_261,VDD,Metal1,132.7290,110.2180,1.199450
FILLER_25_219,VDD,Metal1,111.1200,109.6200,1.199616
FILLER_25_215,VDD,Metal1,109.2000,109.6200,1.199652
FILLER_25_213,VDD,Metal1,108.4800,109.6200,1.199652
FILLER_25_196,VDD,Metal1,100.8110,110.2160,1.199925
FILLER_25_175,VDD,Metal1,90.2400,109.6200,1.199830
FILLER_25_168,VDD,Metal1,88.0890,110.2180,1.199830
FILLER_25_161,VDD,Metal1,84.7290,110.2180,1.199830
FILLER_25_154,VDD,Metal1,81.3690,110.2180,1.199830
FILLER_25_147,VDD,Metal1,78.0090,110.2180,1.199642
FILLER_25_140,VDD,Metal1,74.6490,110.2180,1.199632
FILLER_25_133,VDD,Metal1,71.2890,110.2180,1.199622
FILLER_25_92,VDD,Metal1,50.8910,110.2160,1.199570
FILLER_25_70,VDD,Metal1,39.6000,109.6200,1.199719
FILLER_25_60,VDD,Metal1,34.8000,109.6200,1.199729
FILLER_25_55,VDD,Metal1,32.4000,109.6200,1.199729
FILLER_25_51,VDD,Metal1,31.2110,110.2160,1.199732
FILLER_25_44,VDD,Metal1,28.5690,110.2180,1.199734
FILLER_25_37,VDD,Metal1,25.2090,110.2180,1.199739
FILLER_25_8,VDD,Metal1,10.0800,109.6200,1.199867
FILLER_24_646,VDD,Metal1,316.3200,109.6200,1.199383
FILLER_24_639,VDD,Metal1,314.1690,109.0210,1.199383
FILLER_24_632,VDD,Metal1,310.0910,109.0230,1.199382
FILLER_24_625,VDD,Metal1,307.4490,109.0210,1.199383
FILLER_24_618,VDD,Metal1,304.0890,109.0210,1.199640
FILLER_24_596,VDD,Metal1,292.0800,109.6200,1.199740
FILLER_24_590,VDD,Metal1,289.2000,109.6200,1.199758
FILLER_24_588,VDD,Metal1,288.4800,109.6200,1.199765
FILLER_24_581,VDD,Metal1,286.3290,109.0210,1.199769
FILLER_24_575,VDD,Metal1,282.0000,109.6200,1.199795
FILLER_24_561,VDD,Metal1,276.0110,109.0230,1.199890
FILLER_24_546,VDD,Metal1,268.0800,109.6200,1.199926
FILLER_24_539,VDD,Metal1,266.1690,109.0210,1.199928
FILLER_24_532,VDD,Metal1,262.8090,109.0210,1.199938
FILLER_24_525,VDD,Metal1,259.4490,109.0210,1.199944
FILLER_24_518,VDD,Metal1,254.8800,109.6200,1.199953
FILLER_24_514,VDD,Metal1,253.4510,109.0230,1.199955
FILLER_24_507,VDD,Metal1,250.8090,109.0210,1.199959
FILLER_24_497,VDD,Metal1,244.8000,109.6200,1.199945
FILLER_24_490,VDD,Metal1,241.4400,109.6200,1.199918
FILLER_24_483,VDD,Metal1,239.2890,109.0210,1.199908
FILLER_24_462,VDD,Metal1,227.7600,109.6200,1.199892
FILLER_24_446,VDD,Metal1,220.0800,109.6200,1.199838
FILLER_24_444,VDD,Metal1,219.3600,109.6200,1.199838
FILLER_24_435,VDD,Metal1,214.8000,109.6200,1.199842
FILLER_24_430,VDD,Metal1,212.4000,109.6200,1.199842
FILLER_24_428,VDD,Metal1,211.6800,109.6200,1.199853
FILLER_24_413,VDD,Metal1,204.4800,109.6200,1.199894
FILLER_24_409,VDD,Metal1,203.0510,109.0230,1.199894
FILLER_24_402,VDD,Metal1,200.4090,109.0210,1.199899
FILLER_24_395,VDD,Metal1,197.0490,109.0210,1.199901
FILLER_24_388,VDD,Metal1,193.6890,109.0210,1.199905
FILLER_24_373,VDD,Metal1,185.0400,109.6200,1.199910
FILLER_24_358,VDD,Metal1,179.2890,109.0210,1.199916
FILLER_24_351,VDD,Metal1,175.9290,109.0210,1.199931
FILLER_24_344,VDD,Metal1,172.5690,109.0210,1.199946
FILLER_24_337,VDD,Metal1,169.2090,109.0210,1.199962
FILLER_24_330,VDD,Metal1,165.8490,109.0210,1.199950
FILLER_24_315,VDD,Metal1,157.4400,109.6200,1.199929
FILLER_24_311,VDD,Metal1,156.0110,109.0230,1.199633
FILLER_24_304,VDD,Metal1,153.3690,109.0210,1.199595
FILLER_24_297,VDD,Metal1,150.0090,109.0210,1.199557
FILLER_24_290,VDD,Metal1,146.6490,109.0210,1.199519
FILLER_24_283,VDD,Metal1,143.2890,109.0210,1.199481
FILLER_24_276,VDD,Metal1,139.9290,109.0210,1.199471
FILLER_24_269,VDD,Metal1,136.5690,109.0210,1.199462
FILLER_24_225,VDD,Metal1,114.0000,109.6200,1.199567
FILLER_24_213,VDD,Metal1,108.9710,109.0230,1.199652
FILLER_24_196,VDD,Metal1,100.8110,109.0230,1.199925
FILLER_24_189,VDD,Metal1,98.1690,109.0210,1.199939
FILLER_24_184,VDD,Metal1,94.3200,109.6200,1.199900
FILLER_24_180,VDD,Metal1,93.1310,109.0230,1.199862
FILLER_24_149,VDD,Metal1,77.5200,109.6200,1.199642
FILLER_24_147,VDD,Metal1,76.8000,109.6200,1.199642
FILLER_24_140,VDD,Metal1,74.6490,109.0210,1.199632
FILLER_24_133,VDD,Metal1,71.2890,109.0210,1.199622
FILLER_24_124,VDD,Metal1,65.7600,109.6200,1.199558
FILLER_24_120,VDD,Metal1,64.3310,109.0230,1.199558
FILLER_24_113,VDD,Metal1,61.6890,109.0210,1.199558
FILLER_24_84,VDD,Metal1,46.3200,109.6200,1.199596
FILLER_24_69,VDD,Metal1,39.3600,109.6200,1.199719
FILLER_24_34,VDD,Metal1,22.3200,109.6200,1.199907
FILLER_24_30,VDD,Metal1,21.1310,109.0230,1.199907
FILLER_24_23,VDD,Metal1,18.4890,109.0210,1.199907
FILLER_24_16,VDD,Metal1,15.1290,109.0210,1.199907
FILLER_24_11,VDD,Metal1,11.2800,109.6200,1.199906
FILLER_24_4,VDD,Metal1,9.3690,109.0210,1.199867
FILLER_23_643,VDD,Metal1,314.6400,102.0600,1.198446
FILLER_23_639,VDD,Metal1,313.4510,102.6560,1.198446
FILLER_23_632,VDD,Metal1,309.6000,102.0600,1.198453
FILLER_23_625,VDD,Metal1,307.4490,102.6580,1.198453
FILLER_23_619,VDD,Metal1,303.3600,102.0600,1.198473
FILLER_23_615,VDD,Metal1,301.9310,102.6560,1.198712
FILLER_23_600,VDD,Metal1,294.0000,102.0600,1.198769
FILLER_23_596,VDD,Metal1,292.8110,102.6560,1.198770
FILLER_23_589,VDD,Metal1,290.1690,102.6580,1.198773
FILLER_23_582,VDD,Metal1,286.8090,102.6580,1.198777
FILLER_23_575,VDD,Metal1,283.4490,102.6580,1.198780
FILLER_23_570,VDD,Metal1,279.6000,102.0600,1.198780
FILLER_23_568,VDD,Metal1,278.8800,102.0600,1.198786
FILLER_23_561,VDD,Metal1,276.7290,102.6580,1.198789
FILLER_23_554,VDD,Metal1,273.3690,102.6580,1.198792
FILLER_23_547,VDD,Metal1,270.0090,102.6580,1.199419
FILLER_23_538,VDD,Metal1,264.9710,102.6560,1.199714
FILLER_23_531,VDD,Metal1,262.3290,102.6580,1.199720
FILLER_23_524,VDD,Metal1,258.9690,102.6580,1.199726
FILLER_23_517,VDD,Metal1,255.6090,102.6580,1.199732
FILLER_23_510,VDD,Metal1,252.2490,102.6580,1.199738
FILLER_23_496,VDD,Metal1,244.0800,102.0600,1.199939
FILLER_23_492,VDD,Metal1,242.8910,102.6560,1.199939
FILLER_23_485,VDD,Metal1,240.2490,102.6580,1.199673
FILLER_23_478,VDD,Metal1,236.8890,102.6580,1.199489
FILLER_23_470,VDD,Metal1,232.3310,102.6560,1.199391
FILLER_23_463,VDD,Metal1,228.4800,102.0600,1.199383
FILLER_23_456,VDD,Metal1,226.3290,102.6580,1.199380
FILLER_23_449,VDD,Metal1,222.9690,102.6580,1.199371
FILLER_23_442,VDD,Metal1,219.6090,102.6580,1.199362
FILLER_23_435,VDD,Metal1,216.2490,102.6580,1.199353
FILLER_23_413,VDD,Metal1,204.4800,102.0600,1.199275
FILLER_23_404,VDD,Metal1,200.6510,102.6560,1.198990
FILLER_23_396,VDD,Metal1,196.3200,102.0600,1.198178
FILLER_23_392,VDD,Metal1,194.8910,102.6560,1.198178
FILLER_23_373,VDD,Metal1,186.4890,102.6580,1.198173
FILLER_23_365,VDD,Metal1,181.9310,102.6560,1.198173
FILLER_23_358,VDD,Metal1,179.2890,102.6580,1.198176
FILLER_23_351,VDD,Metal1,175.9290,102.6580,1.199101
FILLER_23_344,VDD,Metal1,172.5690,102.6580,1.199928
FILLER_23_337,VDD,Metal1,169.2090,102.6580,1.199977
FILLER_23_325,VDD,Metal1,162.0000,102.0600,1.199602
FILLER_23_314,VDD,Metal1,156.7200,102.0600,1.199529
FILLER_23_296,VDD,Metal1,149.5290,102.6580,1.199525
FILLER_23_289,VDD,Metal1,146.1690,102.6580,1.199527
FILLER_23_282,VDD,Metal1,142.8090,102.6580,1.199528
FILLER_23_275,VDD,Metal1,139.4490,102.6580,1.199530
FILLER_23_268,VDD,Metal1,136.0890,102.6580,1.199541
FILLER_23_261,VDD,Metal1,132.7290,102.6580,1.199543
FILLER_23_248,VDD,Metal1,125.7710,102.6560,1.199667
FILLER_23_244,VDD,Metal1,123.1200,102.0600,1.199667
FILLER_23_240,VDD,Metal1,121.9310,102.6560,1.199830
FILLER_23_233,VDD,Metal1,119.2890,102.6580,1.199851
FILLER_23_188,VDD,Metal1,96.4800,102.0600,1.199952
FILLER_23_184,VDD,Metal1,95.0510,102.6560,1.199952
FILLER_23_177,VDD,Metal1,92.4090,102.6580,1.199767
FILLER_23_166,VDD,Metal1,85.9200,102.0600,1.199739
FILLER_23_151,VDD,Metal1,78.4800,102.0600,1.199602
FILLER_23_144,VDD,Metal1,76.5690,102.6580,1.199602
FILLER_23_137,VDD,Metal1,73.2090,102.6580,1.199602
FILLER_23_130,VDD,Metal1,69.8490,102.6580,1.199602
FILLER_23_123,VDD,Metal1,66.4890,102.6580,1.199604
FILLER_23_116,VDD,Metal1,63.1290,102.6580,1.199605
FILLER_23_109,VDD,Metal1,59.7690,102.6580,1.199606
FILLER_23_102,VDD,Metal1,56.4090,102.6580,1.199607
FILLER_23_94,VDD,Metal1,51.8510,102.6560,1.199607
FILLER_23_88,VDD,Metal1,48.2400,102.0600,1.199610
FILLER_23_86,VDD,Metal1,47.5200,102.0600,1.199610
FILLER_23_57,VDD,Metal1,33.6000,102.0600,1.199620
FILLER_23_50,VDD,Metal1,30.2400,102.0600,1.199653
FILLER_23_46,VDD,Metal1,28.8110,102.6560,1.199684
FILLER_23_41,VDD,Metal1,25.9200,102.0600,1.199686
FILLER_23_34,VDD,Metal1,23.7690,102.6580,1.199701
FILLER_23_23,VDD,Metal1,17.2800,102.0600,1.199952
FILLER_23_16,VDD,Metal1,15.1290,102.6580,1.199952
FILLER_23_11,VDD,Metal1,11.2800,102.0600,1.199952
FILLER_23_4,VDD,Metal1,9.3690,102.6580,1.199952
FILLER_22_640,VDD,Metal1,313.9310,101.4630,1.198446
FILLER_22_635,VDD,Metal1,310.8000,102.0600,1.198451
FILLER_22_628,VDD,Metal1,308.8890,101.4610,1.198453
FILLER_22_622,VDD,Metal1,304.8000,102.0600,1.198464
FILLER_22_609,VDD,Metal1,298.5600,102.0600,1.198752
FILLER_22_597,VDD,Metal1,294.0090,101.4610,1.198769
FILLER_22_590,VDD,Metal1,290.6490,101.4610,1.198770
FILLER_22_583,VDD,Metal1,287.2890,101.4610,1.198773
FILLER_22_576,VDD,Metal1,283.9290,101.4610,1.198777
FILLER_22_569,VDD,Metal1,280.5690,101.4610,1.198780
FILLER_22_562,VDD,Metal1,277.2090,101.4610,1.198787
FILLER_22_555,VDD,Metal1,273.8490,101.4610,1.198789
FILLER_22_546,VDD,Metal1,268.8110,101.4630,1.199420
FILLER_22_538,VDD,Metal1,264.9710,101.4630,1.199714
FILLER_22_531,VDD,Metal1,262.3290,101.4610,1.199720
FILLER_22_524,VDD,Metal1,258.9690,101.4610,1.199726
FILLER_22_517,VDD,Metal1,255.6090,101.4610,1.199732
FILLER_22_510,VDD,Metal1,252.2490,101.4610,1.199738
FILLER_22_503,VDD,Metal1,248.8890,101.4610,1.199957
FILLER_22_498,VDD,Metal1,245.0400,102.0600,1.199966
FILLER_22_494,VDD,Metal1,243.8510,101.4630,1.199939
FILLER_22_489,VDD,Metal1,240.7200,102.0600,1.199673
FILLER_22_485,VDD,Metal1,239.5310,101.4630,1.199673
FILLER_22_478,VDD,Metal1,236.8890,101.4610,1.199489
FILLER_22_468,VDD,Metal1,230.8800,102.0600,1.199383
FILLER_22_461,VDD,Metal1,228.7290,101.4610,1.199383
FILLER_22_454,VDD,Metal1,225.3690,101.4610,1.199375
FILLER_22_447,VDD,Metal1,222.0090,101.4610,1.199366
FILLER_22_440,VDD,Metal1,218.6490,101.4610,1.199357
FILLER_22_433,VDD,Metal1,215.2890,101.4610,1.199347
FILLER_22_426,VDD,Metal1,211.9290,101.4610,1.199347
FILLER_22_412,VDD,Metal1,204.4910,101.4630,1.199275
FILLER_22_407,VDD,Metal1,201.3600,102.0600,1.198991
FILLER_22_405,VDD,Metal1,200.6400,102.0600,1.198990
FILLER_22_398,VDD,Metal1,198.4890,101.4610,1.198990
FILLER_22_391,VDD,Metal1,195.1290,101.4610,1.198178
FILLER_22_378,VDD,Metal1,187.6800,102.0600,1.198173
FILLER_22_374,VDD,Metal1,186.2510,101.4630,1.198173
FILLER_22_367,VDD,Metal1,183.6090,101.4610,1.198173
FILLER_22_360,VDD,Metal1,180.2490,101.4610,1.198174
FILLER_22_337,VDD,Metal1,169.2090,101.4610,1.199977
FILLER_22_330,VDD,Metal1,165.8490,101.4610,1.199609
FILLER_22_323,VDD,Metal1,162.4890,101.4610,1.199602
FILLER_22_316,VDD,Metal1,159.1290,101.4610,1.199551
FILLER_22_301,VDD,Metal1,151.9290,101.4610,1.199524
FILLER_22_294,VDD,Metal1,148.5690,101.4610,1.199526
FILLER_22_287,VDD,Metal1,145.2090,101.4610,1.199528
FILLER_22_280,VDD,Metal1,141.8490,101.4610,1.199529
FILLER_22_266,VDD,Metal1,133.6800,102.0600,1.199543
FILLER_22_262,VDD,Metal1,132.4910,101.4630,1.199543
FILLER_22_253,VDD,Metal1,127.4400,102.0600,1.199657
FILLER_22_251,VDD,Metal1,126.7200,102.0600,1.199657
FILLER_22_244,VDD,Metal1,124.5690,101.4610,1.199667
FILLER_22_237,VDD,Metal1,121.2090,101.4610,1.199830
FILLER_22_230,VDD,Metal1,117.8490,101.4610,1.199851
FILLER_22_213,VDD,Metal1,108.2400,102.0600,1.199920
FILLER_22_211,VDD,Metal1,107.5200,102.0600,1.199920
FILLER_22_200,VDD,Metal1,102.0000,102.0600,1.199920
FILLER_22_198,VDD,Metal1,101.2800,102.0600,1.199946
FILLER_22_191,VDD,Metal1,99.1290,101.4610,1.199949
FILLER_22_184,VDD,Metal1,95.7690,101.4610,1.199952
FILLER_22_177,VDD,Metal1,92.4090,101.4610,1.199767
FILLER_22_170,VDD,Metal1,89.0490,101.4610,1.199754
FILLER_22_117,VDD,Metal1,63.6090,101.4610,1.199604
FILLER_22_110,VDD,Metal1,60.2490,101.4610,1.199605
FILLER_22_103,VDD,Metal1,56.8890,101.4610,1.199606
FILLER_22_96,VDD,Metal1,53.5290,101.4610,1.199607
FILLER_22_89,VDD,Metal1,50.1690,101.4610,1.199607
FILLER_22_82,VDD,Metal1,46.8090,101.4610,1.199610
FILLER_22_50,VDD,Metal1,30.0000,102.0600,1.199653
FILLER_22_48,VDD,Metal1,29.2800,102.0600,1.199684
FILLER_22_41,VDD,Metal1,27.1290,101.4610,1.199686
FILLER_22_34,VDD,Metal1,23.7690,101.4610,1.199701
FILLER_22_0,VDD,Metal1,6.7310,101.4630,1.199949
FILLER_21_647,VDD,Metal1,316.5600,94.5000,1.198850
FILLER_21_645,VDD,Metal1,315.8400,94.5000,1.198851
FILLER_21_626,VDD,Metal1,307.2110,95.0960,1.198877
FILLER_21_622,VDD,Metal1,304.5600,94.5000,1.198881
FILLER_21_620,VDD,Metal1,303.8400,94.5000,1.198881
FILLER_21_615,VDD,Metal1,301.2000,94.5000,1.198891
FILLER_21_609,VDD,Metal1,298.3200,94.5000,1.198907
FILLER_21_593,VDD,Metal1,290.6400,94.5000,1.198908
FILLER_21_591,VDD,Metal1,289.9200,94.5000,1.198908
FILLER_21_584,VDD,Metal1,287.7690,95.0980,1.198913
FILLER_21_579,VDD,Metal1,283.9200,94.5000,1.198952
FILLER_21_572,VDD,Metal1,280.8000,94.5000,1.198978
FILLER_21_568,VDD,Metal1,279.3710,95.0960,1.198978
FILLER_21_562,VDD,Metal1,275.7600,94.5000,1.199377
FILLER_21_560,VDD,Metal1,275.0400,94.5000,1.199389
FILLER_21_553,VDD,Metal1,272.8890,95.0980,1.199390
FILLER_21_529,VDD,Metal1,259.9200,94.5000,1.199712
FILLER_21_525,VDD,Metal1,258.7310,95.0960,1.199712
FILLER_21_518,VDD,Metal1,256.0890,95.0980,1.199717
FILLER_21_511,VDD,Metal1,252.7290,95.0980,1.199959
FILLER_21_504,VDD,Metal1,249.3690,95.0980,1.199965
FILLER_21_499,VDD,Metal1,245.5200,94.5000,1.199930
FILLER_21_497,VDD,Metal1,244.8000,94.5000,1.199928
FILLER_21_490,VDD,Metal1,242.6490,95.0980,1.199904
FILLER_21_462,VDD,Metal1,227.7600,94.5000,1.199871
FILLER_21_457,VDD,Metal1,225.3600,94.5000,1.199862
FILLER_21_455,VDD,Metal1,224.6400,94.5000,1.199862
FILLER_21_450,VDD,Metal1,222.0000,94.5000,1.199852
FILLER_21_441,VDD,Metal1,217.6800,94.5000,1.199847
FILLER_21_434,VDD,Metal1,215.7690,95.0980,1.199838
FILLER_21_427,VDD,Metal1,212.4090,95.0980,1.199838
FILLER_21_421,VDD,Metal1,208.0800,94.5000,1.199835
FILLER_21_414,VDD,Metal1,206.1690,95.0980,1.199835
FILLER_21_407,VDD,Metal1,202.8090,95.0980,1.199822
FILLER_21_400,VDD,Metal1,199.4490,95.0980,1.199809
FILLER_21_393,VDD,Metal1,196.0890,95.0980,1.199796
FILLER_21_372,VDD,Metal1,185.2910,95.0960,1.199780
FILLER_21_365,VDD,Metal1,182.6490,95.0980,1.199781
FILLER_21_341,VDD,Metal1,169.6800,94.5000,1.199972
FILLER_21_337,VDD,Metal1,168.4910,95.0960,1.199972
FILLER_21_330,VDD,Metal1,165.8490,95.0980,1.199972
FILLER_21_323,VDD,Metal1,162.4890,95.0980,1.199962
FILLER_21_299,VDD,Metal1,150.2510,95.0960,1.199602
FILLER_21_270,VDD,Metal1,135.8400,94.5000,1.199617
FILLER_21_258,VDD,Metal1,129.8400,94.5000,1.199625
FILLER_21_254,VDD,Metal1,128.6510,95.0960,1.199625
FILLER_21_248,VDD,Metal1,125.0400,94.5000,1.199726
FILLER_21_246,VDD,Metal1,124.3200,94.5000,1.199726
FILLER_21_233,VDD,Metal1,117.8400,94.5000,1.199767
FILLER_21_231,VDD,Metal1,117.1200,94.5000,1.199775
FILLER_21_225,VDD,Metal1,114.2400,94.5000,1.199794
FILLER_21_221,VDD,Metal1,112.8110,95.0960,1.199908
FILLER_21_215,VDD,Metal1,109.4400,94.5000,1.199907
FILLER_21_211,VDD,Metal1,108.0110,95.0960,1.199908
FILLER_21_204,VDD,Metal1,105.3690,95.0980,1.199911
FILLER_21_197,VDD,Metal1,102.0090,95.0980,1.199927
FILLER_21_190,VDD,Metal1,98.6490,95.0980,1.199930
FILLER_21_183,VDD,Metal1,95.2890,95.0980,1.199938
FILLER_21_176,VDD,Metal1,91.9290,95.0980,1.199938
FILLER_21_156,VDD,Metal1,80.8800,94.5000,1.199852
FILLER_21_152,VDD,Metal1,79.6910,95.0960,1.199774
FILLER_21_142,VDD,Metal1,74.1600,94.5000,1.199754
FILLER_21_138,VDD,Metal1,72.9710,95.0960,1.199753
FILLER_21_121,VDD,Metal1,65.5290,95.0980,1.199753
FILLER_21_115,VDD,Metal1,61.4400,94.5000,1.199753
FILLER_21_108,VDD,Metal1,59.2890,95.0980,1.199771
FILLER_21_97,VDD,Metal1,52.8000,94.5000,1.199771
FILLER_21_93,VDD,Metal1,51.3710,95.0960,1.199771
FILLER_21_79,VDD,Metal1,43.9200,94.5000,1.199813
FILLER_21_69,VDD,Metal1,39.1200,94.5000,1.199815
FILLER_21_67,VDD,Metal1,38.4000,94.5000,1.199815
FILLER_21_56,VDD,Metal1,32.8800,94.5000,1.199843
FILLER_21_51,VDD,Metal1,30.7200,94.5000,1.199894
FILLER_21_38,VDD,Metal1,24.9710,95.0960,1.199897
FILLER_21_21,VDD,Metal1,17.5290,95.0980,1.199950
FILLER_21_7,VDD,Metal1,10.0910,95.0960,1.199944
FILLER_21_0,VDD,Metal1,7.4490,95.0980,1.199944
FILLER_20_643,VDD,Metal1,314.6400,94.5000,1.198856
FILLER_20_605,VDD,Metal1,296.4000,94.5000,1.198907
FILLER_20_598,VDD,Metal1,294.4890,93.9010,1.198908
FILLER_20_591,VDD,Metal1,291.1290,93.9010,1.198908
FILLER_20_559,VDD,Metal1,274.5600,94.5000,1.199389
FILLER_20_555,VDD,Metal1,273.1310,93.9030,1.199390
FILLER_20_547,VDD,Metal1,269.2910,93.9030,1.199391
FILLER_20_527,VDD,Metal1,260.4090,93.9010,1.199712
FILLER_20_520,VDD,Metal1,257.0490,93.9010,1.199713
FILLER_20_514,VDD,Metal1,252.9600,94.5000,1.199959
FILLER_20_507,VDD,Metal1,249.3600,94.5000,1.199965
FILLER_20_501,VDD,Metal1,246.4800,94.5000,1.199970
FILLER_20_499,VDD,Metal1,245.7600,94.5000,1.199930
FILLER_20_494,VDD,Metal1,243.1200,94.5000,1.199920
FILLER_20_487,VDD,Metal1,241.2090,93.9010,1.199904
FILLER_20_481,VDD,Metal1,236.8800,94.5000,1.199904
FILLER_20_477,VDD,Metal1,235.6910,93.9030,1.199904
FILLER_20_465,VDD,Metal1,229.4400,94.5000,1.199873
FILLER_20_458,VDD,Metal1,227.2890,93.9010,1.199871
FILLER_20_451,VDD,Metal1,223.9290,93.9010,1.199862
FILLER_20_444,VDD,Metal1,220.5690,93.9010,1.199852
FILLER_20_437,VDD,Metal1,217.2090,93.9010,1.199838
FILLER_20_431,VDD,Metal1,212.8800,94.5000,1.199838
FILLER_20_424,VDD,Metal1,210.9690,93.9010,1.199838
FILLER_20_417,VDD,Metal1,207.6090,93.9010,1.199835
FILLER_20_410,VDD,Metal1,204.2490,93.9010,1.199822
FILLER_20_403,VDD,Metal1,200.8890,93.9010,1.199809
FILLER_20_396,VDD,Metal1,197.5290,93.9010,1.199796
FILLER_20_389,VDD,Metal1,194.1690,93.9010,1.199783
FILLER_20_384,VDD,Metal1,190.3200,94.5000,1.199779
FILLER_20_377,VDD,Metal1,188.4090,93.9010,1.199779
FILLER_20_370,VDD,Metal1,185.0490,93.9010,1.199780
FILLER_20_363,VDD,Metal1,181.6890,93.9010,1.199782
FILLER_20_345,VDD,Metal1,171.6000,94.5000,1.199975
FILLER_20_343,VDD,Metal1,170.8800,94.5000,1.199975
FILLER_20_336,VDD,Metal1,168.7290,93.9010,1.199972
FILLER_20_330,VDD,Metal1,164.4000,94.5000,1.199972
FILLER_20_328,VDD,Metal1,163.6800,94.5000,1.199962
FILLER_20_321,VDD,Metal1,161.5290,93.9010,1.199956
FILLER_20_310,VDD,Metal1,154.8000,94.5000,1.199918
FILLER_20_303,VDD,Metal1,152.8890,93.9010,1.199917
FILLER_20_296,VDD,Metal1,149.5290,93.9010,1.199602
FILLER_20_283,VDD,Metal1,142.5710,93.9030,1.199602
FILLER_20_263,VDD,Metal1,133.6890,93.9010,1.199618
FILLER_20_256,VDD,Metal1,130.3290,93.9010,1.199625
FILLER_20_249,VDD,Metal1,126.9690,93.9010,1.199626
FILLER_20_242,VDD,Metal1,123.6090,93.9010,1.199726
FILLER_20_233,VDD,Metal1,118.5710,93.9030,1.199767
FILLER_20_226,VDD,Metal1,115.9290,93.9010,1.199775
FILLER_20_194,VDD,Metal1,99.3600,94.5000,1.199930
FILLER_20_145,VDD,Metal1,75.8400,94.5000,1.199774
FILLER_20_141,VDD,Metal1,74.4110,93.9030,1.199754
FILLER_20_73,VDD,Metal1,41.0400,94.5000,1.199815
FILLER_20_66,VDD,Metal1,39.1290,93.9010,1.199815
FILLER_20_59,VDD,Metal1,35.7690,93.9010,1.199833
FILLER_20_52,VDD,Metal1,32.4090,93.9010,1.199843
FILLER_20_20,VDD,Metal1,15.8400,94.5000,1.199944
FILLER_20_7,VDD,Metal1,9.6000,94.5000,1.199944
FILLER_20_0,VDD,Metal1,7.4490,93.9010,1.199944
FILLER_19_634,VDD,Metal1,310.3200,86.9400,1.199648
FILLER_19_632,VDD,Metal1,309.6000,86.9400,1.199648
FILLER_19_625,VDD,Metal1,307.4490,87.5380,1.199648
FILLER_19_618,VDD,Metal1,304.0890,87.5380,1.199651
FILLER_19_612,VDD,Metal1,300.0000,86.9400,1.199655
FILLER_19_605,VDD,Metal1,297.8490,87.5380,1.199655
FILLER_19_598,VDD,Metal1,294.4890,87.5380,1.199670
FILLER_19_591,VDD,Metal1,291.1290,87.5380,1.199685
FILLER_19_581,VDD,Metal1,285.1200,86.9400,1.199707
FILLER_19_575,VDD,Metal1,282.0000,86.9400,1.199842
FILLER_19_571,VDD,Metal1,280.8110,87.5360,1.199842
FILLER_19_566,VDD,Metal1,277.6800,86.9400,1.199843
FILLER_19_564,VDD,Metal1,276.9600,86.9400,1.199843
FILLER_19_557,VDD,Metal1,274.8090,87.5380,1.199844
FILLER_19_550,VDD,Metal1,271.4490,87.5380,1.199872
FILLER_19_543,VDD,Metal1,268.0890,87.5380,1.199877
FILLER_19_536,VDD,Metal1,264.7290,87.5380,1.199900
FILLER_19_529,VDD,Metal1,261.3690,87.5380,1.199922
FILLER_19_503,VDD,Metal1,248.8890,87.5380,1.199947
FILLER_19_496,VDD,Metal1,244.0800,86.9400,1.199947
FILLER_19_494,VDD,Metal1,243.3600,86.9400,1.199947
FILLER_19_487,VDD,Metal1,241.2090,87.5380,1.199947
FILLER_19_480,VDD,Metal1,236.6400,86.9400,1.199910
FILLER_19_476,VDD,Metal1,235.2110,87.5360,1.199910
FILLER_19_469,VDD,Metal1,232.5690,87.5380,1.199790
FILLER_19_451,VDD,Metal1,222.7200,86.9400,1.199744
FILLER_19_447,VDD,Metal1,221.2910,87.5360,1.199744
FILLER_19_440,VDD,Metal1,218.6490,87.5380,1.199744
FILLER_19_433,VDD,Metal1,215.2890,87.5380,1.199728
FILLER_19_426,VDD,Metal1,210.7200,86.9400,1.199720
FILLER_19_421,VDD,Metal1,208.3200,86.9400,1.199717
FILLER_19_414,VDD,Metal1,206.1690,87.5380,1.199717
FILLER_19_407,VDD,Metal1,202.8090,87.5380,1.199706
FILLER_19_400,VDD,Metal1,199.4490,87.5380,1.199853
FILLER_19_393,VDD,Metal1,196.0890,87.5380,1.199853
FILLER_19_386,VDD,Metal1,192.7290,87.5380,1.199854
FILLER_19_372,VDD,Metal1,184.8000,86.9400,1.199908
FILLER_19_365,VDD,Metal1,182.6490,87.5380,1.199911
FILLER_19_358,VDD,Metal1,179.2890,87.5380,1.199927
FILLER_19_351,VDD,Metal1,175.9290,87.5380,1.199933
FILLER_19_344,VDD,Metal1,172.5690,87.5380,1.199951
FILLER_19_337,VDD,Metal1,169.2090,87.5380,1.199954
FILLER_19_330,VDD,Metal1,165.8490,87.5380,1.199946
FILLER_19_304,VDD,Metal1,151.9200,86.9400,1.199718
FILLER_19_300,VDD,Metal1,150.7310,87.5360,1.199497
FILLER_19_294,VDD,Metal1,147.1200,86.9400,1.199478
FILLER_19_287,VDD,Metal1,145.2090,87.5380,1.199478
FILLER_19_280,VDD,Metal1,141.8490,87.5380,1.199473
FILLER_19_274,VDD,Metal1,137.7600,86.9400,1.199472
FILLER_19_270,VDD,Metal1,136.3310,87.5360,1.199472
FILLER_19_263,VDD,Metal1,133.6890,87.5380,1.199472
FILLER_19_256,VDD,Metal1,130.3290,87.5380,1.199472
FILLER_19_225,VDD,Metal1,114.0000,86.9400,1.199535
FILLER_19_212,VDD,Metal1,108.4910,87.5360,1.199567
FILLER_19_197,VDD,Metal1,100.8000,86.9400,1.199813
FILLER_19_193,VDD,Metal1,99.3710,87.5360,1.199855
FILLER_19_186,VDD,Metal1,96.7290,87.5380,1.199900
FILLER_19_175,VDD,Metal1,90.2400,86.9400,1.199890
FILLER_19_170,VDD,Metal1,87.6000,86.9400,1.199574
FILLER_19_168,VDD,Metal1,86.8800,86.9400,1.199574
FILLER_19_161,VDD,Metal1,84.7290,87.5380,1.199455
FILLER_19_146,VDD,Metal1,76.3200,86.9400,1.199308
FILLER_19_142,VDD,Metal1,74.8910,87.5360,1.199255
FILLER_19_132,VDD,Metal1,69.3600,86.9400,1.199228
FILLER_19_130,VDD,Metal1,68.6400,86.9400,1.199228
FILLER_19_116,VDD,Metal1,62.4110,87.5360,1.199158
FILLER_19_109,VDD,Metal1,59.7690,87.5380,1.199150
FILLER_19_80,VDD,Metal1,44.6400,86.9400,1.199141
FILLER_19_76,VDD,Metal1,43.2110,87.5360,1.199141
FILLER_19_69,VDD,Metal1,40.5690,87.5380,1.199142
FILLER_19_62,VDD,Metal1,37.2090,87.5380,1.199565
FILLER_19_55,VDD,Metal1,33.8490,87.5380,1.199574
FILLER_19_50,VDD,Metal1,30.0000,86.9400,1.199904
FILLER_19_48,VDD,Metal1,29.2800,86.9400,1.199904
FILLER_19_41,VDD,Metal1,27.1290,87.5380,1.199904
FILLER_19_34,VDD,Metal1,23.7690,87.5380,1.199908
FILLER_19_2,VDD,Metal1,6.9600,86.9400,1.199968
FILLER_19_0,VDD,Metal1,6.2400,86.9400,1.199968
FILLER_18_650,VDD,Metal1,318.2400,86.9400,1.199639
FILLER_18_624,VDD,Metal1,305.7600,86.9400,1.199651
FILLER_18_619,VDD,Metal1,303.3600,86.9400,1.199651
FILLER_18_615,VDD,Metal1,301.9310,86.3430,1.199652
FILLER_18_608,VDD,Metal1,299.2890,86.3410,1.199655
FILLER_18_601,VDD,Metal1,295.9290,86.3410,1.199670
FILLER_18_594,VDD,Metal1,292.5690,86.3410,1.199685
FILLER_18_587,VDD,Metal1,289.2090,86.3410,1.199700
FILLER_18_580,VDD,Metal1,285.8490,86.3410,1.199707
FILLER_18_569,VDD,Metal1,280.5690,86.3410,1.199842
FILLER_18_562,VDD,Metal1,277.2090,86.3410,1.199843
FILLER_18_540,VDD,Metal1,266.6490,86.3410,1.199877
FILLER_18_533,VDD,Metal1,263.2890,86.3410,1.199900
FILLER_18_526,VDD,Metal1,259.9290,86.3410,1.199922
FILLER_18_519,VDD,Metal1,256.5690,86.3410,1.199931
FILLER_18_501,VDD,Metal1,246.4800,86.9400,1.199972
FILLER_18_497,VDD,Metal1,245.2910,86.3430,1.199955
FILLER_18_490,VDD,Metal1,242.6490,86.3410,1.199947
FILLER_18_483,VDD,Metal1,239.2890,86.3410,1.199913
FILLER_18_476,VDD,Metal1,235.9290,86.3410,1.199910
FILLER_18_469,VDD,Metal1,232.5690,86.3410,1.199790
FILLER_18_462,VDD,Metal1,229.2090,86.3410,1.199781
FILLER_18_457,VDD,Metal1,225.3600,86.9400,1.199745
FILLER_18_450,VDD,Metal1,223.4490,86.3410,1.199744
FILLER_18_443,VDD,Metal1,220.0890,86.3410,1.199744
FILLER_18_436,VDD,Metal1,216.7290,86.3410,1.199728
FILLER_18_398,VDD,Metal1,197.7710,86.3430,1.199853
FILLER_18_391,VDD,Metal1,195.1290,86.3410,1.199853
FILLER_18_364,VDD,Metal1,180.7200,86.9400,1.199927
FILLER_18_357,VDD,Metal1,178.8090,86.3410,1.199933
FILLER_18_347,VDD,Metal1,172.5600,86.9400,1.199951
FILLER_18_343,VDD,Metal1,171.3710,86.3430,1.199954
FILLER_18_336,VDD,Metal1,168.7290,86.3410,1.199946
FILLER_18_329,VDD,Metal1,165.3690,86.3410,1.199940
FILLER_18_313,VDD,Metal1,156.2400,86.9400,1.199718
FILLER_18_311,VDD,Metal1,155.5200,86.9400,1.199718
FILLER_18_304,VDD,Metal1,153.3690,86.3410,1.199718
FILLER_18_297,VDD,Metal1,150.0090,86.3410,1.199497
FILLER_18_286,VDD,Metal1,143.5200,86.9400,1.199474
FILLER_18_254,VDD,Metal1,128.1600,86.9400,1.199486
FILLER_18_243,VDD,Metal1,122.8800,86.9400,1.199486
FILLER_18_239,VDD,Metal1,121.4510,86.3430,1.199487
FILLER_18_225,VDD,Metal1,114.7310,86.3430,1.199535
FILLER_18_218,VDD,Metal1,112.0890,86.3410,1.199551
FILLER_18_211,VDD,Metal1,108.7290,86.3410,1.199567
FILLER_18_190,VDD,Metal1,97.2000,86.9400,1.199894
FILLER_18_188,VDD,Metal1,96.4800,86.9400,1.199900
FILLER_18_181,VDD,Metal1,94.3290,86.3410,1.199897
FILLER_18_174,VDD,Metal1,90.9690,86.3410,1.199890
FILLER_18_162,VDD,Metal1,84.0000,86.9400,1.199455
FILLER_18_158,VDD,Metal1,82.5710,86.3430,1.199452
FILLER_18_138,VDD,Metal1,72.4800,86.9400,1.199230
FILLER_18_128,VDD,Metal1,67.4400,86.9400,1.199184
FILLER_18_116,VDD,Metal1,61.9200,86.9400,1.199158
FILLER_18_109,VDD,Metal1,59.7690,86.3410,1.199150
FILLER_18_102,VDD,Metal1,56.4090,86.3410,1.199140
FILLER_18_92,VDD,Metal1,50.1600,86.9400,1.199138
FILLER_18_90,VDD,Metal1,49.4400,86.9400,1.199138
FILLER_18_85,VDD,Metal1,47.0400,86.9400,1.199141
FILLER_18_78,VDD,Metal1,44.8890,86.3410,1.199141
FILLER_18_71,VDD,Metal1,41.5290,86.3410,1.199141
FILLER_18_63,VDD,Metal1,36.9710,86.3430,1.199565
FILLER_18_41,VDD,Metal1,25.9200,86.9400,1.199904
FILLER_18_34,VDD,Metal1,23.7690,86.3410,1.199908
FILLER_18_21,VDD,Metal1,16.8110,86.3430,1.199972
FILLER_18_7,VDD,Metal1,10.0910,86.3430,1.199972
FILLER_18_0,VDD,Metal1,7.4490,86.3410,1.199968
FILLER_17_607,VDD,Metal1,298.0910,79.9760,1.199437
FILLER_17_600,VDD,Metal1,295.4490,79.9780,1.199444
FILLER_17_591,VDD,Metal1,289.6800,79.3800,1.199476
FILLER_17_585,VDD,Metal1,286.8000,79.3800,1.199495
FILLER_17_578,VDD,Metal1,284.8890,79.9780,1.199495
FILLER_17_571,VDD,Metal1,281.5290,79.9780,1.199507
FILLER_17_538,VDD,Metal1,264.2400,79.3800,1.199638
FILLER_17_534,VDD,Metal1,263.0510,79.9760,1.199638
FILLER_17_527,VDD,Metal1,260.4090,79.9780,1.199662
FILLER_17_520,VDD,Metal1,257.0490,79.9780,1.199693
FILLER_17_513,VDD,Metal1,253.6890,79.9780,1.199724
FILLER_17_506,VDD,Metal1,250.3290,79.9780,1.199734
FILLER_17_499,VDD,Metal1,246.9690,79.9780,1.199854
FILLER_17_486,VDD,Metal1,239.5200,79.3800,1.199912
FILLER_17_482,VDD,Metal1,238.0910,79.9760,1.199912
FILLER_17_476,VDD,Metal1,234.4800,79.3800,1.199408
FILLER_17_474,VDD,Metal1,233.7600,79.3800,1.199408
FILLER_17_467,VDD,Metal1,231.6090,79.9780,1.199403
FILLER_17_454,VDD,Metal1,223.9200,79.3800,1.199399
FILLER_17_452,VDD,Metal1,223.2000,79.3800,1.199398
FILLER_17_441,VDD,Metal1,219.1290,79.9780,1.199397
FILLER_17_421,VDD,Metal1,208.8110,79.9760,1.199667
FILLER_17_414,VDD,Metal1,206.1690,79.9780,1.199669
FILLER_17_401,VDD,Metal1,198.4800,79.3800,1.199677
FILLER_17_399,VDD,Metal1,197.7600,79.3800,1.199677
FILLER_17_369,VDD,Metal1,183.8510,79.9760,1.199861
FILLER_17_362,VDD,Metal1,181.2090,79.9780,1.199861
FILLER_17_355,VDD,Metal1,177.8490,79.9780,1.199866
FILLER_17_348,VDD,Metal1,174.4890,79.9780,1.199870
FILLER_17_341,VDD,Metal1,171.1290,79.9780,1.199910
FILLER_17_330,VDD,Metal1,164.4000,79.3800,1.199896
FILLER_17_326,VDD,Metal1,163.2110,79.9760,1.199896
FILLER_17_319,VDD,Metal1,160.5690,79.9780,1.199620
FILLER_17_312,VDD,Metal1,157.2090,79.9780,1.199602
FILLER_17_305,VDD,Metal1,153.8490,79.9780,1.199585
FILLER_17_267,VDD,Metal1,134.1600,79.3800,1.198722
FILLER_17_260,VDD,Metal1,132.2490,79.9780,1.198721
FILLER_17_236,VDD,Metal1,120.7290,79.9780,1.198746
FILLER_17_229,VDD,Metal1,117.3690,79.9780,1.199297
FILLER_17_222,VDD,Metal1,114.0090,79.9780,1.199368
FILLER_17_215,VDD,Metal1,110.6490,79.9780,1.199439
FILLER_17_208,VDD,Metal1,107.2890,79.9780,1.199509
FILLER_17_188,VDD,Metal1,96.2400,79.3800,1.199904
FILLER_17_186,VDD,Metal1,95.5200,79.3800,1.199904
FILLER_17_179,VDD,Metal1,93.3690,79.9780,1.199917
FILLER_17_172,VDD,Metal1,90.0090,79.9780,1.199881
FILLER_17_165,VDD,Metal1,86.6490,79.9780,1.199869
FILLER_17_158,VDD,Metal1,83.2890,79.9780,1.199869
FILLER_17_144,VDD,Metal1,75.1200,79.3800,1.199233
FILLER_17_142,VDD,Metal1,74.4000,79.3800,1.199233
FILLER_17_135,VDD,Metal1,72.2490,79.9780,1.199233
FILLER_17_106,VDD,Metal1,57.1200,79.3800,1.199230
FILLER_17_102,VDD,Metal1,55.6910,79.9760,1.199229
FILLER_17_95,VDD,Metal1,53.0490,79.9780,1.199229
FILLER_17_88,VDD,Metal1,49.6890,79.9780,1.199229
FILLER_17_81,VDD,Metal1,46.3290,79.9780,1.199229
FILLER_17_74,VDD,Metal1,42.9690,79.9780,1.199229
FILLER_17_61,VDD,Metal1,35.2800,79.3800,1.199232
FILLER_17_38,VDD,Metal1,24.2400,79.3800,1.199512
FILLER_17_34,VDD,Metal1,23.0510,79.9760,1.199516
FILLER_17_0,VDD,Metal1,6.7310,79.9760,1.199934
FILLER_16_619,VDD,Metal1,303.3600,79.3800,1.198606
FILLER_16_612,VDD,Metal1,301.2090,78.7810,1.198942
FILLER_16_605,VDD,Metal1,297.8490,78.7810,1.199437
FILLER_16_598,VDD,Metal1,294.4890,78.7810,1.199456
FILLER_16_591,VDD,Metal1,291.1290,78.7810,1.199476
FILLER_16_584,VDD,Metal1,287.7690,78.7810,1.199495
FILLER_16_577,VDD,Metal1,284.4090,78.7810,1.199507
FILLER_16_560,VDD,Metal1,274.8000,79.3800,1.199565
FILLER_16_558,VDD,Metal1,274.0800,79.3800,1.199565
FILLER_16_548,VDD,Metal1,269.0400,79.3800,1.199565
FILLER_16_546,VDD,Metal1,268.3200,79.3800,1.199565
FILLER_16_526,VDD,Metal1,258.7200,79.3800,1.199688
FILLER_16_522,VDD,Metal1,257.2910,78.7830,1.199693
FILLER_16_518,VDD,Metal1,254.6400,79.3800,1.199724
FILLER_16_516,VDD,Metal1,253.9200,79.3800,1.199724
FILLER_16_509,VDD,Metal1,250.3200,79.3800,1.199734
FILLER_16_502,VDD,Metal1,248.4090,78.7810,1.199854
FILLER_16_495,VDD,Metal1,245.0490,78.7810,1.199934
FILLER_16_488,VDD,Metal1,241.6890,78.7810,1.199917
FILLER_16_481,VDD,Metal1,238.3290,78.7810,1.199912
FILLER_16_475,VDD,Metal1,234.0000,79.3800,1.199408
FILLER_16_471,VDD,Metal1,232.8110,78.7830,1.199403
FILLER_16_464,VDD,Metal1,230.1690,78.7810,1.199403
FILLER_16_457,VDD,Metal1,226.8090,78.7810,1.199401
FILLER_16_450,VDD,Metal1,223.4490,78.7810,1.199398
FILLER_16_443,VDD,Metal1,220.0890,78.7810,1.199398
FILLER_16_430,VDD,Metal1,213.8490,78.7810,1.199449
FILLER_16_423,VDD,Metal1,210.4890,78.7810,1.199667
FILLER_16_416,VDD,Metal1,207.1290,78.7810,1.199668
FILLER_16_409,VDD,Metal1,203.7690,78.7810,1.199669
FILLER_16_402,VDD,Metal1,199.2000,79.3800,1.199674
FILLER_16_395,VDD,Metal1,197.0490,78.7810,1.199677
FILLER_16_388,VDD,Metal1,193.6890,78.7810,1.199688
FILLER_16_382,VDD,Metal1,189.3600,79.3800,1.199691
FILLER_16_375,VDD,Metal1,187.4490,78.7810,1.199706
FILLER_16_368,VDD,Metal1,184.0890,78.7810,1.199861
FILLER_16_361,VDD,Metal1,180.7290,78.7810,1.199866
FILLER_16_351,VDD,Metal1,174.4800,79.3800,1.199870
FILLER_16_344,VDD,Metal1,172.5690,78.7810,1.199910
FILLER_16_337,VDD,Metal1,169.2090,78.7810,1.199949
FILLER_16_325,VDD,Metal1,162.0000,79.3800,1.199620
FILLER_16_321,VDD,Metal1,160.8110,78.7830,1.199620
FILLER_16_314,VDD,Metal1,158.1690,78.7810,1.199613
FILLER_16_307,VDD,Metal1,154.8090,78.7810,1.199596
FILLER_16_300,VDD,Metal1,151.4490,78.7810,1.199579
FILLER_16_293,VDD,Metal1,148.0890,78.7810,1.199578
FILLER_16_286,VDD,Metal1,144.7290,78.7810,1.199578
FILLER_16_269,VDD,Metal1,135.1200,79.3800,1.198722
FILLER_16_267,VDD,Metal1,134.4000,79.3800,1.198722
FILLER_16_256,VDD,Metal1,128.8800,79.3800,1.198718
FILLER_16_246,VDD,Metal1,124.0800,79.3800,1.198741
FILLER_16_232,VDD,Metal1,118.0910,78.7830,1.199297
FILLER_16_225,VDD,Metal1,115.4490,78.7810,1.199368
FILLER_16_218,VDD,Metal1,112.0890,78.7810,1.199439
FILLER_16_211,VDD,Metal1,108.7290,78.7810,1.199509
FILLER_16_204,VDD,Metal1,105.3690,78.7810,1.199580
FILLER_16_193,VDD,Metal1,100.0890,78.7810,1.199651
FILLER_16_186,VDD,Metal1,96.7290,78.7810,1.199904
FILLER_16_179,VDD,Metal1,93.3690,78.7810,1.199917
FILLER_16_147,VDD,Metal1,76.8000,79.3800,1.199279
FILLER_16_113,VDD,Metal1,60.9710,78.7830,1.199231
FILLER_16_109,VDD,Metal1,58.3200,79.3800,1.199231
FILLER_16_105,VDD,Metal1,57.1310,78.7830,1.199230
FILLER_16_98,VDD,Metal1,54.4890,78.7810,1.199229
FILLER_16_38,VDD,Metal1,24.4800,79.3800,1.199512
FILLER_16_34,VDD,Metal1,23.0510,78.7830,1.199516
FILLER_16_21,VDD,Metal1,16.8110,78.7830,1.199935
FILLER_16_7,VDD,Metal1,10.0910,78.7830,1.199935
FILLER_16_0,VDD,Metal1,7.4490,78.7810,1.199934
FILLER_15_647,VDD,Metal1,316.5600,71.8200,1.199573
FILLER_15_631,VDD,Metal1,310.3290,72.4180,1.199574
FILLER_15_627,VDD,Metal1,306.9600,71.8200,1.199574
FILLER_15_623,VDD,Metal1,305.7710,72.4160,1.199574
FILLER_15_613,VDD,Metal1,300.4800,71.8200,1.199660
FILLER_15_606,VDD,Metal1,298.3290,72.4180,1.199662
FILLER_15_599,VDD,Metal1,294.9690,72.4180,1.199668
FILLER_15_594,VDD,Metal1,291.1200,71.8200,1.199682
FILLER_15_592,VDD,Metal1,290.4000,71.8200,1.199683
FILLER_15_587,VDD,Metal1,287.7600,71.8200,1.199700
FILLER_15_583,VDD,Metal1,286.5710,72.4160,1.199714
FILLER_15_576,VDD,Metal1,283.9290,72.4180,1.199720
FILLER_15_569,VDD,Metal1,280.5690,72.4180,1.199721
FILLER_15_562,VDD,Metal1,277.2090,72.4180,1.199748
FILLER_15_557,VDD,Metal1,273.3600,71.8200,1.199756
FILLER_15_555,VDD,Metal1,272.6400,71.8200,1.199756
FILLER_15_548,VDD,Metal1,270.4890,72.4180,1.199783
FILLER_15_541,VDD,Metal1,267.1290,72.4180,1.199811
FILLER_15_534,VDD,Metal1,263.7690,72.4180,1.199839
FILLER_15_527,VDD,Metal1,260.4090,72.4180,1.199867
FILLER_15_520,VDD,Metal1,257.0490,72.4180,1.199895
FILLER_15_514,VDD,Metal1,252.9600,71.8200,1.199923
FILLER_15_510,VDD,Metal1,251.5310,72.4160,1.199941
FILLER_15_503,VDD,Metal1,248.8890,72.4180,1.199954
FILLER_15_496,VDD,Metal1,245.5290,72.4180,1.199963
FILLER_15_489,VDD,Metal1,242.1690,72.4180,1.199961
FILLER_15_468,VDD,Metal1,230.8800,71.8200,1.199952
FILLER_15_464,VDD,Metal1,229.4510,72.4160,1.199952
FILLER_15_454,VDD,Metal1,224.1600,71.8200,1.199935
FILLER_15_450,VDD,Metal1,222.7310,72.4160,1.199930
FILLER_15_443,VDD,Metal1,220.0890,72.4180,1.199930
FILLER_15_436,VDD,Metal1,216.7290,72.4180,1.199929
FILLER_15_429,VDD,Metal1,213.3690,72.4180,1.199929
FILLER_15_422,VDD,Metal1,210.0090,72.4180,1.199920
FILLER_15_415,VDD,Metal1,206.6490,72.4180,1.199912
FILLER_15_408,VDD,Metal1,203.2890,72.4180,1.199903
FILLER_15_401,VDD,Metal1,199.9290,72.4180,1.199895
FILLER_15_394,VDD,Metal1,196.5690,72.4180,1.199886
FILLER_15_387,VDD,Metal1,193.2090,72.4180,1.199877
FILLER_15_380,VDD,Metal1,189.8490,72.4180,1.199869
FILLER_15_373,VDD,Metal1,186.4890,72.4180,1.199868
FILLER_15_366,VDD,Metal1,183.1290,72.4180,1.199862
FILLER_15_355,VDD,Metal1,176.4000,71.8200,1.199876
FILLER_15_351,VDD,Metal1,175.2110,72.4160,1.199882
FILLER_15_344,VDD,Metal1,172.5690,72.4180,1.199973
FILLER_15_337,VDD,Metal1,169.2090,72.4180,1.199973
FILLER_15_330,VDD,Metal1,165.8490,72.4180,1.199958
FILLER_15_323,VDD,Metal1,162.4890,72.4180,1.199946
FILLER_15_308,VDD,Metal1,154.5710,72.4160,1.199332
FILLER_15_301,VDD,Metal1,151.9290,72.4180,1.199332
FILLER_15_293,VDD,Metal1,147.3710,72.4160,1.199328
FILLER_15_286,VDD,Metal1,144.7290,72.4180,1.199333
FILLER_15_279,VDD,Metal1,141.3690,72.4180,1.199333
FILLER_15_273,VDD,Metal1,137.2800,71.8200,1.199336
FILLER_15_269,VDD,Metal1,135.8510,72.4160,1.199347
FILLER_15_253,VDD,Metal1,128.1710,72.4160,1.199706
FILLER_15_218,VDD,Metal1,110.8800,71.8200,1.199763
FILLER_15_211,VDD,Metal1,108.7290,72.4180,1.199763
FILLER_15_204,VDD,Metal1,105.3690,72.4180,1.199764
FILLER_15_197,VDD,Metal1,102.0090,72.4180,1.199766
FILLER_15_190,VDD,Metal1,98.6490,72.4180,1.199772
FILLER_15_183,VDD,Metal1,95.2890,72.4180,1.199937
FILLER_15_176,VDD,Metal1,91.9290,72.4180,1.199935
FILLER_15_160,VDD,Metal1,84.2490,72.4180,1.199876
FILLER_15_146,VDD,Metal1,76.8110,72.4160,1.199874
FILLER_15_136,VDD,Metal1,71.2800,71.8200,1.199873
FILLER_15_132,VDD,Metal1,70.0910,72.4160,1.199873
FILLER_15_120,VDD,Metal1,63.8400,71.8200,1.199872
FILLER_15_116,VDD,Metal1,62.4110,72.4160,1.199872
FILLER_15_109,VDD,Metal1,59.7690,72.4180,1.199871
FILLER_15_102,VDD,Metal1,56.4090,72.4180,1.199873
FILLER_15_92,VDD,Metal1,50.1600,71.8200,1.199881
FILLER_15_90,VDD,Metal1,49.4400,71.8200,1.199881
FILLER_15_80,VDD,Metal1,44.4000,71.8200,1.199931
FILLER_15_78,VDD,Metal1,43.6800,71.8200,1.199936
FILLER_15_74,VDD,Metal1,41.5200,71.8200,1.199936
FILLER_15_57,VDD,Metal1,34.0910,72.4160,1.199963
FILLER_15_49,VDD,Metal1,30.2510,72.4160,1.199964
FILLER_15_38,VDD,Metal1,24.4800,71.8200,1.199964
FILLER_15_34,VDD,Metal1,23.0510,72.4160,1.199966
FILLER_15_23,VDD,Metal1,17.0400,71.8200,1.199961
FILLER_15_21,VDD,Metal1,16.3200,71.8200,1.199959
FILLER_15_14,VDD,Metal1,14.1690,72.4180,1.199958
FILLER_15_7,VDD,Metal1,10.8090,72.4180,1.199958
FILLER_15_0,VDD,Metal1,7.4490,72.4180,1.199958
FILLER_14_651,VDD,Metal1,318.4800,71.8200,1.199573
FILLER_14_644,VDD,Metal1,316.5690,71.2210,1.199573
FILLER_14_634,VDD,Metal1,310.3200,71.8200,1.199574
FILLER_14_632,VDD,Metal1,309.6000,71.8200,1.199574
FILLER_14_625,VDD,Metal1,307.4490,71.2210,1.199574
FILLER_14_618,VDD,Metal1,304.0890,71.2210,1.199574
FILLER_14_611,VDD,Metal1,300.7290,71.2210,1.199660
FILLER_14_604,VDD,Metal1,297.3690,71.2210,1.199666
FILLER_14_587,VDD,Metal1,288.0000,71.8200,1.199700
FILLER_14_577,VDD,Metal1,282.9600,71.8200,1.199720
FILLER_14_573,VDD,Metal1,281.7710,71.2230,1.199721
FILLER_14_566,VDD,Metal1,279.1290,71.2210,1.199721
FILLER_14_559,VDD,Metal1,275.7690,71.2210,1.199748
FILLER_14_552,VDD,Metal1,272.4090,71.2210,1.199756
FILLER_14_545,VDD,Metal1,269.0490,71.2210,1.199783
FILLER_14_538,VDD,Metal1,265.6890,71.2210,1.199811
FILLER_14_531,VDD,Metal1,262.3290,71.2210,1.199839
FILLER_14_524,VDD,Metal1,258.9690,71.2210,1.199867
FILLER_14_497,VDD,Metal1,245.2910,71.2230,1.199963
FILLER_14_490,VDD,Metal1,242.6490,71.2210,1.199963
FILLER_14_483,VDD,Metal1,239.2890,71.2210,1.199961
FILLER_14_476,VDD,Metal1,235.9290,71.2210,1.199957
FILLER_14_469,VDD,Metal1,232.5690,71.2210,1.199954
FILLER_14_462,VDD,Metal1,229.2090,71.2210,1.199952
FILLER_14_453,VDD,Metal1,223.4400,71.8200,1.199930
FILLER_14_449,VDD,Metal1,222.2510,71.2230,1.199930
FILLER_14_442,VDD,Metal1,219.6090,71.2210,1.199929
FILLER_14_437,VDD,Metal1,215.7600,71.8200,1.199929
FILLER_14_433,VDD,Metal1,214.5710,71.2230,1.199929
FILLER_14_426,VDD,Metal1,211.9290,71.2210,1.199929
FILLER_14_419,VDD,Metal1,208.5690,71.2210,1.199920
FILLER_14_412,VDD,Metal1,205.2090,71.2210,1.199912
FILLER_14_405,VDD,Metal1,201.8490,71.2210,1.199903
FILLER_14_398,VDD,Metal1,198.4890,71.2210,1.199895
FILLER_14_391,VDD,Metal1,195.1290,71.2210,1.199886
FILLER_14_384,VDD,Metal1,191.7690,71.2210,1.199877
FILLER_14_379,VDD,Metal1,187.9200,71.8200,1.199868
FILLER_14_377,VDD,Metal1,187.2000,71.8200,1.199868
FILLER_14_370,VDD,Metal1,185.0490,71.2210,1.199868
FILLER_14_359,VDD,Metal1,178.3200,71.8200,1.199868
FILLER_14_357,VDD,Metal1,177.6000,71.8200,1.199868
FILLER_14_346,VDD,Metal1,172.3200,71.8200,1.199973
FILLER_14_342,VDD,Metal1,170.8910,71.2230,1.199973
FILLER_14_335,VDD,Metal1,168.2490,71.2210,1.199963
FILLER_14_319,VDD,Metal1,160.5690,71.2210,1.199899
FILLER_14_312,VDD,Metal1,157.2090,71.2210,1.199886
FILLER_14_287,VDD,Metal1,144.0000,71.8200,1.199333
FILLER_14_283,VDD,Metal1,142.5710,71.2230,1.199333
FILLER_14_270,VDD,Metal1,135.6000,71.8200,1.199347
FILLER_14_266,VDD,Metal1,134.4110,71.2230,1.199347
FILLER_14_259,VDD,Metal1,130.5600,71.8200,1.199348
FILLER_14_249,VDD,Metal1,126.9690,71.2210,1.199706
FILLER_14_190,VDD,Metal1,97.4400,71.8200,1.199772
FILLER_14_177,VDD,Metal1,90.9600,71.8200,1.199935
FILLER_14_175,VDD,Metal1,90.2400,71.8200,1.199918
FILLER_14_168,VDD,Metal1,88.0890,71.2210,1.199884
FILLER_14_161,VDD,Metal1,84.7290,71.2210,1.199878
FILLER_14_154,VDD,Metal1,81.3690,71.2210,1.199876
FILLER_14_147,VDD,Metal1,78.0090,71.2210,1.199874
FILLER_14_140,VDD,Metal1,74.6490,71.2210,1.199874
FILLER_14_133,VDD,Metal1,71.2890,71.2210,1.199873
FILLER_14_126,VDD,Metal1,67.9290,71.2210,1.199873
FILLER_14_119,VDD,Metal1,64.5690,71.2210,1.199872
FILLER_14_109,VDD,Metal1,58.3200,71.8200,1.199871
FILLER_14_104,VDD,Metal1,55.9200,71.8200,1.199873
FILLER_14_100,VDD,Metal1,54.7310,71.2230,1.199873
FILLER_14_93,VDD,Metal1,52.0890,71.2210,1.199874
FILLER_14_80,VDD,Metal1,45.1310,71.2230,1.199931
FILLER_14_73,VDD,Metal1,42.4890,71.2210,1.199936
FILLER_14_66,VDD,Metal1,39.1290,71.2210,1.199961
FILLER_14_59,VDD,Metal1,35.7690,71.2210,1.199963
FILLER_14_52,VDD,Metal1,32.4090,71.2210,1.199963
FILLER_14_20,VDD,Metal1,15.8400,71.8200,1.199959
FILLER_14_9,VDD,Metal1,10.3200,71.8200,1.199958
FILLER_14_7,VDD,Metal1,9.6000,71.8200,1.199958
FILLER_14_0,VDD,Metal1,7.4490,71.2210,1.199958
FILLER_13_609,VDD,Metal1,298.5600,64.2600,1.199201
FILLER_13_602,VDD,Metal1,296.4090,64.8580,1.199202
FILLER_13_595,VDD,Metal1,293.0490,64.8580,1.199215
FILLER_13_581,VDD,Metal1,284.8800,64.2600,1.199452
FILLER_13_577,VDD,Metal1,283.6910,64.8560,1.199478
FILLER_13_552,VDD,Metal1,270.9600,64.2600,1.199597
FILLER_13_550,VDD,Metal1,270.2400,64.2600,1.199597
FILLER_13_543,VDD,Metal1,268.0890,64.8580,1.199656
FILLER_13_536,VDD,Metal1,264.7290,64.8580,1.199661
FILLER_13_529,VDD,Metal1,261.3690,64.8580,1.199681
FILLER_13_522,VDD,Metal1,258.0090,64.8580,1.199704
FILLER_13_499,VDD,Metal1,245.5200,64.2600,1.199904
FILLER_13_495,VDD,Metal1,244.3310,64.8560,1.199889
FILLER_13_488,VDD,Metal1,240.2400,64.2600,1.199380
FILLER_13_481,VDD,Metal1,238.3290,64.8580,1.199375
FILLER_13_474,VDD,Metal1,234.9690,64.8580,1.199368
FILLER_13_458,VDD,Metal1,225.8400,64.2600,1.199343
FILLER_13_451,VDD,Metal1,222.7200,64.2600,1.199159
FILLER_13_447,VDD,Metal1,221.2910,64.8560,1.199000
FILLER_13_430,VDD,Metal1,212.4000,64.2600,1.198954
FILLER_13_428,VDD,Metal1,211.6800,64.2600,1.198954
FILLER_13_421,VDD,Metal1,208.3200,64.2600,1.198954
FILLER_13_417,VDD,Metal1,206.8910,64.8560,1.198954
FILLER_13_402,VDD,Metal1,199.6910,64.8560,1.199074
FILLER_13_396,VDD,Metal1,196.0800,64.2600,1.199146
FILLER_13_394,VDD,Metal1,195.3600,64.2600,1.199146
FILLER_13_372,VDD,Metal1,185.2910,64.8560,1.199673
FILLER_13_365,VDD,Metal1,182.6490,64.8580,1.199728
FILLER_13_358,VDD,Metal1,179.2890,64.8580,1.199783
FILLER_13_351,VDD,Metal1,174.7200,64.2600,1.199883
FILLER_13_330,VDD,Metal1,164.4000,64.2600,1.199904
FILLER_13_281,VDD,Metal1,141.1200,64.2600,1.199828
FILLER_13_253,VDD,Metal1,127.4400,64.2600,1.199809
FILLER_13_226,VDD,Metal1,114.7200,64.2600,1.199740
FILLER_13_219,VDD,Metal1,112.5690,64.8580,1.199768
FILLER_13_155,VDD,Metal1,80.4000,64.2600,1.199741
FILLER_13_153,VDD,Metal1,79.6800,64.2600,1.199737
FILLER_13_143,VDD,Metal1,74.6400,64.2600,1.199737
FILLER_13_136,VDD,Metal1,72.7290,64.8580,1.199737
FILLER_13_129,VDD,Metal1,69.3690,64.8580,1.199733
FILLER_13_122,VDD,Metal1,66.0090,64.8580,1.199666
FILLER_13_91,VDD,Metal1,49.6800,64.2600,1.199664
FILLER_13_87,VDD,Metal1,48.4910,64.8560,1.199664
FILLER_13_80,VDD,Metal1,45.8490,64.8580,1.199732
FILLER_13_73,VDD,Metal1,42.4890,64.8580,1.199733
FILLER_13_66,VDD,Metal1,39.1290,64.8580,1.199734
FILLER_13_59,VDD,Metal1,35.7690,64.8580,1.199734
FILLER_13_54,VDD,Metal1,31.9200,64.2600,1.199734
FILLER_13_47,VDD,Metal1,30.0090,64.8580,1.199734
FILLER_13_40,VDD,Metal1,26.6490,64.8580,1.199746
FILLER_13_33,VDD,Metal1,23.2890,64.8580,1.199759
FILLER_13_4,VDD,Metal1,8.1600,64.2600,1.199964
FILLER_13_0,VDD,Metal1,6.7310,64.8560,1.199964
FILLER_12_651,VDD,Metal1,318.4800,64.2600,1.198972
FILLER_12_647,VDD,Metal1,317.2910,63.6630,1.198972
FILLER_12_640,VDD,Metal1,314.6490,63.6610,1.198972
FILLER_12_633,VDD,Metal1,311.2890,63.6610,1.198972
FILLER_12_626,VDD,Metal1,307.2110,63.6630,1.198972
FILLER_12_621,VDD,Metal1,304.3200,64.2600,1.199005
FILLER_12_609,VDD,Metal1,298.5600,64.2600,1.199201
FILLER_12_602,VDD,Metal1,296.4090,63.6610,1.199202
FILLER_12_589,VDD,Metal1,288.7200,64.2600,1.199257
FILLER_12_587,VDD,Metal1,288.0000,64.2600,1.199259
FILLER_12_580,VDD,Metal1,284.6400,64.2600,1.199452
FILLER_12_576,VDD,Metal1,283.2110,63.6630,1.199478
FILLER_12_569,VDD,Metal1,280.5690,63.6610,1.199530
FILLER_12_534,VDD,Metal1,262.5600,64.2600,1.199681
FILLER_12_529,VDD,Metal1,259.9200,64.2600,1.199681
FILLER_12_527,VDD,Metal1,259.2000,64.2600,1.199705
FILLER_12_520,VDD,Metal1,257.0490,63.6610,1.199718
FILLER_12_490,VDD,Metal1,241.9310,63.6630,1.199866
FILLER_12_483,VDD,Metal1,239.2890,63.6610,1.199380
FILLER_12_471,VDD,Metal1,232.8110,63.6630,1.199367
FILLER_12_462,VDD,Metal1,227.7600,64.2600,1.199354
FILLER_12_458,VDD,Metal1,226.5710,63.6630,1.199343
FILLER_12_451,VDD,Metal1,223.9290,63.6610,1.199159
FILLER_12_444,VDD,Metal1,220.5690,63.6610,1.199000
FILLER_12_438,VDD,Metal1,216.2400,64.2600,1.198998
FILLER_12_434,VDD,Metal1,215.0510,63.6630,1.198998
FILLER_12_427,VDD,Metal1,212.4090,63.6610,1.198954
FILLER_12_418,VDD,Metal1,206.6400,64.2600,1.198954
FILLER_12_414,VDD,Metal1,205.4510,63.6630,1.198954
FILLER_12_402,VDD,Metal1,199.2000,64.2600,1.199074
FILLER_12_398,VDD,Metal1,197.7710,63.6630,1.199094
FILLER_12_393,VDD,Metal1,194.6400,64.2600,1.199164
FILLER_12_386,VDD,Metal1,192.7290,63.6610,1.199206
FILLER_12_380,VDD,Metal1,188.4000,64.2600,1.199226
FILLER_12_376,VDD,Metal1,187.2110,63.6630,1.199247
FILLER_12_369,VDD,Metal1,184.5690,63.6610,1.199673
FILLER_12_362,VDD,Metal1,181.2090,63.6610,1.199728
FILLER_12_350,VDD,Metal1,174.0000,64.2600,1.199904
FILLER_12_348,VDD,Metal1,173.2800,64.2600,1.199904
FILLER_12_317,VDD,Metal1,158.1600,64.2600,1.199858
FILLER_12_310,VDD,Metal1,156.2490,63.6610,1.199858
FILLER_12_303,VDD,Metal1,151.4400,64.2600,1.199858
FILLER_12_299,VDD,Metal1,150.2510,63.6630,1.199858
FILLER_12_292,VDD,Metal1,146.8910,63.6630,1.199855
FILLER_12_285,VDD,Metal1,144.2490,63.6610,1.199839
FILLER_12_269,VDD,Metal1,135.1200,64.2600,1.199820
FILLER_12_265,VDD,Metal1,133.9310,63.6630,1.199820
FILLER_12_254,VDD,Metal1,127.9200,64.2600,1.199820
FILLER_12_233,VDD,Metal1,118.0800,64.2600,1.199735
FILLER_12_226,VDD,Metal1,115.9290,63.6610,1.199740
FILLER_12_219,VDD,Metal1,112.5690,63.6610,1.199768
FILLER_12_212,VDD,Metal1,109.2090,63.6610,1.199797
FILLER_12_191,VDD,Metal1,97.9200,64.2600,1.199876
FILLER_12_180,VDD,Metal1,92.4000,64.2600,1.199786
FILLER_12_178,VDD,Metal1,91.6800,64.2600,1.199786
FILLER_12_164,VDD,Metal1,85.4510,63.6630,1.199786
FILLER_12_157,VDD,Metal1,82.0910,63.6630,1.199786
FILLER_12_126,VDD,Metal1,66.4800,64.2600,1.199666
FILLER_12_81,VDD,Metal1,45.1200,64.2600,1.199732
FILLER_12_77,VDD,Metal1,43.6910,63.6630,1.199733
FILLER_12_40,VDD,Metal1,26.6490,63.6610,1.199746
FILLER_12_33,VDD,Metal1,23.2890,63.6610,1.199759
FILLER_12_23,VDD,Metal1,17.0400,64.2600,1.199964
FILLER_12_16,VDD,Metal1,15.1290,63.6610,1.199964
FILLER_12_11,VDD,Metal1,11.5200,64.2600,1.199964
FILLER_12_7,VDD,Metal1,10.0910,63.6630,1.199964
FILLER_12_0,VDD,Metal1,7.4490,63.6610,1.199964
FILLER_11_651,VDD,Metal1,318.4800,56.7000,1.199492
FILLER_11_649,VDD,Metal1,317.7600,56.7000,1.199492
FILLER_11_642,VDD,Metal1,315.6090,57.2980,1.199492
FILLER_11_635,VDD,Metal1,312.2490,57.2980,1.199492
FILLER_11_628,VDD,Metal1,308.8890,57.2980,1.199492
FILLER_11_621,VDD,Metal1,305.5290,57.2980,1.199492
FILLER_11_606,VDD,Metal1,298.3290,57.2980,1.199493
FILLER_11_595,VDD,Metal1,292.3310,57.2960,1.199496
FILLER_11_590,VDD,Metal1,289.2000,56.7000,1.199509
FILLER_11_588,VDD,Metal1,288.4800,56.7000,1.199509
FILLER_11_581,VDD,Metal1,286.3290,57.2980,1.199511
FILLER_11_574,VDD,Metal1,282.9690,57.2980,1.199513
FILLER_11_568,VDD,Metal1,278.8800,56.7000,1.199519
FILLER_11_551,VDD,Metal1,271.2110,57.2960,1.199757
FILLER_11_544,VDD,Metal1,268.5690,57.2980,1.199785
FILLER_11_534,VDD,Metal1,262.3200,56.7000,1.199798
FILLER_11_522,VDD,Metal1,257.2910,57.2960,1.199806
FILLER_11_512,VDD,Metal1,252.0000,56.7000,1.199972
FILLER_11_505,VDD,Metal1,249.8490,57.2980,1.199974
FILLER_11_498,VDD,Metal1,246.4890,57.2980,1.199980
FILLER_11_492,VDD,Metal1,242.4000,56.7000,1.199966
FILLER_11_485,VDD,Metal1,240.2490,57.2980,1.199966
FILLER_11_478,VDD,Metal1,236.8890,57.2980,1.199965
FILLER_11_471,VDD,Metal1,233.5290,57.2980,1.199963
FILLER_11_458,VDD,Metal1,225.8400,56.7000,1.199808
FILLER_11_454,VDD,Metal1,224.6510,57.2960,1.199808
FILLER_11_447,VDD,Metal1,222.0090,57.2980,1.199806
FILLER_11_440,VDD,Metal1,218.6490,57.2980,1.199802
FILLER_11_433,VDD,Metal1,215.2890,57.2980,1.199799
FILLER_11_426,VDD,Metal1,210.4800,56.7000,1.199797
FILLER_11_424,VDD,Metal1,209.7600,56.7000,1.199792
FILLER_11_417,VDD,Metal1,207.6090,57.2980,1.199792
FILLER_11_410,VDD,Metal1,204.2490,57.2980,1.199792
FILLER_11_400,VDD,Metal1,199.4490,57.2980,1.199794
FILLER_11_394,VDD,Metal1,195.1200,56.7000,1.199801
FILLER_11_392,VDD,Metal1,194.4000,56.7000,1.199801
FILLER_11_382,VDD,Metal1,189.3600,56.7000,1.199862
FILLER_11_380,VDD,Metal1,188.6400,56.7000,1.199864
FILLER_11_373,VDD,Metal1,186.4890,57.2980,1.199864
FILLER_11_366,VDD,Metal1,183.1290,57.2980,1.199875
FILLER_11_359,VDD,Metal1,179.7690,57.2980,1.199886
FILLER_11_352,VDD,Metal1,176.4090,57.2980,1.199898
FILLER_11_345,VDD,Metal1,173.0490,57.2980,1.199903
FILLER_11_338,VDD,Metal1,169.6890,57.2980,1.199917
FILLER_11_331,VDD,Metal1,166.3290,57.2980,1.199849
FILLER_11_324,VDD,Metal1,162.9690,57.2980,1.199781
FILLER_11_317,VDD,Metal1,159.6090,57.2980,1.199714
FILLER_11_310,VDD,Metal1,156.2490,57.2980,1.199646
FILLER_11_303,VDD,Metal1,152.8890,57.2980,1.199578
FILLER_11_296,VDD,Metal1,149.5290,57.2980,1.199510
FILLER_11_289,VDD,Metal1,146.1690,57.2980,1.199506
FILLER_11_282,VDD,Metal1,142.8090,57.2980,1.199503
FILLER_11_275,VDD,Metal1,139.4490,57.2980,1.199053
FILLER_11_268,VDD,Metal1,136.0890,57.2980,1.198995
FILLER_11_261,VDD,Metal1,132.7290,57.2980,1.198995
FILLER_11_254,VDD,Metal1,129.3690,57.2980,1.198995
FILLER_11_249,VDD,Metal1,125.5200,56.7000,1.198995
FILLER_11_242,VDD,Metal1,122.8910,57.2960,1.198995
FILLER_11_229,VDD,Metal1,116.6510,57.2960,1.198987
FILLER_11_222,VDD,Metal1,114.0090,57.2980,1.198987
FILLER_11_218,VDD,Metal1,110.6400,56.7000,1.198988
FILLER_11_211,VDD,Metal1,108.7290,57.2980,1.198988
FILLER_11_204,VDD,Metal1,105.3690,57.2980,1.198989
FILLER_11_197,VDD,Metal1,102.0090,57.2980,1.198993
FILLER_11_187,VDD,Metal1,96.0000,56.7000,1.199934
FILLER_11_181,VDD,Metal1,92.8800,56.7000,1.199936
FILLER_11_177,VDD,Metal1,91.6910,57.2960,1.199936
FILLER_11_170,VDD,Metal1,89.0490,57.2980,1.199936
FILLER_11_163,VDD,Metal1,85.6890,57.2980,1.199845
FILLER_11_125,VDD,Metal1,66.0000,56.7000,1.199837
FILLER_11_123,VDD,Metal1,65.2800,56.7000,1.199837
FILLER_11_82,VDD,Metal1,45.6000,56.7000,1.199869
FILLER_11_75,VDD,Metal1,43.4490,57.2980,1.199869
FILLER_11_47,VDD,Metal1,29.2910,57.2960,1.199953
FILLER_11_7,VDD,Metal1,9.3600,56.7000,1.199954
FILLER_11_0,VDD,Metal1,7.4490,57.2980,1.199954
FILLER_10_651,VDD,Metal1,318.4800,56.7000,1.199492
FILLER_10_649,VDD,Metal1,317.7600,56.7000,1.199492
FILLER_10_642,VDD,Metal1,315.6090,56.1010,1.199492
FILLER_10_635,VDD,Metal1,312.2490,56.1010,1.199492
FILLER_10_628,VDD,Metal1,308.8890,56.1010,1.199492
FILLER_10_609,VDD,Metal1,298.5600,56.7000,1.199493
FILLER_10_602,VDD,Metal1,295.2000,56.7000,1.199495
FILLER_10_598,VDD,Metal1,293.7710,56.1030,1.199496
FILLER_10_592,VDD,Metal1,290.4000,56.7000,1.199504
FILLER_10_588,VDD,Metal1,288.9710,56.1030,1.199509
FILLER_10_578,VDD,Metal1,283.4400,56.7000,1.199512
FILLER_10_576,VDD,Metal1,282.7200,56.7000,1.199513
FILLER_10_569,VDD,Metal1,280.5690,56.1010,1.199514
FILLER_10_562,VDD,Metal1,277.2090,56.1010,1.199520
FILLER_10_555,VDD,Metal1,273.8490,56.1010,1.199541
FILLER_10_548,VDD,Metal1,270.4890,56.1010,1.199757
FILLER_10_541,VDD,Metal1,267.1290,56.1010,1.199785
FILLER_10_529,VDD,Metal1,261.3690,56.1010,1.199798
FILLER_10_522,VDD,Metal1,258.0090,56.1010,1.199806
FILLER_10_515,VDD,Metal1,254.6490,56.1010,1.199964
FILLER_10_493,VDD,Metal1,242.6400,56.7000,1.199966
FILLER_10_491,VDD,Metal1,241.9200,56.7000,1.199966
FILLER_10_484,VDD,Metal1,239.7690,56.1010,1.199965
FILLER_10_477,VDD,Metal1,236.4090,56.1010,1.199963
FILLER_10_470,VDD,Metal1,233.0490,56.1010,1.199961
FILLER_10_463,VDD,Metal1,229.6890,56.1010,1.199812
FILLER_10_456,VDD,Metal1,226.3290,56.1010,1.199808
FILLER_10_449,VDD,Metal1,222.9690,56.1010,1.199808
FILLER_10_442,VDD,Metal1,219.6090,56.1010,1.199804
FILLER_10_435,VDD,Metal1,216.2490,56.1010,1.199801
FILLER_10_407,VDD,Metal1,202.8090,56.1010,1.199792
FILLER_10_391,VDD,Metal1,193.6800,56.7000,1.199824
FILLER_10_389,VDD,Metal1,192.9600,56.7000,1.199824
FILLER_10_366,VDD,Metal1,183.1290,56.1010,1.199875
FILLER_10_359,VDD,Metal1,179.7690,56.1010,1.199886
FILLER_10_344,VDD,Metal1,171.1200,56.7000,1.199917
FILLER_10_342,VDD,Metal1,170.4000,56.7000,1.199954
FILLER_10_335,VDD,Metal1,168.2490,56.1010,1.199917
FILLER_10_328,VDD,Metal1,164.8890,56.1010,1.199849
FILLER_10_321,VDD,Metal1,161.5290,56.1010,1.199781
FILLER_10_314,VDD,Metal1,158.1690,56.1010,1.199714
FILLER_10_307,VDD,Metal1,154.8090,56.1010,1.199646
FILLER_10_300,VDD,Metal1,151.4490,56.1010,1.199578
FILLER_10_290,VDD,Metal1,145.2000,56.7000,1.199506
FILLER_10_286,VDD,Metal1,144.0110,56.1030,1.199503
FILLER_10_282,VDD,Metal1,141.3600,56.7000,1.199503
FILLER_10_278,VDD,Metal1,140.1710,56.1030,1.199053
FILLER_10_271,VDD,Metal1,137.5290,56.1010,1.198995
FILLER_10_243,VDD,Metal1,122.6400,56.7000,1.198995
FILLER_10_214,VDD,Metal1,108.9600,56.7000,1.198988
FILLER_10_210,VDD,Metal1,107.5310,56.1030,1.198989
FILLER_10_203,VDD,Metal1,104.8890,56.1010,1.198993
FILLER_10_196,VDD,Metal1,100.0800,56.7000,1.199925
FILLER_10_194,VDD,Metal1,99.3600,56.7000,1.199926
FILLER_10_165,VDD,Metal1,85.4400,56.7000,1.199845
FILLER_10_161,VDD,Metal1,84.0110,56.1030,1.199845
FILLER_10_150,VDD,Metal1,78.2400,56.7000,1.199840
FILLER_10_146,VDD,Metal1,76.8110,56.1030,1.199840
FILLER_10_132,VDD,Metal1,69.3600,56.7000,1.199837
FILLER_10_130,VDD,Metal1,68.6400,56.7000,1.199837
FILLER_10_123,VDD,Metal1,66.4890,56.1010,1.199837
FILLER_10_116,VDD,Metal1,63.1290,56.1010,1.199837
FILLER_10_109,VDD,Metal1,59.7690,56.1010,1.199837
FILLER_10_102,VDD,Metal1,55.2000,56.7000,1.199853
FILLER_10_95,VDD,Metal1,53.0490,56.1010,1.199863
FILLER_10_88,VDD,Metal1,49.6890,56.1010,1.199867
FILLER_10_81,VDD,Metal1,46.3290,56.1010,1.199869
FILLER_10_74,VDD,Metal1,42.9690,56.1010,1.199871
FILLER_10_67,VDD,Metal1,39.6090,56.1010,1.199899
FILLER_10_55,VDD,Metal1,33.8490,56.1010,1.199947
FILLER_10_48,VDD,Metal1,30.4890,56.1010,1.199951
FILLER_10_41,VDD,Metal1,27.1290,56.1010,1.199953
FILLER_10_4,VDD,Metal1,7.9200,56.7000,1.199954
FILLER_10_0,VDD,Metal1,6.7310,56.1030,1.199954
FILLER_9_645,VDD,Metal1,317.0490,49.7380,1.197339
FILLER_9_638,VDD,Metal1,313.6890,49.7380,1.197349
FILLER_9_631,VDD,Metal1,310.3290,49.7380,1.197350
FILLER_9_601,VDD,Metal1,294.4800,49.1400,1.198361
FILLER_9_594,VDD,Metal1,292.5690,49.7380,1.198361
FILLER_9_588,VDD,Metal1,288.2400,49.1400,1.198375
FILLER_9_586,VDD,Metal1,287.5200,49.1400,1.198377
FILLER_9_579,VDD,Metal1,285.3690,49.7380,1.198377
FILLER_9_572,VDD,Metal1,282.0090,49.7380,1.198378
FILLER_9_565,VDD,Metal1,278.6490,49.7380,1.198385
FILLER_9_558,VDD,Metal1,275.2890,49.7380,1.198386
FILLER_9_551,VDD,Metal1,271.9290,49.7380,1.198487
FILLER_9_544,VDD,Metal1,268.5690,49.7380,1.199561
FILLER_9_537,VDD,Metal1,265.2090,49.7380,1.199568
FILLER_9_530,VDD,Metal1,261.8490,49.7380,1.199578
FILLER_9_523,VDD,Metal1,258.4890,49.7380,1.199613
FILLER_9_516,VDD,Metal1,255.1290,49.7380,1.199648
FILLER_9_507,VDD,Metal1,250.0910,49.7360,1.199855
FILLER_9_483,VDD,Metal1,238.0800,49.1400,1.199881
FILLER_9_476,VDD,Metal1,235.9290,49.7380,1.199881
FILLER_9_469,VDD,Metal1,232.5690,49.7380,1.199842
FILLER_9_462,VDD,Metal1,229.2090,49.7380,1.199804
FILLER_9_452,VDD,Metal1,222.9600,49.1400,1.199774
FILLER_9_445,VDD,Metal1,221.0490,49.7380,1.199773
FILLER_9_438,VDD,Metal1,217.6890,49.7380,1.199773
FILLER_9_431,VDD,Metal1,214.3290,49.7380,1.199772
FILLER_9_406,VDD,Metal1,202.3290,49.7380,1.199769
FILLER_9_399,VDD,Metal1,198.9690,49.7380,1.199705
FILLER_9_380,VDD,Metal1,188.4000,49.1400,1.199696
FILLER_9_376,VDD,Metal1,187.2110,49.7360,1.199880
FILLER_9_369,VDD,Metal1,184.5690,49.7380,1.199903
FILLER_9_362,VDD,Metal1,181.2090,49.7380,1.199927
FILLER_9_324,VDD,Metal1,161.5200,49.1400,1.199890
FILLER_9_322,VDD,Metal1,160.8000,49.1400,1.199890
FILLER_9_315,VDD,Metal1,158.6490,49.7380,1.199890
FILLER_9_308,VDD,Metal1,155.2890,49.7380,1.199888
FILLER_9_251,VDD,Metal1,127.9290,49.7380,1.199520
FILLER_9_240,VDD,Metal1,121.2000,49.1400,1.199523
FILLER_9_236,VDD,Metal1,120.0110,49.7360,1.199523
FILLER_9_229,VDD,Metal1,117.3690,49.7380,1.199523
FILLER_9_218,VDD,Metal1,110.6400,49.1400,1.199740
FILLER_9_214,VDD,Metal1,109.4510,49.7360,1.199820
FILLER_9_207,VDD,Metal1,106.8090,49.7380,1.199831
FILLER_9_200,VDD,Metal1,103.4490,49.7380,1.199841
FILLER_9_163,VDD,Metal1,84.2400,49.1400,1.199688
FILLER_9_156,VDD,Metal1,82.3290,49.7380,1.199688
FILLER_9_149,VDD,Metal1,78.9690,49.7380,1.199685
FILLER_9_142,VDD,Metal1,75.6090,49.7380,1.199685
FILLER_9_135,VDD,Metal1,72.2490,49.7380,1.199324
FILLER_9_128,VDD,Metal1,68.8890,49.7380,1.199323
FILLER_9_121,VDD,Metal1,65.5290,49.7380,1.199322
FILLER_9_114,VDD,Metal1,62.1690,49.7380,1.199320
FILLER_9_107,VDD,Metal1,57.6000,49.1400,1.199320
FILLER_9_100,VDD,Metal1,55.4490,49.7380,1.199320
FILLER_9_89,VDD,Metal1,49.4510,49.7360,1.199332
FILLER_9_82,VDD,Metal1,46.8090,49.7380,1.199332
FILLER_9_75,VDD,Metal1,43.4490,49.7380,1.199332
FILLER_9_68,VDD,Metal1,40.0890,49.7380,1.199332
FILLER_9_61,VDD,Metal1,36.7290,49.7380,1.199612
FILLER_9_54,VDD,Metal1,33.3690,49.7380,1.199822
FILLER_9_48,VDD,Metal1,29.0400,49.1400,1.199843
FILLER_9_0,VDD,Metal1,6.7310,49.7360,1.199929
FILLER_8_643,VDD,Metal1,314.6400,49.1400,1.197349
FILLER_8_639,VDD,Metal1,313.4510,48.5430,1.197349
FILLER_8_629,VDD,Metal1,307.9200,49.1400,1.197362
FILLER_8_627,VDD,Metal1,307.2000,49.1400,1.197362
FILLER_8_620,VDD,Metal1,305.0490,48.5410,1.197367
FILLER_8_613,VDD,Metal1,301.6890,48.5410,1.197369
FILLER_8_606,VDD,Metal1,298.3290,48.5410,1.197414
FILLER_8_599,VDD,Metal1,294.9690,48.5410,1.198359
FILLER_8_592,VDD,Metal1,291.6090,48.5410,1.198365
FILLER_8_580,VDD,Metal1,284.6400,49.1400,1.198377
FILLER_8_576,VDD,Metal1,283.2110,48.5430,1.198378
FILLER_8_563,VDD,Metal1,276.9710,48.5430,1.198385
FILLER_8_557,VDD,Metal1,273.3600,49.1400,1.198487
FILLER_8_549,VDD,Metal1,269.7600,49.1400,1.199562
FILLER_8_542,VDD,Metal1,267.6090,48.5410,1.199566
FILLER_8_527,VDD,Metal1,260.4090,48.5410,1.199578
FILLER_8_520,VDD,Metal1,257.0490,48.5410,1.199613
FILLER_8_504,VDD,Metal1,247.9200,49.1400,1.199872
FILLER_8_502,VDD,Metal1,247.2000,49.1400,1.199900
FILLER_8_493,VDD,Metal1,243.3710,48.5430,1.199929
FILLER_8_486,VDD,Metal1,240.7290,48.5410,1.199882
FILLER_8_479,VDD,Metal1,237.3690,48.5410,1.199881
FILLER_8_472,VDD,Metal1,234.0090,48.5410,1.199842
FILLER_8_465,VDD,Metal1,230.6490,48.5410,1.199804
FILLER_8_436,VDD,Metal1,215.2800,49.1400,1.199772
FILLER_8_432,VDD,Metal1,214.0910,48.5430,1.199772
FILLER_8_425,VDD,Metal1,211.4490,48.5410,1.199772
FILLER_8_418,VDD,Metal1,208.0890,48.5410,1.199772
FILLER_8_411,VDD,Metal1,204.7290,48.5410,1.199770
FILLER_8_394,VDD,Metal1,195.3600,49.1400,1.199680
FILLER_8_387,VDD,Metal1,193.2090,48.5410,1.199690
FILLER_8_380,VDD,Metal1,189.8490,48.5410,1.199696
FILLER_8_373,VDD,Metal1,186.4890,48.5410,1.199880
FILLER_8_366,VDD,Metal1,183.1290,48.5410,1.199903
FILLER_8_359,VDD,Metal1,179.7690,48.5410,1.199927
FILLER_8_341,VDD,Metal1,169.9200,49.1400,1.199934
FILLER_8_337,VDD,Metal1,167.7600,49.1400,1.199920
FILLER_8_330,VDD,Metal1,165.8490,48.5410,1.199920
FILLER_8_284,VDD,Metal1,142.3200,49.1400,1.199861
FILLER_8_282,VDD,Metal1,141.6000,49.1400,1.199861
FILLER_8_275,VDD,Metal1,139.4490,48.5410,1.199780
FILLER_8_269,VDD,Metal1,135.1200,49.1400,1.199766
FILLER_8_265,VDD,Metal1,133.9310,48.5430,1.199706
FILLER_8_258,VDD,Metal1,129.8400,49.1400,1.199520
FILLER_8_256,VDD,Metal1,129.1200,49.1400,1.199520
FILLER_8_249,VDD,Metal1,126.9690,48.5410,1.199520
FILLER_8_243,VDD,Metal1,122.6400,49.1400,1.199520
FILLER_8_241,VDD,Metal1,121.9200,49.1400,1.199523
FILLER_8_225,VDD,Metal1,114.7310,48.5430,1.199740
FILLER_8_218,VDD,Metal1,112.0890,48.5410,1.199740
FILLER_8_211,VDD,Metal1,108.7290,48.5410,1.199820
FILLER_8_204,VDD,Metal1,105.3690,48.5410,1.199831
FILLER_8_181,VDD,Metal1,93.6110,48.5430,1.199954
FILLER_8_170,VDD,Metal1,87.6000,49.1400,1.199932
FILLER_8_166,VDD,Metal1,86.4110,48.5430,1.199932
FILLER_8_159,VDD,Metal1,83.7690,48.5410,1.199688
FILLER_8_141,VDD,Metal1,73.6800,49.1400,1.199324
FILLER_8_134,VDD,Metal1,71.7690,48.5410,1.199323
FILLER_8_127,VDD,Metal1,68.4090,48.5410,1.199322
FILLER_8_120,VDD,Metal1,65.0490,48.5410,1.199320
FILLER_8_108,VDD,Metal1,59.2890,48.5410,1.199320
FILLER_8_61,VDD,Metal1,36.0110,48.5430,1.199612
FILLER_8_35,VDD,Metal1,23.0400,49.1400,1.199844
FILLER_8_4,VDD,Metal1,7.9200,49.1400,1.199929
FILLER_8_0,VDD,Metal1,6.7310,48.5430,1.199929
FILLER_7_648,VDD,Metal1,317.7710,42.1760,1.198851
FILLER_7_601,VDD,Metal1,295.2110,42.1760,1.199117
FILLER_7_594,VDD,Metal1,292.5690,42.1780,1.199126
FILLER_7_587,VDD,Metal1,289.2090,42.1780,1.199139
FILLER_7_580,VDD,Metal1,285.8490,42.1780,1.199151
FILLER_7_569,VDD,Metal1,279.1200,41.5800,1.199250
FILLER_7_567,VDD,Metal1,278.4000,41.5800,1.199250
FILLER_7_560,VDD,Metal1,274.8000,41.5800,1.199515
FILLER_7_558,VDD,Metal1,274.0800,41.5800,1.199515
FILLER_7_551,VDD,Metal1,271.9290,42.1780,1.199517
FILLER_7_544,VDD,Metal1,268.5690,42.1780,1.199532
FILLER_7_525,VDD,Metal1,258.2400,41.5800,1.199889
FILLER_7_521,VDD,Metal1,256.8110,42.1760,1.199892
FILLER_7_514,VDD,Metal1,254.1690,42.1780,1.199898
FILLER_7_506,VDD,Metal1,249.1200,41.5800,1.199914
FILLER_7_502,VDD,Metal1,247.6910,42.1760,1.199917
FILLER_7_495,VDD,Metal1,245.0490,42.1780,1.199917
FILLER_7_472,VDD,Metal1,234.0090,42.1780,1.199898
FILLER_7_465,VDD,Metal1,230.6490,42.1780,1.199897
FILLER_7_444,VDD,Metal1,219.1200,41.5800,1.199885
FILLER_7_442,VDD,Metal1,218.4000,41.5800,1.199885
FILLER_7_435,VDD,Metal1,216.2490,42.1780,1.199885
FILLER_7_428,VDD,Metal1,212.8890,42.1780,1.199886
FILLER_7_421,VDD,Metal1,209.5290,42.1780,1.199943
FILLER_7_414,VDD,Metal1,206.1690,42.1780,1.199944
FILLER_7_407,VDD,Metal1,202.8090,42.1780,1.199944
FILLER_7_400,VDD,Metal1,199.4490,42.1780,1.199945
FILLER_7_393,VDD,Metal1,196.0890,42.1780,1.199945
FILLER_7_386,VDD,Metal1,191.5200,41.5800,1.199947
FILLER_7_382,VDD,Metal1,190.0910,42.1760,1.199952
FILLER_7_375,VDD,Metal1,187.4490,42.1780,1.199953
FILLER_7_368,VDD,Metal1,184.0890,42.1780,1.199954
FILLER_7_361,VDD,Metal1,180.7290,42.1780,1.199956
FILLER_7_354,VDD,Metal1,177.3690,42.1780,1.199957
FILLER_7_347,VDD,Metal1,172.8000,41.5800,1.199963
FILLER_7_343,VDD,Metal1,171.3710,42.1760,1.199981
FILLER_7_336,VDD,Metal1,168.7290,42.1780,1.199974
FILLER_7_329,VDD,Metal1,165.3690,42.1780,1.199971
FILLER_7_322,VDD,Metal1,162.0090,42.1780,1.199964
FILLER_7_312,VDD,Metal1,155.7600,41.5800,1.199928
FILLER_7_310,VDD,Metal1,155.0400,41.5800,1.199928
FILLER_7_306,VDD,Metal1,152.8800,41.5800,1.199924
FILLER_7_302,VDD,Metal1,151.6910,42.1760,1.199924
FILLER_7_277,VDD,Metal1,138.9600,41.5800,1.199685
FILLER_7_270,VDD,Metal1,137.0490,42.1780,1.199685
FILLER_7_263,VDD,Metal1,133.6890,42.1780,1.199685
FILLER_7_256,VDD,Metal1,130.3290,42.1780,1.199685
FILLER_7_249,VDD,Metal1,126.9690,42.1780,1.199686
FILLER_7_237,VDD,Metal1,119.7600,41.5800,1.199745
FILLER_7_209,VDD,Metal1,106.3200,41.5800,1.199748
FILLER_7_202,VDD,Metal1,104.4090,42.1780,1.199751
FILLER_7_179,VDD,Metal1,91.9200,41.5800,1.199700
FILLER_7_177,VDD,Metal1,91.2000,41.5800,1.199700
FILLER_7_170,VDD,Metal1,89.0490,42.1780,1.199691
FILLER_7_163,VDD,Metal1,85.6890,42.1780,1.199685
FILLER_7_147,VDD,Metal1,77.2910,42.1760,1.199654
FILLER_7_110,VDD,Metal1,60.2490,42.1780,1.199519
FILLER_7_104,VDD,Metal1,55.9200,41.5800,1.199500
FILLER_7_97,VDD,Metal1,52.5600,41.5800,1.199497
FILLER_7_95,VDD,Metal1,51.8400,41.5800,1.199496
FILLER_7_85,VDD,Metal1,46.8000,41.5800,1.199487
FILLER_7_83,VDD,Metal1,46.0800,41.5800,1.199487
FILLER_7_66,VDD,Metal1,39.1290,42.1780,1.199490
FILLER_7_59,VDD,Metal1,35.7690,42.1780,1.199493
FILLER_7_36,VDD,Metal1,23.2800,41.5800,1.199985
FILLER_7_26,VDD,Metal1,18.4800,41.5800,1.199987
FILLER_7_24,VDD,Metal1,17.7600,41.5800,1.199971
FILLER_7_7,VDD,Metal1,10.8090,42.1780,1.199970
FILLER_7_0,VDD,Metal1,7.4490,42.1780,1.199970
FILLER_6_651,VDD,Metal1,318.4800,41.5800,1.198851
FILLER_6_647,VDD,Metal1,317.2910,40.9830,1.198851
FILLER_6_640,VDD,Metal1,314.6490,40.9810,1.198851
FILLER_6_621,VDD,Metal1,304.3200,41.5800,1.198887
FILLER_6_617,VDD,Metal1,302.8910,40.9830,1.198887
FILLER_6_610,VDD,Metal1,300.2490,40.9810,1.198893
FILLER_6_603,VDD,Metal1,296.8890,40.9810,1.199117
FILLER_6_596,VDD,Metal1,293.5290,40.9810,1.199118
FILLER_6_589,VDD,Metal1,290.1690,40.9810,1.199131
FILLER_6_582,VDD,Metal1,286.8090,40.9810,1.199143
FILLER_6_575,VDD,Metal1,283.4490,40.9810,1.199156
FILLER_6_560,VDD,Metal1,274.8000,41.5800,1.199515
FILLER_6_558,VDD,Metal1,274.0800,41.5800,1.199515
FILLER_6_551,VDD,Metal1,271.9290,40.9810,1.199517
FILLER_6_544,VDD,Metal1,268.5690,40.9810,1.199532
FILLER_6_530,VDD,Metal1,260.4000,41.5800,1.199873
FILLER_6_526,VDD,Metal1,259.2110,40.9830,1.199875
FILLER_6_519,VDD,Metal1,256.5690,40.9810,1.199892
FILLER_6_512,VDD,Metal1,253.2090,40.9810,1.199910
FILLER_6_505,VDD,Metal1,249.8490,40.9810,1.199914
FILLER_6_498,VDD,Metal1,246.4890,40.9810,1.199917
FILLER_6_491,VDD,Metal1,243.1290,40.9810,1.199904
FILLER_6_478,VDD,Metal1,236.1710,40.9830,1.199898
FILLER_6_471,VDD,Metal1,233.5290,40.9810,1.199897
FILLER_6_464,VDD,Metal1,230.1690,40.9810,1.199895
FILLER_6_457,VDD,Metal1,226.8090,40.9810,1.199893
FILLER_6_451,VDD,Metal1,222.7200,41.5800,1.199886
FILLER_6_444,VDD,Metal1,220.5690,40.9810,1.199885
FILLER_6_437,VDD,Metal1,217.2090,40.9810,1.199885
FILLER_6_430,VDD,Metal1,213.8490,40.9810,1.199885
FILLER_6_419,VDD,Metal1,208.5690,40.9810,1.199943
FILLER_6_412,VDD,Metal1,205.2090,40.9810,1.199944
FILLER_6_405,VDD,Metal1,201.8490,40.9810,1.199944
FILLER_6_401,VDD,Metal1,198.4800,41.5800,1.199945
FILLER_6_399,VDD,Metal1,197.7600,41.5800,1.199945
FILLER_6_387,VDD,Metal1,192.0000,41.5800,1.199947
FILLER_6_383,VDD,Metal1,190.5710,40.9830,1.199952
FILLER_6_376,VDD,Metal1,187.9290,40.9810,1.199952
FILLER_6_369,VDD,Metal1,184.5690,40.9810,1.199953
FILLER_6_362,VDD,Metal1,181.2090,40.9810,1.199954
FILLER_6_355,VDD,Metal1,177.8490,40.9810,1.199956
FILLER_6_348,VDD,Metal1,174.4890,40.9810,1.199957
FILLER_6_342,VDD,Metal1,170.1600,41.5800,1.199974
FILLER_6_335,VDD,Metal1,168.2490,40.9810,1.199971
FILLER_6_321,VDD,Metal1,160.8110,40.9830,1.199963
FILLER_6_314,VDD,Metal1,158.1690,40.9810,1.199932
FILLER_6_307,VDD,Metal1,154.8090,40.9810,1.199928
FILLER_6_297,VDD,Metal1,149.2910,40.9830,1.199924
FILLER_6_290,VDD,Metal1,146.6490,40.9810,1.199879
FILLER_6_283,VDD,Metal1,143.2890,40.9810,1.199694
FILLER_6_265,VDD,Metal1,133.4400,41.5800,1.199685
FILLER_6_258,VDD,Metal1,131.2890,40.9810,1.199685
FILLER_6_251,VDD,Metal1,127.9290,40.9810,1.199686
FILLER_6_244,VDD,Metal1,124.5690,40.9810,1.199686
FILLER_6_228,VDD,Metal1,115.4400,41.5800,1.199746
FILLER_6_226,VDD,Metal1,114.7200,41.5800,1.199746
FILLER_6_215,VDD,Metal1,109.2000,41.5800,1.199750
FILLER_6_205,VDD,Metal1,105.8490,40.9810,1.199751
FILLER_6_198,VDD,Metal1,102.4890,40.9810,1.199810
FILLER_6_178,VDD,Metal1,91.4400,41.5800,1.199700
FILLER_6_171,VDD,Metal1,89.5290,40.9810,1.199697
FILLER_6_164,VDD,Metal1,86.1690,40.9810,1.199691
FILLER_6_159,VDD,Metal1,82.3200,41.5800,1.199676
FILLER_6_137,VDD,Metal1,72.0000,41.5800,1.199630
FILLER_6_120,VDD,Metal1,65.0490,40.9810,1.199630
FILLER_6_113,VDD,Metal1,61.6890,40.9810,1.199519
FILLER_6_106,VDD,Metal1,58.3290,40.9810,1.199502
FILLER_6_79,VDD,Metal1,43.9200,41.5800,1.199487
FILLER_6_77,VDD,Metal1,43.2000,41.5800,1.199487
FILLER_6_70,VDD,Metal1,41.0490,40.9810,1.199487
FILLER_6_63,VDD,Metal1,37.6890,40.9810,1.199490
FILLER_6_56,VDD,Metal1,34.3290,40.9810,1.199493
FILLER_6_49,VDD,Metal1,30.9690,40.9810,1.199770
FILLER_6_42,VDD,Metal1,27.6090,40.9810,1.199962
FILLER_6_35,VDD,Metal1,24.2490,40.9810,1.199985
FILLER_6_25,VDD,Metal1,18.0000,41.5800,1.199971
FILLER_6_23,VDD,Metal1,17.2800,41.5800,1.199971
FILLER_6_11,VDD,Metal1,11.5200,41.5800,1.199970
FILLER_6_7,VDD,Metal1,10.0910,40.9830,1.199970
FILLER_6_0,VDD,Metal1,7.4490,40.9810,1.199970
FILLER_5_648,VDD,Metal1,317.7710,34.6160,1.199652
FILLER_5_641,VDD,Metal1,315.1290,34.6180,1.199652
FILLER_5_634,VDD,Metal1,311.7690,34.6180,1.199652
FILLER_5_627,VDD,Metal1,308.4090,34.6180,1.199652
FILLER_5_620,VDD,Metal1,305.0490,34.6180,1.199652
FILLER_5_613,VDD,Metal1,301.6890,34.6180,1.199652
FILLER_5_592,VDD,Metal1,290.4000,34.0200,1.199674
FILLER_5_588,VDD,Metal1,288.9710,34.6160,1.199674
FILLER_5_581,VDD,Metal1,286.3290,34.6180,1.199680
FILLER_5_574,VDD,Metal1,282.9690,34.6180,1.199680
FILLER_5_566,VDD,Metal1,277.6800,34.0200,1.199682
FILLER_5_562,VDD,Metal1,276.4910,34.6160,1.199682
FILLER_5_555,VDD,Metal1,273.8490,34.6180,1.199929
FILLER_5_548,VDD,Metal1,270.4890,34.6180,1.199934
FILLER_5_541,VDD,Metal1,267.1290,34.6180,1.199939
FILLER_5_535,VDD,Metal1,262.8000,34.0200,1.199951
FILLER_5_528,VDD,Metal1,260.8890,34.6180,1.199952
FILLER_5_521,VDD,Metal1,257.5290,34.6180,1.199954
FILLER_5_511,VDD,Metal1,252.0110,34.6160,1.199959
FILLER_5_504,VDD,Metal1,249.3690,34.6180,1.199969
FILLER_5_497,VDD,Metal1,246.0090,34.6180,1.199969
FILLER_5_490,VDD,Metal1,242.6490,34.6180,1.199968
FILLER_5_483,VDD,Metal1,239.2890,34.6180,1.199963
FILLER_5_471,VDD,Metal1,233.5290,34.6180,1.199645
FILLER_5_463,VDD,Metal1,228.9710,34.6160,1.199635
FILLER_5_449,VDD,Metal1,221.5200,34.0200,1.199632
FILLER_5_445,VDD,Metal1,220.3310,34.6160,1.199711
FILLER_5_438,VDD,Metal1,217.6890,34.6180,1.199721
FILLER_5_431,VDD,Metal1,214.3290,34.6180,1.199840
FILLER_5_411,VDD,Metal1,204.7290,34.6180,1.199860
FILLER_5_404,VDD,Metal1,201.3690,34.6180,1.199866
FILLER_5_397,VDD,Metal1,198.0090,34.6180,1.199873
FILLER_5_390,VDD,Metal1,194.6490,34.6180,1.199881
FILLER_5_383,VDD,Metal1,191.2890,34.6180,1.199888
FILLER_5_376,VDD,Metal1,187.9290,34.6180,1.199896
FILLER_5_369,VDD,Metal1,184.5690,34.6180,1.199918
FILLER_5_362,VDD,Metal1,181.2090,34.6180,1.199920
FILLER_5_342,VDD,Metal1,170.4000,34.0200,1.199948
FILLER_5_325,VDD,Metal1,163.4490,34.6180,1.199533
FILLER_5_318,VDD,Metal1,160.0890,34.6180,1.199533
FILLER_5_308,VDD,Metal1,155.2890,34.6180,1.199533
FILLER_5_301,VDD,Metal1,151.9290,34.6180,1.199534
FILLER_5_294,VDD,Metal1,148.5690,34.6180,1.199534
FILLER_5_287,VDD,Metal1,145.2090,34.6180,1.199534
FILLER_5_272,VDD,Metal1,136.8000,34.0200,1.199608
FILLER_5_254,VDD,Metal1,128.6510,34.6160,1.199608
FILLER_5_247,VDD,Metal1,126.0090,34.6180,1.199743
FILLER_5_240,VDD,Metal1,122.6490,34.6180,1.199746
FILLER_5_229,VDD,Metal1,115.9200,34.0200,1.199828
FILLER_5_227,VDD,Metal1,115.2000,34.0200,1.199828
FILLER_5_220,VDD,Metal1,113.0490,34.6180,1.199831
FILLER_5_213,VDD,Metal1,109.6890,34.6180,1.199833
FILLER_5_206,VDD,Metal1,106.3290,34.6180,1.199904
FILLER_5_191,VDD,Metal1,97.6800,34.0200,1.199911
FILLER_5_187,VDD,Metal1,96.4910,34.6160,1.199911
FILLER_5_176,VDD,Metal1,90.4800,34.0200,1.199911
FILLER_5_174,VDD,Metal1,89.7600,34.0200,1.199890
FILLER_5_167,VDD,Metal1,87.6090,34.6180,1.199888
FILLER_5_160,VDD,Metal1,84.2490,34.6180,1.199886
FILLER_5_152,VDD,Metal1,79.6910,34.6160,1.199833
FILLER_5_145,VDD,Metal1,77.0490,34.6180,1.199727
FILLER_5_137,VDD,Metal1,72.0000,34.0200,1.199718
FILLER_5_130,VDD,Metal1,69.8490,34.6180,1.199710
FILLER_5_123,VDD,Metal1,66.4890,34.6180,1.199641
FILLER_5_116,VDD,Metal1,63.1290,34.6180,1.199636
FILLER_5_109,VDD,Metal1,59.7690,34.6180,1.199632
FILLER_5_102,VDD,Metal1,56.4090,34.6180,1.199627
FILLER_5_58,VDD,Metal1,34.0800,34.0200,1.199653
FILLER_5_51,VDD,Metal1,31.9290,34.6180,1.199660
FILLER_5_44,VDD,Metal1,28.5690,34.6180,1.199662
FILLER_5_37,VDD,Metal1,25.2090,34.6180,1.199667
FILLER_5_0,VDD,Metal1,7.4490,34.6180,1.199910
FILLER_4_645,VDD,Metal1,317.0490,33.4210,1.199652
FILLER_4_638,VDD,Metal1,313.6890,33.4210,1.199652
FILLER_4_631,VDD,Metal1,310.3290,33.4210,1.199652
FILLER_4_624,VDD,Metal1,306.9690,33.4210,1.199652
FILLER_4_617,VDD,Metal1,303.6090,33.4210,1.199652
FILLER_4_610,VDD,Metal1,300.2490,33.4210,1.199652
FILLER_4_604,VDD,Metal1,295.9200,34.0200,1.199652
FILLER_4_602,VDD,Metal1,295.2000,34.0200,1.199652
FILLER_4_595,VDD,Metal1,293.0490,33.4210,1.199652
FILLER_4_588,VDD,Metal1,289.6890,33.4210,1.199674
FILLER_4_581,VDD,Metal1,286.3290,33.4210,1.199680
FILLER_4_574,VDD,Metal1,282.9690,33.4210,1.199680
FILLER_4_567,VDD,Metal1,279.6090,33.4210,1.199680
FILLER_4_557,VDD,Metal1,274.0910,33.4230,1.199929
FILLER_4_550,VDD,Metal1,271.4490,33.4210,1.199931
FILLER_4_543,VDD,Metal1,268.0890,33.4210,1.199936
FILLER_4_531,VDD,Metal1,261.1200,34.0200,1.199952
FILLER_4_527,VDD,Metal1,259.6910,33.4230,1.199954
FILLER_4_520,VDD,Metal1,257.0490,33.4210,1.199957
FILLER_4_513,VDD,Metal1,253.6890,33.4210,1.199959
FILLER_4_506,VDD,Metal1,250.3290,33.4210,1.199961
FILLER_4_500,VDD,Metal1,246.0000,34.0200,1.199969
FILLER_4_496,VDD,Metal1,244.8110,33.4230,1.199968
FILLER_4_489,VDD,Metal1,242.1690,33.4210,1.199963
FILLER_4_482,VDD,Metal1,238.8090,33.4210,1.199960
FILLER_4_467,VDD,Metal1,230.1600,34.0200,1.199635
FILLER_4_463,VDD,Metal1,228.9710,33.4230,1.199635
FILLER_4_456,VDD,Metal1,226.3290,33.4210,1.199632
FILLER_4_449,VDD,Metal1,222.9690,33.4210,1.199632
FILLER_4_442,VDD,Metal1,219.6090,33.4210,1.199711
FILLER_4_434,VDD,Metal1,215.0510,33.4230,1.199840
FILLER_4_427,VDD,Metal1,211.2000,34.0200,1.199853
FILLER_4_421,VDD,Metal1,208.0800,34.0200,1.199860
FILLER_4_414,VDD,Metal1,206.1690,33.4210,1.199860
FILLER_4_402,VDD,Metal1,200.4090,33.4210,1.199871
FILLER_4_395,VDD,Metal1,195.8400,34.0200,1.199881
FILLER_4_388,VDD,Metal1,193.6890,33.4210,1.199886
FILLER_4_381,VDD,Metal1,190.3290,33.4210,1.199893
FILLER_4_371,VDD,Metal1,184.0800,34.0200,1.199918
FILLER_4_307,VDD,Metal1,153.6000,34.0200,1.199534
FILLER_4_303,VDD,Metal1,151.4400,34.0200,1.199534
FILLER_4_301,VDD,Metal1,150.7200,34.0200,1.199534
FILLER_4_288,VDD,Metal1,145.6890,33.4210,1.199534
FILLER_4_281,VDD,Metal1,141.6110,33.4230,1.199537
FILLER_4_250,VDD,Metal1,126.0000,34.0200,1.199743
FILLER_4_246,VDD,Metal1,124.8110,33.4230,1.199745
FILLER_4_239,VDD,Metal1,122.1690,33.4210,1.199750
FILLER_4_229,VDD,Metal1,115.9200,34.0200,1.199828
FILLER_4_227,VDD,Metal1,115.2000,34.0200,1.199828
FILLER_4_210,VDD,Metal1,108.2490,33.4210,1.199833
FILLER_4_203,VDD,Metal1,104.8890,33.4210,1.199904
FILLER_4_166,VDD,Metal1,87.1290,33.4210,1.199886
FILLER_4_159,VDD,Metal1,83.7690,33.4210,1.199883
FILLER_4_152,VDD,Metal1,80.4090,33.4210,1.199833
FILLER_4_145,VDD,Metal1,77.0490,33.4210,1.199727
FILLER_4_134,VDD,Metal1,70.5600,34.0200,1.199710
FILLER_4_130,VDD,Metal1,69.1310,33.4230,1.199710
FILLER_4_123,VDD,Metal1,66.4890,33.4210,1.199641
FILLER_4_116,VDD,Metal1,63.1290,33.4210,1.199636
FILLER_4_109,VDD,Metal1,59.7690,33.4210,1.199632
FILLER_4_85,VDD,Metal1,46.8000,34.0200,1.199648
FILLER_4_81,VDD,Metal1,45.6110,33.4230,1.199648
FILLER_4_69,VDD,Metal1,39.3600,34.0200,1.199648
FILLER_4_65,VDD,Metal1,37.9310,33.4230,1.199648
FILLER_4_54,VDD,Metal1,32.1600,34.0200,1.199660
FILLER_4_50,VDD,Metal1,30.7310,33.4230,1.199662
FILLER_4_39,VDD,Metal1,24.7200,34.0200,1.199667
FILLER_4_37,VDD,Metal1,24.0000,34.0200,1.199667
FILLER_4_24,VDD,Metal1,18.2510,33.4230,1.199939
FILLER_4_7,VDD,Metal1,10.8090,33.4210,1.199910
FILLER_4_0,VDD,Metal1,7.4490,33.4210,1.199910
FILLER_3_645,VDD,Metal1,317.0490,27.0580,1.198699
FILLER_3_638,VDD,Metal1,313.6890,27.0580,1.198699
FILLER_3_631,VDD,Metal1,310.3290,27.0580,1.198699
FILLER_3_624,VDD,Metal1,305.7600,26.4600,1.198705
FILLER_3_618,VDD,Metal1,302.8800,26.4600,1.198705
FILLER_3_597,VDD,Metal1,292.5600,26.4600,1.198758
FILLER_3_590,VDD,Metal1,290.6490,27.0580,1.198761
FILLER_3_583,VDD,Metal1,287.2890,27.0580,1.198832
FILLER_3_576,VDD,Metal1,283.9290,27.0580,1.198837
FILLER_3_569,VDD,Metal1,279.3600,26.4600,1.198915
FILLER_3_552,VDD,Metal1,272.4090,27.0580,1.199031
FILLER_3_545,VDD,Metal1,269.0490,27.0580,1.199035
FILLER_3_539,VDD,Metal1,264.7200,26.4600,1.199118
FILLER_3_537,VDD,Metal1,264.0000,26.4600,1.199118
FILLER_3_526,VDD,Metal1,258.7200,26.4600,1.199490
FILLER_3_522,VDD,Metal1,257.2910,27.0560,1.199490
FILLER_3_505,VDD,Metal1,248.4000,26.4600,1.199909
FILLER_3_494,VDD,Metal1,243.1200,26.4600,1.199912
FILLER_3_490,VDD,Metal1,241.9310,27.0560,1.199871
FILLER_3_466,VDD,Metal1,230.4110,27.0560,1.199741
FILLER_3_459,VDD,Metal1,227.7690,27.0580,1.199622
FILLER_3_450,VDD,Metal1,222.7310,27.0560,1.199601
FILLER_3_443,VDD,Metal1,220.0890,27.0580,1.199478
FILLER_3_438,VDD,Metal1,216.2400,26.4600,1.199454
FILLER_3_431,VDD,Metal1,213.1200,26.4600,1.199442
FILLER_3_426,VDD,Metal1,210.4800,26.4600,1.199431
FILLER_3_422,VDD,Metal1,209.2910,27.0560,1.199425
FILLER_3_415,VDD,Metal1,206.6490,27.0580,1.199420
FILLER_3_411,VDD,Metal1,203.2800,26.4600,1.199421
FILLER_3_405,VDD,Metal1,200.4000,26.4600,1.199421
FILLER_3_400,VDD,Metal1,198.0000,26.4600,1.199423
FILLER_3_396,VDD,Metal1,196.8110,27.0560,1.199425
FILLER_3_378,VDD,Metal1,188.8890,27.0580,1.199564
FILLER_3_371,VDD,Metal1,185.5290,27.0580,1.199593
FILLER_3_364,VDD,Metal1,182.1690,27.0580,1.199624
FILLER_3_355,VDD,Metal1,177.1310,27.0560,1.199683
FILLER_3_348,VDD,Metal1,174.4890,27.0580,1.199683
FILLER_3_341,VDD,Metal1,171.1290,27.0580,1.199802
FILLER_3_337,VDD,Metal1,167.7600,26.4600,1.199921
FILLER_3_333,VDD,Metal1,166.5710,27.0560,1.199191
FILLER_3_317,VDD,Metal1,159.6090,27.0580,1.199101
FILLER_3_267,VDD,Metal1,134.1600,26.4600,1.199058
FILLER_3_262,VDD,Metal1,131.7600,26.4600,1.199058
FILLER_3_255,VDD,Metal1,129.8490,27.0580,1.199058
FILLER_3_248,VDD,Metal1,126.4890,27.0580,1.199616
FILLER_3_211,VDD,Metal1,107.2800,26.4600,1.199627
FILLER_3_207,VDD,Metal1,106.0910,27.0560,1.199633
FILLER_3_200,VDD,Metal1,103.4490,27.0580,1.199672
FILLER_3_189,VDD,Metal1,96.9600,26.4600,1.199834
FILLER_3_185,VDD,Metal1,95.5310,27.0560,1.199883
FILLER_3_174,VDD,Metal1,89.5200,26.4600,1.199730
FILLER_3_170,VDD,Metal1,87.6000,26.4600,1.199730
FILLER_3_166,VDD,Metal1,86.4110,27.0560,1.199672
FILLER_3_155,VDD,Metal1,80.6400,26.4600,1.199664
FILLER_3_151,VDD,Metal1,79.2110,27.0560,1.199665
FILLER_3_137,VDD,Metal1,71.7600,26.4600,1.199643
FILLER_3_120,VDD,Metal1,63.6000,26.4600,1.199643
FILLER_3_113,VDD,Metal1,61.6890,27.0580,1.199644
FILLER_3_102,VDD,Metal1,55.2000,26.4600,1.199648
FILLER_3_75,VDD,Metal1,42.7310,27.0560,1.199669
FILLER_3_68,VDD,Metal1,40.0890,27.0580,1.199669
FILLER_3_30,VDD,Metal1,20.4000,26.4600,1.199838
FILLER_3_28,VDD,Metal1,19.6800,26.4600,1.199838
FILLER_3_21,VDD,Metal1,17.5290,27.0580,1.199788
FILLER_3_14,VDD,Metal1,14.1690,27.0580,1.199772
FILLER_3_7,VDD,Metal1,10.8090,27.0580,1.199772
FILLER_3_0,VDD,Metal1,7.4490,27.0580,1.199772
FILLER_2_651,VDD,Metal1,318.4800,26.4600,1.198699
FILLER_2_649,VDD,Metal1,317.7600,26.4600,1.198699
FILLER_2_642,VDD,Metal1,315.6090,25.8610,1.198699
FILLER_2_635,VDD,Metal1,312.2490,25.8610,1.198699
FILLER_2_616,VDD,Metal1,301.6800,26.4600,1.198711
FILLER_2_614,VDD,Metal1,300.9600,26.4600,1.198711
FILLER_2_595,VDD,Metal1,291.6000,26.4600,1.198761
FILLER_2_593,VDD,Metal1,290.8800,26.4600,1.198761
FILLER_2_586,VDD,Metal1,288.7290,25.8610,1.198832
FILLER_2_550,VDD,Metal1,270.0000,26.4600,1.199035
FILLER_2_545,VDD,Metal1,267.6000,26.4600,1.199035
FILLER_2_543,VDD,Metal1,266.8800,26.4600,1.199108
FILLER_2_532,VDD,Metal1,261.3600,26.4600,1.199194
FILLER_2_528,VDD,Metal1,260.1710,25.8630,1.199460
FILLER_2_521,VDD,Metal1,257.5290,25.8610,1.199490
FILLER_2_514,VDD,Metal1,254.1690,25.8610,1.199641
FILLER_2_488,VDD,Metal1,240.2400,26.4600,1.199861
FILLER_2_480,VDD,Metal1,237.1310,25.8630,1.199853
FILLER_2_473,VDD,Metal1,234.4890,25.8610,1.199842
FILLER_2_466,VDD,Metal1,231.1290,25.8610,1.199741
FILLER_2_461,VDD,Metal1,227.2800,26.4600,1.199622
FILLER_2_457,VDD,Metal1,226.0910,25.8630,1.199622
FILLER_2_452,VDD,Metal1,222.9600,26.4600,1.199601
FILLER_2_427,VDD,Metal1,210.9600,26.4600,1.199431
FILLER_2_414,VDD,Metal1,204.7200,26.4600,1.199420
FILLER_2_396,VDD,Metal1,196.0800,26.4600,1.199425
FILLER_2_394,VDD,Metal1,195.3600,26.4600,1.199480
FILLER_2_387,VDD,Metal1,191.7600,26.4600,1.199542
FILLER_2_380,VDD,Metal1,189.8490,25.8610,1.199546
FILLER_2_373,VDD,Metal1,186.4890,25.8610,1.199574
FILLER_2_366,VDD,Metal1,182.4110,25.8630,1.199624
FILLER_2_360,VDD,Metal1,178.8000,26.4600,1.199624
FILLER_2_358,VDD,Metal1,178.0800,26.4600,1.199624
FILLER_2_351,VDD,Metal1,175.9290,25.8610,1.199683
FILLER_2_344,VDD,Metal1,172.5690,25.8610,1.199802
FILLER_2_337,VDD,Metal1,169.2090,25.8610,1.199921
FILLER_2_330,VDD,Metal1,165.8490,25.8610,1.199191
FILLER_2_323,VDD,Metal1,161.0400,26.4600,1.199101
FILLER_2_206,VDD,Metal1,105.1200,26.4600,1.199665
FILLER_2_168,VDD,Metal1,86.8800,26.4600,1.199672
FILLER_2_86,VDD,Metal1,47.2800,26.4600,1.199668
FILLER_2_58,VDD,Metal1,33.8400,26.4600,1.199679
FILLER_2_24,VDD,Metal1,18.2510,25.8630,1.199788
FILLER_2_17,VDD,Metal1,15.6090,25.8610,1.199772
FILLER_2_11,VDD,Metal1,11.5200,26.4600,1.199772
FILLER_2_7,VDD,Metal1,10.0910,25.8630,1.199772
FILLER_2_0,VDD,Metal1,7.4490,25.8610,1.199772
FILLER_1_645,VDD,Metal1,317.0490,19.4980,1.199675
FILLER_1_638,VDD,Metal1,313.6890,19.4980,1.199675
FILLER_1_631,VDD,Metal1,310.3290,19.4980,1.199675
FILLER_1_618,VDD,Metal1,303.3710,19.4960,1.199682
FILLER_1_611,VDD,Metal1,300.7290,19.4980,1.199683
FILLER_1_604,VDD,Metal1,297.3690,19.4980,1.199684
FILLER_1_597,VDD,Metal1,294.0090,19.4980,1.199685
FILLER_1_590,VDD,Metal1,290.6490,19.4980,1.199686
FILLER_1_583,VDD,Metal1,287.2890,19.4980,1.199687
FILLER_1_576,VDD,Metal1,283.9290,19.4980,1.199688
FILLER_1_565,VDD,Metal1,277.2000,18.9000,1.199707
FILLER_1_553,VDD,Metal1,272.8890,19.4980,1.199708
FILLER_1_546,VDD,Metal1,269.5290,19.4980,1.199730
FILLER_1_539,VDD,Metal1,266.1690,19.4980,1.199751
FILLER_1_532,VDD,Metal1,262.8090,19.4980,1.199773
FILLER_1_525,VDD,Metal1,259.4490,19.4980,1.199795
FILLER_1_518,VDD,Metal1,256.0890,19.4980,1.199817
FILLER_1_511,VDD,Metal1,252.7290,19.4980,1.199839
FILLER_1_505,VDD,Metal1,248.4000,18.9000,1.199978
FILLER_1_496,VDD,Metal1,244.0800,18.9000,1.199940
FILLER_1_489,VDD,Metal1,242.1690,19.4980,1.199904
FILLER_1_482,VDD,Metal1,238.8090,19.4980,1.199869
FILLER_1_475,VDD,Metal1,235.4490,19.4980,1.199833
FILLER_1_468,VDD,Metal1,232.0890,19.4980,1.199824
FILLER_1_445,VDD,Metal1,219.8400,18.9000,1.199696
FILLER_1_409,VDD,Metal1,202.5600,18.9000,1.199616
FILLER_1_394,VDD,Metal1,195.1200,18.9000,1.199643
FILLER_1_385,VDD,Metal1,191.0400,18.9000,1.199650
FILLER_1_381,VDD,Metal1,189.6110,19.4960,1.199650
FILLER_1_376,VDD,Metal1,186.7200,18.9000,1.199650
FILLER_1_366,VDD,Metal1,181.6800,18.9000,1.199805
FILLER_1_357,VDD,Metal1,177.6000,18.9000,1.199924
FILLER_1_337,VDD,Metal1,168.4910,19.4960,1.199202
FILLER_1_332,VDD,Metal1,165.6000,18.9000,1.198960
FILLER_1_319,VDD,Metal1,159.1200,18.9000,1.198605
FILLER_1_317,VDD,Metal1,158.4000,18.9000,1.198603
FILLER_1_250,VDD,Metal1,126.0000,18.9000,1.199409
FILLER_1_210,VDD,Metal1,106.8000,18.9000,1.199704
FILLER_1_208,VDD,Metal1,106.0800,18.9000,1.199704
FILLER_1_164,VDD,Metal1,84.7200,18.9000,1.199714
FILLER_1_157,VDD,Metal1,82.8090,19.4980,1.199696
FILLER_1_150,VDD,Metal1,79.4490,19.4980,1.199679
FILLER_1_122,VDD,Metal1,64.5600,18.9000,1.199374
FILLER_1_120,VDD,Metal1,63.8400,18.9000,1.199374
FILLER_1_113,VDD,Metal1,61.6890,19.4980,1.199374
FILLER_1_79,VDD,Metal1,44.6510,19.4960,1.199372
FILLER_1_67,VDD,Metal1,38.4000,18.9000,1.199421
FILLER_1_63,VDD,Metal1,36.9710,19.4960,1.199661
FILLER_1_56,VDD,Metal1,33.6110,19.4960,1.199908
FILLER_1_37,VDD,Metal1,25.2090,19.4980,1.199968
FILLER_1_30,VDD,Metal1,21.8490,19.4980,1.199978
FILLER_1_23,VDD,Metal1,18.4890,19.4980,1.199981
FILLER_1_16,VDD,Metal1,15.1290,19.4980,1.199980
FILLER_1_11,VDD,Metal1,11.2800,18.9000,1.199979
FILLER_1_7,VDD,Metal1,10.0910,19.4960,1.199951
FILLER_1_0,VDD,Metal1,7.4490,19.4980,1.199948
FILLER_0_651,VDD,Metal1,318.4800,18.9000,1.199675
FILLER_0_649,VDD,Metal1,317.7600,18.9000,1.199675
FILLER_0_642,VDD,Metal1,315.6090,18.3010,1.199675
FILLER_0_635,VDD,Metal1,312.2490,18.3010,1.199675
FILLER_0_630,VDD,Metal1,308.4000,18.9000,1.199677
FILLER_0_626,VDD,Metal1,307.2110,18.3030,1.199681
FILLER_0_619,VDD,Metal1,304.5690,18.3010,1.199682
FILLER_0_612,VDD,Metal1,301.2090,18.3010,1.199682
FILLER_0_605,VDD,Metal1,297.8490,18.3010,1.199683
FILLER_0_598,VDD,Metal1,294.4890,18.3010,1.199684
FILLER_0_591,VDD,Metal1,291.1290,18.3010,1.199685
FILLER_0_584,VDD,Metal1,287.7690,18.3010,1.199686
FILLER_0_577,VDD,Metal1,284.4090,18.3010,1.199687
FILLER_0_570,VDD,Metal1,281.0490,18.3010,1.199688
FILLER_0_565,VDD,Metal1,277.2000,18.9000,1.199707
FILLER_0_563,VDD,Metal1,276.4800,18.9000,1.199708
FILLER_0_556,VDD,Metal1,274.3290,18.3010,1.199708
FILLER_0_549,VDD,Metal1,270.9690,18.3010,1.199730
FILLER_0_542,VDD,Metal1,267.6090,18.3010,1.199751
FILLER_0_535,VDD,Metal1,264.2490,18.3010,1.199773
FILLER_0_528,VDD,Metal1,260.8890,18.3010,1.199795
FILLER_0_521,VDD,Metal1,257.5290,18.3010,1.199817
FILLER_0_514,VDD,Metal1,254.1690,18.3010,1.199839
FILLER_0_507,VDD,Metal1,250.8090,18.3010,1.199861
FILLER_0_500,VDD,Metal1,247.4490,18.3010,1.199978
FILLER_0_493,VDD,Metal1,244.0890,18.3010,1.199940
FILLER_0_486,VDD,Metal1,240.7290,18.3010,1.199904
FILLER_0_479,VDD,Metal1,237.3690,18.3010,1.199869
FILLER_0_449,VDD,Metal1,221.5200,18.9000,1.199725
FILLER_0_447,VDD,Metal1,220.8000,18.9000,1.199696
FILLER_0_441,VDD,Metal1,217.9200,18.9000,1.199696
FILLER_0_431,VDD,Metal1,212.8800,18.9000,1.199642
FILLER_0_429,VDD,Metal1,212.1600,18.9000,1.199642
FILLER_0_389,VDD,Metal1,193.4510,18.3030,1.199643
FILLER_0_382,VDD,Metal1,190.8090,18.3010,1.199650
FILLER_0_375,VDD,Metal1,187.4490,18.3010,1.199650
FILLER_0_343,VDD,Metal1,170.8800,18.9000,1.199969
FILLER_0_339,VDD,Metal1,169.4510,18.3030,1.199202
FILLER_0_322,VDD,Metal1,160.5600,18.9000,1.198635
FILLER_0_320,VDD,Metal1,159.8400,18.9000,1.198605
FILLER_0_247,VDD,Metal1,124.5600,18.9000,1.199504
FILLER_0_245,VDD,Metal1,123.8400,18.9000,1.199504
FILLER_0_236,VDD,Metal1,119.2800,18.9000,1.199608
FILLER_0_229,VDD,Metal1,117.3690,18.3010,1.199704
FILLER_0_222,VDD,Metal1,114.0090,18.3010,1.199704
FILLER_0_215,VDD,Metal1,110.6490,18.3010,1.199704
FILLER_0_208,VDD,Metal1,107.2890,18.3010,1.199704
FILLER_0_201,VDD,Metal1,103.9290,18.3010,1.199737
FILLER_0_194,VDD,Metal1,100.5690,18.3010,1.199771
FILLER_0_187,VDD,Metal1,97.2090,18.3010,1.199778
FILLER_0_175,VDD,Metal1,90.0000,18.9000,1.199771
FILLER_0_171,VDD,Metal1,88.8110,18.3030,1.199716
FILLER_0_164,VDD,Metal1,86.1690,18.3010,1.199714
FILLER_0_157,VDD,Metal1,82.8090,18.3010,1.199696
FILLER_0_150,VDD,Metal1,79.4490,18.3010,1.199679
FILLER_0_140,VDD,Metal1,73.2000,18.9000,1.199387
FILLER_0_138,VDD,Metal1,72.4800,18.9000,1.199387
FILLER_0_126,VDD,Metal1,66.7200,18.9000,1.199375
FILLER_0_119,VDD,Metal1,64.5690,18.3010,1.199374
FILLER_0_112,VDD,Metal1,61.2090,18.3010,1.199372
FILLER_0_105,VDD,Metal1,57.8490,18.3010,1.199366
FILLER_0_98,VDD,Metal1,54.4890,18.3010,1.199366
FILLER_0_89,VDD,Metal1,49.4510,18.3030,1.199366
FILLER_0_78,VDD,Metal1,43.6800,18.9000,1.199384
FILLER_0_71,VDD,Metal1,41.5290,18.3010,1.199385
FILLER_0_60,VDD,Metal1,36.2490,18.3010,1.199661
FILLER_0_53,VDD,Metal1,32.8890,18.3010,1.199908
FILLER_0_46,VDD,Metal1,29.5290,18.3010,1.199915
FILLER_0_39,VDD,Metal1,26.1690,18.3010,1.199961
FILLER_0_32,VDD,Metal1,22.8090,18.3010,1.199972
FILLER_0_25,VDD,Metal1,19.4490,18.3010,1.199982
FILLER_0_18,VDD,Metal1,16.0890,18.3010,1.199981
FILLER_0_11,VDD,Metal1,12.7290,18.3010,1.199979
FILLER_0_4,VDD,Metal1,9.3690,18.3010,1.199951
hold893,VDD,Metal1,269.5630,321.6150,1.197582
hold892,VDD,Metal1,314.6830,268.6950,1.198587
hold891,VDD,Metal1,316.5160,139.5440,1.198993
hold890,VDD,Metal1,291.1630,276.2550,1.197883
hold889,VDD,Metal1,260.9230,313.4240,1.199438
hold888,VDD,Metal1,269.0830,320.9840,1.197582
hold887,VDD,Metal1,316.6030,140.1750,1.198993
hold886,VDD,Metal1,316.6030,314.0550,1.199025
hold885,VDD,Metal1,212.4430,298.9350,1.199610
hold884,VDD,Metal1,217.1560,305.8640,1.198175
hold883,VDD,Metal1,220.1230,298.9350,1.199686
hold882,VDD,Metal1,314.2030,268.0640,1.198587
hold881,VDD,Metal1,262.3630,321.6150,1.198310
hold880,VDD,Metal1,230.2030,290.7440,1.198476
hold879,VDD,Metal1,310.8430,298.3040,1.193187
hold878,VDD,Metal1,316.6030,305.8640,1.199078
hold877,VDD,Metal1,316.6030,246.0150,1.199339
hold876,VDD,Metal1,306.5230,314.0550,1.199121
hold875,VDD,Metal1,281.0830,291.3750,1.199304
hold874,VDD,Metal1,281.5630,298.3040,1.198751
hold873,VDD,Metal1,288.2830,313.4240,1.199341
hold872,VDD,Metal1,316.6030,154.6640,1.190658
hold871,VDD,Metal1,277.7230,298.9350,1.198800
hold870,VDD,Metal1,166.3630,314.0550,1.199786
hold869,VDD,Metal1,175.0030,314.0550,1.199296
hold868,VDD,Metal1,316.6030,117.4950,1.198759
hold867,VDD,Metal1,308.4430,283.8150,1.198464
hold866,VDD,Metal1,316.6030,283.8150,1.198465
hold865,VDD,Metal1,316.1230,223.3350,1.199386
hold864,VDD,Metal1,316.6030,184.9040,1.189878
hold863,VDD,Metal1,211.4830,313.4240,1.198990
hold862,VDD,Metal1,219.1630,314.0550,1.199036
hold861,VDD,Metal1,309.4030,200.0240,1.195444
hold860,VDD,Metal1,316.6030,200.0240,1.195444
hold859,VDD,Metal1,187.0030,313.4240,1.198990
hold858,VDD,Metal1,196.6030,306.4950,1.198098
hold857,VDD,Metal1,309.4030,222.7040,1.199409
hold856,VDD,Metal1,316.6030,222.7040,1.199386
hold855,VDD,Metal1,182.2030,314.0550,1.199052
hold854,VDD,Metal1,187.4830,314.0550,1.198990
hold853,VDD,Metal1,191.7160,320.9840,1.199531
hold852,VDD,Metal1,307.9630,260.5040,1.198798
hold851,VDD,Metal1,314.6830,260.5040,1.198797
hold850,VDD,Metal1,316.6030,253.5750,1.196125
hold849,VDD,Metal1,310.3630,169.7840,1.198678
hold848,VDD,Metal1,316.6030,177.3440,1.191853
hold847,VDD,Metal1,303.6430,131.9840,1.198931
hold846,VDD,Metal1,313.2430,125.0550,1.196356
hold845,VDD,Metal1,316.6030,132.6150,1.198913
hold844,VDD,Metal1,153.3160,291.3750,1.199678
hold843,VDD,Metal1,160.1230,291.3750,1.199701
hold842,VDD,Metal1,110.6830,154.6640,1.199631
hold841,VDD,Metal1,106.8430,313.4240,1.199737
hold840,VDD,Metal1,85.7230,313.4240,1.199306
hold839,VDD,Metal1,148.0360,314.0550,1.199101
hold838,VDD,Metal1,84.7630,306.4950,1.199198
hold837,VDD,Metal1,103.9630,305.8640,1.199781
hold836,VDD,Metal1,101.0830,321.6150,1.199725
hold835,VDD,Metal1,122.2030,19.2150,1.199508
hold834,VDD,Metal1,100.6030,230.2640,1.199816
hold833,VDD,Metal1,120.7630,321.6150,1.199670
hold832,VDD,Metal1,122.6830,314.0550,1.199536
hold831,VDD,Metal1,50.2030,320.9840,1.199897
hold830,VDD,Metal1,102.5230,26.1440,1.199677
hold829,VDD,Metal1,73.2430,320.9840,1.199810
hold828,VDD,Metal1,151.0030,26.7750,1.199095
hold827,VDD,Metal1,49.2430,306.4950,1.199427
hold826,VDD,Metal1,118.3630,33.7040,1.199753
hold825,VDD,Metal1,55.9630,33.7040,1.199625
hold824,VDD,Metal1,53.0830,117.4950,1.199552
hold823,VDD,Metal1,155.8030,19.2150,1.198582
hold822,VDD,Metal1,78.5230,154.6640,1.197377
hold821,VDD,Metal1,99.6430,26.7750,1.199724
hold820,VDD,Metal1,93.4030,71.5040,1.199935
hold819,VDD,Metal1,73.2430,33.7040,1.199718
hold818,VDD,Metal1,127.0030,207.5840,1.199625
hold817,VDD,Metal1,19.9630,102.3750,1.199952
hold816,VDD,Metal1,124.1230,230.2640,1.199266
hold815,VDD,Metal1,21.4030,268.0640,1.199909
hold814,VDD,Metal1,124.6030,252.9440,1.199486
hold813,VDD,Metal1,18.0430,131.9840,1.199963
hold812,VDD,Metal1,75.6430,18.5840,1.199387
hold811,VDD,Metal1,147.6430,125.0550,1.197958
hold810,VDD,Metal1,77.0830,64.5750,1.199735
hold809,VDD,Metal1,62.6830,320.9840,1.199797
hold808,VDD,Metal1,133.2430,268.6950,1.199641
hold807,VDD,Metal1,125.5630,63.9440,1.199735
hold806,VDD,Metal1,20.4430,252.9440,1.199983
hold805,VDD,Metal1,123.6430,155.2950,1.199581
hold804,VDD,Metal1,139.4830,79.0640,1.199578
hold803,VDD,Metal1,108.7630,64.5750,1.199807
hold802,VDD,Metal1,129.8830,313.4240,1.199252
hold801,VDD,Metal1,131.3230,124.4240,1.198725
hold800,VDD,Metal1,108.7630,298.3040,1.199884
hold799,VDD,Metal1,169.2430,64.5750,1.199894
hold798,VDD,Metal1,57.8830,26.7750,1.199647
hold797,VDD,Metal1,149.5630,155.2950,1.199583
hold796,VDD,Metal1,163.4830,26.7750,1.199149
hold795,VDD,Metal1,26.2030,117.4950,1.199617
hold794,VDD,Metal1,52.6030,86.6240,1.199136
hold793,VDD,Metal1,103.4830,154.6640,1.199725
hold792,VDD,Metal1,121.2430,261.1350,1.199700
hold791,VDD,Metal1,71.8030,87.2550,1.199230
hold790,VDD,Metal1,30.5230,19.2150,1.199915
hold789,VDD,Metal1,104.4430,223.3350,1.199792
hold788,VDD,Metal1,145.7230,94.1840,1.199593
hold787,VDD,Metal1,19.9630,86.6240,1.199972
hold786,VDD,Metal1,132.7630,230.2640,1.199252
hold785,VDD,Metal1,88.1230,72.1350,1.199884
hold784,VDD,Metal1,55.4830,94.8150,1.199762
hold783,VDD,Metal1,19.4830,63.9440,1.199964
hold782,VDD,Metal1,54.0430,185.5350,1.198102
hold781,VDD,Metal1,138.5230,19.2150,1.198673
hold780,VDD,Metal1,21.4030,215.7750,1.199940
hold779,VDD,Metal1,103.4830,252.9440,1.199913
hold778,VDD,Metal1,128.9230,102.3750,1.199642
hold777,VDD,Metal1,20.9230,222.7040,1.199900
hold776,VDD,Metal1,82.8430,222.7040,1.199778
hold775,VDD,Metal1,83.3230,26.7750,1.199664
hold774,VDD,Metal1,20.9230,41.8950,1.199987
hold773,VDD,Metal1,120.7630,131.9840,1.199641
hold772,VDD,Metal1,122.6830,26.7750,1.199625
hold771,VDD,Metal1,111.6430,87.2550,1.199557
hold770,VDD,Metal1,98.2030,261.1350,1.199873
hold769,VDD,Metal1,118.3630,132.6150,1.199641
hold768,VDD,Metal1,175.4830,34.3350,1.199940
hold767,VDD,Metal1,47.3230,298.9350,1.199828
hold766,VDD,Metal1,19.4830,253.5750,1.199983
hold765,VDD,Metal1,26.2030,57.0150,1.199954
hold764,VDD,Metal1,68.4430,237.8240,1.199889
hold763,VDD,Metal1,51.1630,34.3350,1.199622
hold762,VDD,Metal1,20.4430,41.2640,1.199987
hold761,VDD,Metal1,161.5630,200.0240,1.199895
hold760,VDD,Metal1,80.9230,56.3840,1.199840
hold759,VDD,Metal1,87.1630,170.4150,1.199805
hold758,VDD,Metal1,131.8030,49.4550,1.199520
hold757,VDD,Metal1,69.8830,86.6240,1.199228
hold756,VDD,Metal1,125.0830,116.8640,1.199863
hold755,VDD,Metal1,20.9230,207.5840,1.199941
hold754,VDD,Metal1,60.7630,298.9350,1.199763
hold753,VDD,Metal1,71.8030,147.1040,1.199923
hold752,VDD,Metal1,57.8830,57.0150,1.199838
hold751,VDD,Metal1,22.3630,124.4240,1.199966
hold750,VDD,Metal1,141.4030,291.3750,1.199569
hold749,VDD,Metal1,106.3630,208.2150,1.199653
hold748,VDD,Metal1,122.2030,290.7440,1.199566
hold747,VDD,Metal1,19.9630,79.0640,1.199935
hold746,VDD,Metal1,21.4030,33.7040,1.199910
hold745,VDD,Metal1,28.1230,94.8150,1.199896
hold744,VDD,Metal1,60.7630,71.5040,1.199871
hold743,VDD,Metal1,124.1230,192.4640,1.199938
hold742,VDD,Metal1,46.3630,18.5840,1.199372
hold741,VDD,Metal1,40.6030,162.8550,1.199672
hold740,VDD,Metal1,96.7630,48.8240,1.199932
hold739,VDD,Metal1,21.4030,147.7350,1.199963
hold738,VDD,Metal1,55.0030,177.9750,1.199785
hold737,VDD,Metal1,27.1630,72.1350,1.199955
hold736,VDD,Metal1,46.8430,72.1350,1.199931
hold735,VDD,Metal1,110.6830,200.0240,1.199651
hold734,VDD,Metal1,25.7230,170.4150,1.199891
hold733,VDD,Metal1,105.4030,63.9440,1.199876
hold732,VDD,Metal1,34.8430,33.7040,1.199653
hold731,VDD,Metal1,82.3630,162.2240,1.199564
hold730,VDD,Metal1,173.5630,56.3840,1.199901
hold729,VDD,Metal1,76.1230,185.5350,1.198408
hold728,VDD,Metal1,69.4030,131.9840,1.199682
hold727,VDD,Metal1,22.8430,140.1750,1.199931
hold726,VDD,Metal1,87.6430,298.9350,1.199890
hold725,VDD,Metal1,146.2030,86.6240,1.199479
hold724,VDD,Metal1,123.1630,177.3440,1.199892
hold723,VDD,Metal1,50.6830,139.5440,1.198149
hold722,VDD,Metal1,67.9630,268.0640,1.199064
hold721,VDD,Metal1,101.0830,177.3440,1.199948
hold720,VDD,Metal1,63.6430,116.8640,1.199562
hold719,VDD,Metal1,125.5630,86.6240,1.199486
hold718,VDD,Metal1,20.9230,162.8550,1.199923
hold717,VDD,Metal1,31.4830,200.0240,1.199964
hold716,VDD,Metal1,92.9230,192.4640,1.199981
hold715,VDD,Metal1,131.3230,260.5040,1.199699
hold714,VDD,Metal1,92.9230,87.2550,1.199897
hold713,VDD,Metal1,136.6030,147.7350,1.199905
hold712,VDD,Metal1,150.5230,253.5750,1.199839
hold711,VDD,Metal1,139.0030,215.7750,1.199582
hold710,VDD,Metal1,61.2430,207.5840,1.199371
hold709,VDD,Metal1,162.5230,139.5440,1.199912
hold708,VDD,Metal1,74.6830,41.2640,1.199631
hold707,VDD,Metal1,139.0030,238.4550,1.199745
hold706,VDD,Metal1,98.2030,131.9840,1.199797
hold705,VDD,Metal1,82.3630,124.4240,1.199782
hold704,VDD,Metal1,74.6830,283.8150,1.196924
hold703,VDD,Metal1,21.4030,162.2240,1.199923
hold702,VDD,Metal1,75.1630,298.3040,1.199666
hold701,VDD,Metal1,149.5630,261.1350,1.199827
hold700,VDD,Metal1,139.4830,34.3350,1.199608
hold699,VDD,Metal1,66.0430,162.2240,1.199504
hold698,VDD,Metal1,68.9230,246.0150,1.199833
hold697,VDD,Metal1,146.2030,200.0240,1.199807
hold696,VDD,Metal1,119.8030,57.0150,1.198986
hold695,VDD,Metal1,127.4830,276.2550,1.199625
hold694,VDD,Metal1,66.5230,132.6150,1.199675
hold693,VDD,Metal1,59.8030,276.2550,1.199822
hold692,VDD,Metal1,151.4830,230.8950,1.199158
hold691,VDD,Metal1,83.8030,268.0640,1.199820
hold690,VDD,Metal1,55.0030,261.1350,1.199571
hold689,VDD,Metal1,21.8830,117.4950,1.199892
hold688,VDD,Metal1,81.4030,208.2150,1.199882
hold687,VDD,Metal1,93.4030,245.3840,1.199952
hold686,VDD,Metal1,137.5630,63.9440,1.199819
hold685,VDD,Metal1,39.6430,57.0150,1.199899
hold684,VDD,Metal1,110.2030,268.0640,1.199630
hold683,VDD,Metal1,41.5630,238.4550,1.199885
hold682,VDD,Metal1,62.6830,193.0950,1.199724
hold681,VDD,Metal1,153.8830,215.7750,1.199851
hold680,VDD,Metal1,113.5630,102.3750,1.199913
hold679,VDD,Metal1,74.6830,125.0550,1.199583
hold678,VDD,Metal1,100.1230,34.3350,1.199910
hold677,VDD,Metal1,30.0430,245.3840,1.199885
hold676,VDD,Metal1,79.4830,246.0150,1.199901
hold675,VDD,Metal1,103.4830,185.5350,1.199876
hold674,VDD,Metal1,130.8430,290.7440,1.199564
hold673,VDD,Metal1,147.6430,56.3840,1.199506
hold672,VDD,Metal1,49.2430,41.8950,1.199496
hold671,VDD,Metal1,153.4030,71.5040,1.199332
hold670,VDD,Metal1,48.7630,116.8640,1.199567
hold669,VDD,Metal1,116.9230,230.8950,1.199299
hold668,VDD,Metal1,76.1230,177.3440,1.199785
hold667,VDD,Metal1,37.2430,140.1750,1.198362
hold666,VDD,Metal1,41.5630,94.8150,1.199815
hold665,VDD,Metal1,138.0430,177.9750,1.199848
hold664,VDD,Metal1,100.1230,169.7840,1.199865
hold663,VDD,Metal1,93.8830,139.5440,1.199905
hold662,VDD,Metal1,144.7630,139.5440,1.199827
hold661,VDD,Metal1,124.1230,162.8550,1.199742
hold660,VDD,Metal1,73.7230,72.1350,1.199873
hold659,VDD,Metal1,163.0030,169.7840,1.199903
hold658,VDD,Metal1,49.7230,147.7350,1.199926
hold657,VDD,Metal1,146.2030,276.2550,1.199648
hold656,VDD,Metal1,158.2030,41.8950,1.199932
hold655,VDD,Metal1,117.8830,41.2640,1.199746
hold654,VDD,Metal1,142.3630,162.8550,1.199640
hold653,VDD,Metal1,76.6030,94.8150,1.199774
hold652,VDD,Metal1,126.5230,79.0640,1.198718
hold651,VDD,Metal1,121.7230,177.9750,1.199893
hold650,VDD,Metal1,21.4030,200.0240,1.199974
hold649,VDD,Metal1,25.6360,237.8240,1.199936
hold648,VDD,Metal1,81.4030,283.1840,1.196968
hold647,VDD,Metal1,20.9230,184.9040,1.199909
hold646,VDD,Metal1,131.3230,207.5840,1.199613
hold645,VDD,Metal1,94.3630,207.5840,1.199948
hold644,VDD,Metal1,60.7630,252.9440,1.199724
hold643,VDD,Metal1,127.4830,223.3350,1.198354
hold642,VDD,Metal1,159.1630,184.9040,1.199892
hold641,VDD,Metal1,131.8030,140.1750,1.199804
hold640,VDD,Metal1,39.6430,102.3750,1.199613
hold639,VDD,Metal1,65.0830,230.2640,1.199641
hold638,VDD,Metal1,76.6030,207.5840,1.199855
hold637,VDD,Metal1,31.9630,314.0550,1.199879
hold636,VDD,Metal1,118.3630,116.8640,1.199866
hold635,VDD,Metal1,101.0830,275.6240,1.199894
hold634,VDD,Metal1,95.3230,237.8240,1.199935
hold633,VDD,Metal1,45.7960,193.0950,1.199764
hold632,VDD,Metal1,312.7630,71.5040,1.199574
hold631,VDD,Metal1,61.7230,169.7840,1.199547
hold630,VDD,Metal1,24.7630,298.3040,1.199916
hold629,VDD,Metal1,88.6030,102.3750,1.199749
hold628,VDD,Metal1,309.8830,86.6240,1.199648
hold627,VDD,Metal1,34.3630,298.9350,1.199878
hold626,VDD,Metal1,58.8430,260.5040,1.199590
hold625,VDD,Metal1,92.3560,154.6640,1.199918
hold624,VDD,Metal1,57.3160,222.7040,1.199570
hold623,VDD,Metal1,106.3630,291.3750,1.199919
hold622,VDD,Metal1,42.5230,261.1350,1.199572
hold621,VDD,Metal1,50.6830,290.7440,1.199798
hold620,VDD,Metal1,39.6430,223.3350,1.199563
hold619,VDD,Metal1,24.7630,306.4950,1.199783
hold618,VDD,Metal1,24.7630,276.2550,1.199944
hold617,VDD,Metal1,21.4030,290.7440,1.199965
hold616,VDD,Metal1,37.7230,276.2550,1.199919
hold615,VDD,Metal1,142.7560,320.9840,1.199541
hold614,VDD,Metal1,314.2030,72.1350,1.199573
hold613,VDD,Metal1,277.2430,79.0640,1.199565
rebuffer612,VDD,Metal1,169.4100,245.8670,1.199884
rebuffer611,VDD,Metal1,63.8100,253.0920,1.199719
rebuffer610,VDD,Metal1,36.9900,215.2920,1.199819
rebuffer609,VDD,Metal1,33.5280,283.7770,1.197010
rebuffer608,VDD,Metal1,239.9700,215.2920,1.199934
rebuffer606,VDD,Metal1,55.6080,298.3420,1.199763
rebuffer605,VDD,Metal1,105.6300,245.5320,1.199944
rebuffer604,VDD,Metal1,237.6300,222.8520,1.199919
rebuffer603,VDD,Metal1,241.9500,101.8920,1.199677
rebuffer602,VDD,Metal1,145.8900,291.2270,1.199592
rebuffer601,VDD,Metal1,147.8700,268.5470,1.199714
rebuffer600,VDD,Metal1,51.8700,291.2270,1.199798
rebuffer599,VDD,Metal1,29.6880,283.2220,1.197037
rebuffer598,VDD,Metal1,29.3100,276.1070,1.199915
rebuffer607,VDD,Metal1,69.1500,230.4120,1.199633
clkload16,VDD,Metal1,304.3010,283.0760,1.198470
clkload15,VDD,Metal1,233.2610,313.3160,1.199079
clkload14,VDD,Metal1,156.9400,223.5210,1.198318
clkload13,VDD,Metal1,126.6980,313.2930,1.199447
clkload12,VDD,Metal1,90.1970,276.3920,1.199914
clkload11,VDD,Metal1,32.7500,268.0480,1.198731
clkload10,VDD,Metal1,38.5100,230.2480,1.199721
clkload9,VDD,Metal1,44.6180,185.6660,1.198099
clkload8,VDD,Metal1,134.3810,131.8760,1.199652
clkload7,VDD,Metal1,40.2980,162.0930,1.199672
clkload6,VDD,Metal1,43.1570,109.1670,1.199597
clkload5,VDD,Metal1,40.4300,72.1510,1.199961
clkload4,VDD,Metal1,20.5710,56.2590,1.199954
clkload3,VDD,Metal1,47.9780,33.5730,1.199648
clkload2,VDD,Metal1,142.5380,34.4660,1.199534
clkload1,VDD,Metal1,123.3380,79.8260,1.198744
clkload0,VDD,Metal1,248.1400,63.7580,1.199920
clkbuf_2_3__f_clk,VDD,Metal1,172.0800,267.8720,1.199891
clkbuf_2_2__f_clk,VDD,Metal1,78.0000,230.0720,1.199641
clkbuf_2_1__f_clk,VDD,Metal1,73.6800,139.3520,1.198102
clkbuf_2_0__f_clk,VDD,Metal1,121.2000,64.7670,1.199735
clkbuf_0_clk,VDD,Metal1,170.1600,170.6070,1.199912
clkbuf_leaf_23_clk,VDD,Metal1,25.4820,49.5920,1.199844
clkbuf_leaf_22_clk,VDD,Metal1,51.4020,26.9120,1.199648
clkbuf_leaf_21_clk,VDD,Metal1,93.0770,56.2470,1.199936
clkbuf_leaf_20_clk,VDD,Metal1,139.2420,26.9120,1.199055
clkbuf_leaf_19_clk,VDD,Metal1,127.2420,79.8320,1.198718
clkbuf_leaf_18_clk,VDD,Metal1,142.5170,125.1920,1.197958
clkbuf_leaf_17_clk,VDD,Metal1,249.0770,64.7120,1.199916
clkbuf_leaf_16_clk,VDD,Metal1,315.7970,169.6470,1.198675
clkbuf_leaf_15_clk,VDD,Metal1,308.1170,276.3920,1.197762
clkbuf_leaf_14_clk,VDD,Metal1,237.6420,313.2870,1.199077
clkbuf_leaf_13_clk,VDD,Metal1,157.4820,230.1270,1.199159
clkbuf_leaf_12_clk,VDD,Metal1,129.5570,246.1520,1.199726
clkbuf_leaf_11_clk,VDD,Metal1,131.4770,305.7270,1.199633
clkbuf_leaf_10_clk,VDD,Metal1,89.8020,283.0470,1.199942
clkbuf_leaf_9_clk,VDD,Metal1,57.6420,306.6320,1.199089
clkbuf_leaf_8_clk,VDD,Metal1,35.0820,268.8320,1.198731
clkbuf_leaf_7_clk,VDD,Metal1,41.2370,231.0320,1.199721
clkbuf_leaf_6_clk,VDD,Metal1,48.9170,185.6720,1.198102
clkbuf_leaf_5_clk,VDD,Metal1,93.0770,215.0070,1.199923
clkbuf_leaf_4_clk,VDD,Metal1,125.7170,170.5520,1.199561
clkbuf_leaf_3_clk,VDD,Metal1,88.7570,139.4070,1.198273
clkbuf_leaf_2_clk,VDD,Metal1,40.2770,155.4320,1.197240
clkbuf_leaf_1_clk,VDD,Metal1,43.1570,110.0720,1.199597
clkbuf_leaf_0_clk,VDD,Metal1,36.5220,78.9270,1.199232
fanout597,VDD,Metal1,298.5900,260.6520,1.198913
fanout596,VDD,Metal1,300.4500,237.9720,1.194701
fanout595,VDD,Metal1,308.1900,177.4920,1.191868
fanout594,VDD,Metal1,297.6300,185.0520,1.190086
fanout592,VDD,Metal1,150.2100,162.3720,1.199641
fanout591,VDD,Metal1,62.8500,155.1470,1.197302
fanout590,VDD,Metal1,139.1700,101.8920,1.199530
fanout589,VDD,Metal1,63.3170,63.8070,1.199666
fanout588,VDD,Metal1,63.4310,56.9770,1.199837
fanout587,VDD,Metal1,92.6100,41.4120,1.199886
fanout586,VDD,Metal1,102.7500,79.2120,1.199629
fanout585,VDD,Metal1,94.5300,41.4120,1.199884
fanout584,VDD,Metal1,97.4700,79.5470,1.199904
fanout583,VDD,Metal1,62.8500,276.1070,1.199883
fanout582,VDD,Metal1,35.0700,215.2920,1.199835
fanout581,VDD,Metal1,101.2500,132.1320,1.199776
fanout580,VDD,Metal1,50.9100,155.1470,1.197280
fanout579,VDD,Metal1,28.7700,185.3870,1.199590
fanout578,VDD,Metal1,27.3300,185.0520,1.199675
fanout577,VDD,Metal1,30.6900,185.3870,1.199358
fanout576,VDD,Metal1,30.6900,215.2920,1.199901
fanout575,VDD,Metal1,25.4700,185.0520,1.199769
fanout574,VDD,Metal1,301.4700,87.1070,1.199652
fanout573,VDD,Metal1,313.4700,94.3320,1.198859
fanout572,VDD,Metal1,301.4700,101.8920,1.198712
fanout571,VDD,Metal1,306.2700,101.8920,1.198451
fanout570,VDD,Metal1,304.8300,102.2270,1.198464
fanout569,VDD,Metal1,166.5300,321.4670,1.199926
fanout568,VDD,Metal1,163.1700,313.9070,1.199744
fanout567,VDD,Metal1,255.8100,321.4670,1.198310
fanout566,VDD,Metal1,254.4300,313.9070,1.199711
fanout565,VDD,Metal1,19.7100,321.4670,1.199974
fanout564,VDD,Metal1,94.0500,321.1320,1.199861
fanout563,VDD,Metal1,128.6100,313.9070,1.199403
fanout562,VDD,Metal1,96.0300,321.1320,1.199845
fanout561,VDD,Metal1,124.3500,276.1070,1.199624
fanout560,VDD,Metal1,85.9500,276.1070,1.199912
fanout559,VDD,Metal1,20.6100,321.1320,1.199963
fanout558,VDD,Metal1,18.6900,321.1320,1.199988
fanout557,VDD,Metal1,13.4700,313.5720,1.199900
fanout556,VDD,Metal1,11.4900,275.7720,1.199946
fanout555,VDD,Metal1,14.4300,283.3320,1.199954
fanout554,VDD,Metal1,95.4900,230.4120,1.199896
fanout553,VDD,Metal1,94.1100,222.8520,1.199897
fanout552,VDD,Metal1,139.1700,192.9470,1.199766
fanout551,VDD,Metal1,95.5500,208.0670,1.199948
fanout550,VDD,Metal1,11.4900,237.9720,1.199337
fanout549,VDD,Metal1,51.3300,230.7470,1.199642
fanout548,VDD,Metal1,13.4700,237.9720,1.199346
fanout547,VDD,Metal1,65.7300,207.7320,1.199387
fanout546,VDD,Metal1,14.4300,192.9470,1.199939
fanout545,VDD,Metal1,14.8500,177.4920,1.199952
fanout544,VDD,Metal1,308.1900,162.3720,1.198423
fanout543,VDD,Metal1,163.2300,71.6520,1.199945
fanout542,VDD,Metal1,95.0100,169.9320,1.199925
fanout541,VDD,Metal1,129.0900,155.1470,1.199574
fanout540,VDD,Metal1,96.9900,169.9320,1.199878
fanout539,VDD,Metal1,92.6700,140.0270,1.199905
fanout538,VDD,Metal1,14.4300,170.2670,1.199930
fanout537,VDD,Metal1,12.5100,170.2670,1.199929
fanout536,VDD,Metal1,10.5900,170.2670,1.199930
fanout535,VDD,Metal1,53.2500,132.1320,1.199676
fanout534,VDD,Metal1,14.4300,132.1320,1.199930
fanout533,VDD,Metal1,14.4300,94.3320,1.199944
fanout532,VDD,Metal1,89.2500,94.6670,1.199938
fanout531,VDD,Metal1,88.8300,87.1070,1.199574
fanout530,VDD,Metal1,88.8300,56.5320,1.199935
fanout529,VDD,Metal1,86.9100,56.5320,1.199845
fanout528,VDD,Metal1,62.9100,94.6670,1.199752
fanout527,VDD,Metal1,12.5100,94.3320,1.199944
fanout526,VDD,Metal1,8.1300,87.1070,1.199968
fanout525,VDD,Metal1,10.5900,56.5320,1.199954
fanout524,VDD,Metal1,8.6100,49.3070,1.199929
fanout523,VDD,Metal1,301.8900,245.8670,1.199366
fanout522,VDD,Metal1,301.8900,139.6920,1.199306
fanout521,VDD,Metal1,295.2300,94.6670,1.198908
fanout520,VDD,Metal1,49.4700,71.6520,1.199881
fanout519,VDD,Metal1,57.1500,71.6520,1.199873
fanout518,VDD,Metal1,96.9900,200.1720,1.199918
fanout517,VDD,Metal1,44.1300,101.8920,1.199619
fanout516,VDD,Metal1,63.3900,170.2670,1.199556
fanout515,VDD,Metal1,39.8100,253.0920,1.199727
fanout514,VDD,Metal1,36.5100,102.2270,1.199620
fanout513,VDD,Metal1,35.0100,86.7720,1.199572
fanout512,VDD,Metal1,124.3500,223.1870,1.198402
fanout511,VDD,Metal1,125.7300,139.6920,1.199802
fanout510,VDD,Metal1,74.3280,86.6620,1.199255
fanout509,VDD,Metal1,107.0100,109.7870,1.199796
fanout508,VDD,Metal1,97.5110,192.5020,1.199971
fanout507,VDD,Metal1,73.4700,223.1870,1.199772
fanout506,VDD,Metal1,98.9510,185.4970,1.199887
fanout505,VDD,Metal1,131.0700,94.6670,1.199625
fanout504,VDD,Metal1,107.0700,109.4520,1.199796
fanout503,VDD,Metal1,102.6900,48.9720,1.199841
fanout502,VDD,Metal1,128.0880,192.5020,1.199929
fanout501,VDD,Metal1,95.5910,245.9770,1.199957
fanout500,VDD,Metal1,101.7900,41.7470,1.199810
fanout499,VDD,Metal1,81.6300,34.1870,1.199831
fanout498,VDD,Metal1,249.6300,117.3470,1.199885
fanout497,VDD,Metal1,231.8100,162.3720,1.199633
fanout496,VDD,Metal1,228.9900,109.4520,1.199899
fanout495,VDD,Metal1,253.9500,162.3720,1.199704
fanout494,VDD,Metal1,285.1500,117.0120,1.199419
fanout493,VDD,Metal1,263.0700,94.6670,1.199703
fanout492,VDD,Metal1,261.1500,94.6670,1.199712
fanout491,VDD,Metal1,288.5100,132.1320,1.199215
fanout490,VDD,Metal1,291.3900,170.2670,1.198879
fanout489,VDD,Metal1,288.0300,124.9070,1.196424
fanout488,VDD,Metal1,287.0700,207.7320,1.186775
fanout487,VDD,Metal1,278.9100,124.9070,1.197063
fanout486,VDD,Metal1,275.0700,132.4670,1.199496
fanout485,VDD,Metal1,287.0700,177.4920,1.191970
fanout484,VDD,Metal1,273.1500,132.4670,1.199563
fanout483,VDD,Metal1,204.0300,162.3720,1.198433
fanout482,VDD,Metal1,278.9100,132.4670,1.199468
fanout481,VDD,Metal1,300.9300,56.8670,1.199493
fanout480,VDD,Metal1,280.2900,177.4920,1.192024
fanout479,VDD,Metal1,304.8300,56.5320,1.199492
fanout478,VDD,Metal1,38.9100,86.7720,1.199564
fanout477,VDD,Metal1,64.7700,192.6120,1.199722
fanout476,VDD,Metal1,38.4300,79.5470,1.199231
fanout475,VDD,Metal1,34.0500,170.2670,1.199845
fanout474,VDD,Metal1,67.6500,185.0520,1.198408
fanout473,VDD,Metal1,38.3700,162.3720,1.199700
fanout472,VDD,Metal1,36.0300,109.7870,1.199728
fanout471,VDD,Metal1,30.2100,169.9320,1.199859
fanout470,VDD,Metal1,64.7700,185.3870,1.198400
fanout469,VDD,Metal1,28.3500,169.9320,1.199858
fanout468,VDD,Metal1,32.1300,71.9870,1.199963
fanout467,VDD,Metal1,34.5300,154.8120,1.197244
fanout466,VDD,Metal1,62.9100,192.6120,1.199723
fanout465,VDD,Metal1,36.9300,253.4270,1.199932
fanout464,VDD,Metal1,24.9900,162.3720,1.199827
fanout463,VDD,Metal1,25.4100,79.5470,1.199255
fanout462,VDD,Metal1,31.2300,253.0920,1.199956
fanout461,VDD,Metal1,29.7900,245.8670,1.199885
fanout460,VDD,Metal1,42.2100,162.3720,1.199667
fanout459,VDD,Metal1,31.2300,87.1070,1.199902
fanout458,VDD,Metal1,34.0500,260.6520,1.199573
fanout457,VDD,Metal1,38.8500,253.4270,1.199732
fanout456,VDD,Metal1,31.2300,253.4270,1.199956
fanout455,VDD,Metal1,26.4300,155.1470,1.199891
fanout454,VDD,Metal1,27.3300,86.7720,1.199903
fanout453,VDD,Metal1,113.2500,101.8920,1.199913
fanout452,VDD,Metal1,112.7700,109.4520,1.199570
fanout451,VDD,Metal1,115.2300,101.8920,1.199908
fanout450,VDD,Metal1,35.0200,155.4710,1.197244
fanout449,VDD,Metal1,116.6100,102.2270,1.199851
fanout448,VDD,Metal1,137.2500,185.3870,1.199778
fanout447,VDD,Metal1,110.8500,109.4520,1.199620
fanout446,VDD,Metal1,110.8500,94.6670,1.199906
fanout445,VDD,Metal1,84.9900,101.8920,1.199633
fanout444,VDD,Metal1,105.0480,192.5020,1.199959
fanout443,VDD,Metal1,101.6880,230.8570,1.199806
fanout442,VDD,Metal1,83.0700,101.8920,1.199631
fanout441,VDD,Metal1,85.8900,94.6670,1.199929
fanout440,VDD,Metal1,141.0900,177.8270,1.199849
fanout439,VDD,Metal1,100.3910,245.4220,1.199948
fanout438,VDD,Metal1,92.1900,155.1470,1.199918
fanout437,VDD,Metal1,97.4700,56.8670,1.199927
fanout436,VDD,Metal1,80.1900,94.3320,1.199774
fanout435,VDD,Metal1,107.5400,185.7110,1.199887
fanout434,VDD,Metal1,99.2880,230.8570,1.199820
fanout433,VDD,Metal1,79.7100,87.1070,1.199444
fanout432,VDD,Metal1,77.7300,87.1070,1.199359
fanout431,VDD,Metal1,246.2700,230.7470,1.199918
fanout430,VDD,Metal1,291.3900,162.7070,1.198526
fanout429,VDD,Metal1,294.7500,71.6520,1.199668
fanout428,VDD,Metal1,293.7900,64.0920,1.199215
fanout427,VDD,Metal1,273.1500,117.0120,1.199495
fanout426,VDD,Metal1,178.5900,94.6670,1.199785
fanout425,VDD,Metal1,261.6300,162.7070,1.199443
fanout424,VDD,Metal1,265.8900,132.1320,1.199679
fanout423,VDD,Metal1,263.9700,162.3720,1.199440
fanout422,VDD,Metal1,252.9300,124.9070,1.199892
fanout421,VDD,Metal1,276.9300,132.4670,1.199478
fanout420,VDD,Metal1,245.7300,162.7070,1.199961
fanout419,VDD,Metal1,158.9100,177.4920,1.199911
fanout418,VDD,Metal1,168.0300,147.5870,1.199984
fanout417,VDD,Metal1,174.2100,117.0120,1.199917
fanout416,VDD,Metal1,264.9900,124.9070,1.199311
fanout415,VDD,Metal1,252.9900,169.9320,1.199853
fanout414,VDD,Metal1,274.0500,147.2520,1.198653
fanout413,VDD,Metal1,212.6700,185.0520,1.196263
fanout412,VDD,Metal1,208.3500,275.7720,1.198845
fanout411,VDD,Metal1,201.1500,283.6670,1.199427
fanout410,VDD,Metal1,280.3500,79.2120,1.199506
fanout409,VDD,Metal1,269.3100,117.3470,1.199514
fanout408,VDD,Metal1,245.7900,306.0120,1.199931
fanout407,VDD,Metal1,266.3700,117.0120,1.199525
fanout406,VDD,Metal1,177.6300,101.8920,1.199099
fanout405,VDD,Metal1,228.5100,26.2920,1.199622
fanout404,VDD,Metal1,247.6500,283.6670,1.199798
fanout403,VDD,Metal1,192.5100,291.2270,1.198537
fanout402,VDD,Metal1,167.0700,192.6120,1.199984
fanout401,VDD,Metal1,238.5900,276.1070,1.199547
fanout400,VDD,Metal1,172.3500,230.7470,1.199936
fanout399,VDD,Metal1,218.3700,283.6670,1.199586
fanout398,VDD,Metal1,211.7100,275.7720,1.198955
fanout397,VDD,Metal1,272.6700,86.7720,1.199871
fanout396,VDD,Metal1,265.9500,124.5720,1.199291
fanout395,VDD,Metal1,283.2300,124.5720,1.196651
fanout394,VDD,Metal1,224.1900,41.4120,1.199886
fanout393,VDD,Metal1,272.1900,147.2520,1.199162
fanout392,VDD,Metal1,255.8700,155.1470,1.199728
fanout391,VDD,Metal1,260.1300,147.2520,1.199540
fanout390,VDD,Metal1,254.3700,94.3320,1.199729
fanout389,VDD,Metal1,256.8300,87.1070,1.199931
fanout388,VDD,Metal1,281.3100,147.5870,1.198613
fanout387,VDD,Metal1,170.9100,208.0670,1.199959
fanout386,VDD,Metal1,173.2500,245.5320,1.199898
fanout385,VDD,Metal1,274.5900,86.7720,1.199844
fanout384,VDD,Metal1,274.5900,71.9870,1.199748
fanout383,VDD,Metal1,193.9500,64.4270,1.199206
fanout382,VDD,Metal1,211.6500,34.1870,1.199844
fanout381,VDD,Metal1,238.5900,207.7320,1.199765
fanout380,VDD,Metal1,287.0100,215.2920,1.198168
fanout379,VDD,Metal1,237.1500,208.0670,1.199761
fanout378,VDD,Metal1,229.4100,200.5070,1.198961
fanout377,VDD,Metal1,243.3300,245.5320,1.199961
fanout376,VDD,Metal1,184.7700,253.4270,1.199644
fanout375,VDD,Metal1,223.7100,260.9870,1.199755
fanout374,VDD,Metal1,186.6900,253.4270,1.199645
fanout373,VDD,Metal1,149.7300,215.2920,1.199802
fanout372,VDD,Metal1,206.4300,200.1720,1.198854
fanout371,VDD,Metal1,214.5300,260.6520,1.199705
fanout370,VDD,Metal1,216.9300,253.4270,1.199736
fanout369,VDD,Metal1,229.8900,268.5470,1.199685
fanout368,VDD,Metal1,281.7900,132.4670,1.199410
fanout367,VDD,Metal1,250.5900,237.9720,1.199817
fanout366,VDD,Metal1,291.8700,200.5070,1.197491
fanout365,VDD,Metal1,283.2300,132.1320,1.199356
fanout364,VDD,Metal1,295.6500,49.3070,1.198359
fanout363,VDD,Metal1,242.3700,207.7320,1.199782
fanout362,VDD,Metal1,256.3500,215.2920,1.199638
fanout361,VDD,Metal1,258.7500,87.1070,1.199907
fanout360,VDD,Metal1,199.6500,162.7070,1.198431
fanout359,VDD,Metal1,202.1100,162.3720,1.198431
fanout358,VDD,Metal1,236.6700,169.9320,1.199894
fanout357,VDD,Metal1,229.8900,87.1070,1.199781
fanout356,VDD,Metal1,186.2100,87.1070,1.199869
fanout355,VDD,Metal1,234.2100,102.2270,1.199467
fanout354,VDD,Metal1,183.8700,102.2270,1.198168
fanout353,VDD,Metal1,235.6500,147.5870,1.199924
fanout352,VDD,Metal1,180.4500,140.0270,1.199130
fanout351,VDD,Metal1,187.1700,64.4270,1.199247
fanout350,VDD,Metal1,12.9900,26.2920,1.199752
fanout349,VDD,Metal1,261.0900,64.0920,1.199681
fanout348,VDD,Metal1,254.3700,48.9720,1.199647
fanout347,VDD,Metal1,167.4900,245.8670,1.199884
fanout346,VDD,Metal1,168.0300,124.9070,1.199950
fanout345,VDD,Metal1,190.0500,260.9870,1.199522
fanout344,VDD,Metal1,188.1900,260.6520,1.199544
fanout343,VDD,Metal1,179.9700,230.7470,1.199498
fanout342,VDD,Metal1,207.8700,215.6270,1.199825
fanout341,VDD,Metal1,172.7700,207.7320,1.199913
fanout340,VDD,Metal1,192.9300,207.7320,1.199776
fanout339,VDD,Metal1,234.2100,200.5070,1.198977
fanout338,VDD,Metal1,155.5500,215.2920,1.199861
fanout337,VDD,Metal1,171.3300,177.8270,1.199976
fanout336,VDD,Metal1,224.6100,185.3870,1.196600
fanout335,VDD,Metal1,180.4500,215.6270,1.199882
fanout334,VDD,Metal1,250.0500,276.1070,1.199464
fanout333,VDD,Metal1,248.6700,237.9720,1.199813
fanout332,VDD,Metal1,267.8700,147.5870,1.199436
fanout331,VDD,Metal1,252.0300,162.3720,1.199704
fanout330,VDD,Metal1,289.9500,200.5070,1.197514
fanout329,VDD,Metal1,269.7900,147.5870,1.199400
fanout328,VDD,Metal1,302.9100,64.0920,1.199159
fanout327,VDD,Metal1,275.9700,155.1470,1.191822
fanout326,VDD,Metal1,231.8700,276.1070,1.199080
fanout325,VDD,Metal1,163.2300,230.4120,1.199681
fanout324,VDD,Metal1,212.1900,276.1070,1.198968
fanout323,VDD,Metal1,179.0700,268.2120,1.199862
fanout322,VDD,Metal1,182.4300,124.5720,1.199932
fanout321,VDD,Metal1,173.7900,124.5720,1.199958
fanout320,VDD,Metal1,180.5100,124.5720,1.199936
fanout319,VDD,Metal1,176.1900,71.6520,1.199876
fanout318,VDD,Metal1,211.2300,41.4120,1.199943
fanout317,VDD,Metal1,255.3300,64.4270,1.199730
fanout316,VDD,Metal1,287.0100,56.5320,1.199510
fanout315,VDD,Metal1,227.9700,87.1070,1.199781
fanout314,VDD,Metal1,181.8900,86.7720,1.199909
fanout313,VDD,Metal1,232.7700,117.3470,1.198982
fanout312,VDD,Metal1,185.7900,124.5720,1.199857
fanout311,VDD,Metal1,184.7700,124.9070,1.199877
fanout310,VDD,Metal1,238.5900,117.3470,1.199001
fanout309,VDD,Metal1,188.1300,140.0270,1.199083
fanout308,VDD,Metal1,183.8100,139.6920,1.199099
fanout307,VDD,Metal1,232.3500,154.8120,1.199901
fanout306,VDD,Metal1,192.4500,162.3720,1.198432
fanout305,VDD,Metal1,190.0500,155.1470,1.199775
fanout304,VDD,Metal1,190.5300,56.8670,1.199834
fanout303,VDD,Metal1,223.1700,48.9720,1.199780
fanout302,VDD,Metal1,196.7700,48.9720,1.199675
fanout301,VDD,Metal1,273.5700,64.4270,1.199552
fanout300,VDD,Metal1,273.0900,56.8670,1.199540
fanout299,VDD,Metal1,304.7700,117.3470,1.198826
fanout298,VDD,Metal1,301.9500,215.6270,1.197872
fanout297,VDD,Metal1,295.2300,268.5470,1.198684
fanout296,VDD,Metal1,302.8500,298.4520,1.193195
fanout295,VDD,Metal1,299.0100,275.7720,1.197858
fanout294,VDD,Metal1,264.9900,290.8920,1.199812
fanout293,VDD,Metal1,212.1900,298.4520,1.199610
fanout292,VDD,Metal1,178.5900,306.3470,1.199911
fanout291,VDD,Metal1,299.9700,170.2670,1.198829
fanout290,VDD,Metal1,308.6700,117.0120,1.198788
fanout289,VDD,Metal1,283.2300,208.0670,1.186951
fanout288,VDD,Metal1,288.5100,169.9320,1.198889
fanout287,VDD,Metal1,289.4700,162.7070,1.198525
fanout286,VDD,Metal1,247.2300,124.9070,1.199946
fanout285,VDD,Metal1,197.2500,162.7070,1.198431
fanout284,VDD,Metal1,263.9700,147.5870,1.199472
fanout283,VDD,Metal1,282.6900,192.6120,1.199415
fanout282,VDD,Metal1,240.5100,207.7320,1.199772
fanout281,VDD,Metal1,267.8700,200.5070,1.198390
fanout280,VDD,Metal1,191.0700,124.5720,1.199845
fanout279,VDD,Metal1,268.7700,215.2920,1.198669
fanout278,VDD,Metal1,270.7500,86.7720,1.199871
fanout277,VDD,Metal1,254.4300,139.6920,1.199806
fanout276,VDD,Metal1,267.3900,170.2670,1.199531
fanout275,VDD,Metal1,216.9900,170.2670,1.199775
fanout274,VDD,Metal1,216.5100,117.3470,1.198260
fanout273,VDD,Metal1,215.0700,155.1470,1.199566
fanout272,VDD,Metal1,277.9500,192.9470,1.199672
fanout271,VDD,Metal1,280.8300,169.9320,1.199216
fanout270,VDD,Metal1,285.1500,208.0670,1.186783
fanout269,VDD,Metal1,224.6700,140.0270,1.199499
fanout268,VDD,Metal1,139.2300,87.1070,1.199473
fanout267,VDD,Metal1,113.2500,185.3870,1.199796
fanout266,VDD,Metal1,113.3100,260.6520,1.199840
fanout265,VDD,Metal1,136.3500,79.2120,1.198740
fanout264,VDD,Metal1,135.3300,26.6270,1.199056
fanout263,VDD,Metal1,137.7900,147.2520,1.199905
fanout262,VDD,Metal1,135.3300,207.7320,1.199616
fanout261,VDD,Metal1,135.3300,200.1720,1.199637
fanout260,VDD,Metal1,135.8100,147.2520,1.199905
fanout259,VDD,Metal1,133.8900,139.6920,1.199812
fanout258,VDD,Metal1,145.4100,48.9720,1.199861
fanout257,VDD,Metal1,92.1900,185.3870,1.199806
fanout256,VDD,Metal1,116.1900,260.9870,1.199738
fanout255,VDD,Metal1,120.9900,230.4120,1.199296
fanout254,VDD,Metal1,67.2300,177.4920,1.199784
fanout253,VDD,Metal1,115.6500,140.0270,1.199821
fanout252,VDD,Metal1,102.7500,109.4520,1.199906
fanout251,VDD,Metal1,134.8500,49.3070,1.199760
fanout250,VDD,Metal1,123.8700,132.1320,1.199642
fanout249,VDD,Metal1,92.6700,177.8270,1.199822
fanout248,VDD,Metal1,117.1500,275.7720,1.199653
fanout247,VDD,Metal1,121.4100,132.4670,1.199641
fanout246,VDD,Metal1,130.5300,34.1870,1.199607
fanout245,VDD,Metal1,134.9100,132.4670,1.199652
fanout244,VDD,Metal1,130.5300,192.6120,1.199768
fanout243,VDD,Metal1,142.5900,238.3070,1.199770
fanout242,VDD,Metal1,52.3500,253.4270,1.199722
fanout241,VDD,Metal1,126.7500,56.8670,1.198994
fanout240,VDD,Metal1,136.2900,124.9070,1.198642
fanout239,VDD,Metal1,121.4700,117.0120,1.199863
fanout238,VDD,Metal1,93.0900,170.2670,1.199878
fanout237,VDD,Metal1,122.3700,276.1070,1.199638
fanout236,VDD,Metal1,112.3500,109.7870,1.199576
fanout235,VDD,Metal1,132.9900,26.6270,1.199058
fanout234,VDD,Metal1,155.9700,169.9320,1.199836
fanout233,VDD,Metal1,156.0300,162.3720,1.199677
fanout232,VDD,Metal1,74.4300,208.0670,1.199839
fanout231,VDD,Metal1,134.9100,101.8920,1.199540
fanout230,VDD,Metal1,91.2300,132.1320,1.199796
output229,VDD,Metal1,317.7300,71.9870,1.199573
output228,VDD,Metal1,132.9300,313.5720,1.199100
output227,VDD,Metal1,115.6500,321.4670,1.199673
output226,VDD,Metal1,69.5700,321.4670,1.199795
output225,VDD,Metal1,131.0100,313.9070,1.199252
output224,VDD,Metal1,6.7500,283.3320,1.199949
output223,VDD,Metal1,6.7500,238.3070,1.199331
output222,VDD,Metal1,6.7500,207.7320,1.199916
output221,VDD,Metal1,315.8100,48.9720,1.197339
output220,VDD,Metal1,309.6300,18.7320,1.199675
output219,VDD,Metal1,6.7500,237.9720,1.199331
output218,VDD,Metal1,6.7500,18.7320,1.199947
output217,VDD,Metal1,219.8700,26.2920,1.199478
output216,VDD,Metal1,216.0300,26.2920,1.199453
output215,VDD,Metal1,207.8700,19.0670,1.199599
output214,VDD,Metal1,317.7300,94.6670,1.198845
output213,VDD,Metal1,317.7300,101.8920,1.198428
output212,VDD,Metal1,125.7300,18.7320,1.199414
output211,VDD,Metal1,6.7500,102.2270,1.199949
output210,VDD,Metal1,8.6700,109.7870,1.199867
output209,VDD,Metal1,6.7500,117.0120,1.199882
output208,VDD,Metal1,127.1700,321.4670,1.199568
output207,VDD,Metal1,6.7500,132.4670,1.199929
output206,VDD,Metal1,6.7500,162.3720,1.199329
output205,VDD,Metal1,141.0900,18.7320,1.198523
output204,VDD,Metal1,6.7500,162.7070,1.199329
output203,VDD,Metal1,142.1100,26.2920,1.199057
output202,VDD,Metal1,6.7500,253.0920,1.199971
output201,VDD,Metal1,6.7500,222.8520,1.199890
output200,VDD,Metal1,6.7500,268.5470,1.199862
output199,VDD,Metal1,142.0500,313.5720,1.199100
output198,VDD,Metal1,6.7500,245.8670,1.199937
output197,VDD,Metal1,153.0900,321.4670,1.199609
output196,VDD,Metal1,234.7500,18.7320,1.199833
output195,VDD,Metal1,244.3500,321.4670,1.199770
output194,VDD,Metal1,236.6700,321.4670,1.199690
output193,VDD,Metal1,221.3100,321.4670,1.199259
output192,VDD,Metal1,223.2300,321.4670,1.199300
output191,VDD,Metal1,202.5900,313.9070,1.198978
output190,VDD,Metal1,200.6700,313.9070,1.198971
output189,VDD,Metal1,200.6700,321.1320,1.199332
output188,VDD,Metal1,315.8100,102.2270,1.198434
output187,VDD,Metal1,315.8100,117.0120,1.198758
output186,VDD,Metal1,206.9100,321.4670,1.199264
output185,VDD,Metal1,317.7300,117.0120,1.198759
output184,VDD,Metal1,315.8100,147.5870,1.198446
output183,VDD,Metal1,315.8100,162.3720,1.198411
output182,VDD,Metal1,317.7300,177.8270,1.191853
output181,VDD,Metal1,317.7300,192.9470,1.199335
output180,VDD,Metal1,317.7300,230.4120,1.197827
output179,VDD,Metal1,317.7300,230.7470,1.197827
output178,VDD,Metal1,317.7300,253.0920,1.196125
output177,VDD,Metal1,317.2500,268.2120,1.198581
output176,VDD,Metal1,317.7300,268.5470,1.198580
output175,VDD,Metal1,144.4500,321.4670,1.199542
output174,VDD,Metal1,317.7300,291.2270,1.198992
output173,VDD,Metal1,315.8100,321.4670,1.191432
output172,VDD,Metal1,313.8900,321.4670,1.191430
output171,VDD,Metal1,317.7300,321.4670,1.191434
output170,VDD,Metal1,317.7300,276.1070,1.197758
output169,VDD,Metal1,311.9700,321.4670,1.191433
output168,VDD,Metal1,272.6700,321.4670,1.197555
output167,VDD,Metal1,274.5900,321.4670,1.191962
output166,VDD,Metal1,265.4700,321.1320,1.197755
output165,VDD,Metal1,253.9500,321.4670,1.198308
output164,VDD,Metal1,131.0100,321.4670,1.199543
output163,VDD,Metal1,317.7300,109.4520,1.199383
output162,VDD,Metal1,238.5900,321.4670,1.199714
output161,VDD,Metal1,230.9100,321.4670,1.199576
output160,VDD,Metal1,117.5700,321.4670,1.199673
output159,VDD,Metal1,129.0900,321.4670,1.199547
output158,VDD,Metal1,6.7500,290.8920,1.199931
output157,VDD,Metal1,6.7500,260.9870,1.199941
output156,VDD,Metal1,6.7500,230.7470,1.199916
output155,VDD,Metal1,317.7300,48.9720,1.197338
output154,VDD,Metal1,232.8300,18.7320,1.199824
output153,VDD,Metal1,6.7500,245.5320,1.199937
output152,VDD,Metal1,38.9100,18.7320,1.199401
output151,VDD,Metal1,204.9900,18.7320,1.199603
output150,VDD,Metal1,225.1500,18.7320,1.199735
output149,VDD,Metal1,208.8300,18.7320,1.199600
output148,VDD,Metal1,315.8100,101.8920,1.198434
output147,VDD,Metal1,167.5500,18.7320,1.198998
output146,VDD,Metal1,120.5100,18.7320,1.199530
output145,VDD,Metal1,6.7500,109.4520,1.199863
output144,VDD,Metal1,6.7500,109.7870,1.199863
output143,VDD,Metal1,6.7500,117.3470,1.199882
output142,VDD,Metal1,132.9300,321.4670,1.199547
output141,VDD,Metal1,6.7500,140.0270,1.199916
output140,VDD,Metal1,8.6700,170.2670,1.199928
output139,VDD,Metal1,131.4900,18.7320,1.199197
output138,VDD,Metal1,8.6700,162.7070,1.199336
output137,VDD,Metal1,122.4300,18.7320,1.199507
output136,VDD,Metal1,317.7300,215.2920,1.197843
output135,VDD,Metal1,6.7500,223.1870,1.199890
output134,VDD,Metal1,6.7500,275.7720,1.199937
output133,VDD,Metal1,248.1900,321.4670,1.198978
output132,VDD,Metal1,6.7500,276.1070,1.199937
output131,VDD,Metal1,151.1700,313.9070,1.199105
output130,VDD,Metal1,221.7900,26.2920,1.199480
output129,VDD,Metal1,240.5100,321.4670,1.199723
output128,VDD,Metal1,228.9900,321.4670,1.199576
output127,VDD,Metal1,211.7100,313.9070,1.198989
output126,VDD,Metal1,198.7500,321.1320,1.199375
output125,VDD,Metal1,179.0700,321.4670,1.199595
output124,VDD,Metal1,171.3900,321.4670,1.199924
output123,VDD,Metal1,162.2100,321.1320,1.199899
output122,VDD,Metal1,205.9500,19.0670,1.199601
output121,VDD,Metal1,228.9900,18.7320,1.199814
output120,VDD,Metal1,160.7700,321.4670,1.199733
output119,VDD,Metal1,207.8700,26.2920,1.199418
output118,VDD,Metal1,230.9100,18.7320,1.199822
output117,VDD,Metal1,184.8300,18.7320,1.199789
output116,VDD,Metal1,217.4700,26.6270,1.199467
output115,VDD,Metal1,317.7300,94.3320,1.198845
output114,VDD,Metal1,317.7300,102.2270,1.198428
output113,VDD,Metal1,156.5100,18.7320,1.198582
output112,VDD,Metal1,143.0100,18.7320,1.198521
output111,VDD,Metal1,144.9300,18.7320,1.198521
output110,VDD,Metal1,148.7700,18.7320,1.198520
output109,VDD,Metal1,155.0100,321.4670,1.199680
output108,VDD,Metal1,158.4300,18.7320,1.198603
output107,VDD,Metal1,161.7300,18.7320,1.198677
output106,VDD,Metal1,146.8500,18.7320,1.198522
output105,VDD,Metal1,154.5300,18.7320,1.198549
output104,VDD,Metal1,317.7300,162.3720,1.198405
output103,VDD,Metal1,173.3100,321.4670,1.199925
output102,VDD,Metal1,158.8500,321.4670,1.199696
output101,VDD,Metal1,252.0300,321.4670,1.198304
output100,VDD,Metal1,250.1100,321.4670,1.198392
output99,VDD,Metal1,242.4300,321.4670,1.199739
output98,VDD,Metal1,126.6900,313.9070,1.199447
input97,VDD,Metal1,6.6900,321.1320,1.199972
input96,VDD,Metal1,227.0700,321.4670,1.199537
input95,VDD,Metal1,198.7500,313.9070,1.198970
input94,VDD,Metal1,203.0700,321.4670,1.199283
input93,VDD,Metal1,193.4700,321.4670,1.199515
input92,VDD,Metal1,194.9100,321.1320,1.199474
input91,VDD,Metal1,181.8900,313.5720,1.199052
input90,VDD,Metal1,177.1500,321.4670,1.199594
input89,VDD,Metal1,199.2300,18.7320,1.199624
input88,VDD,Metal1,210.7500,18.7320,1.199606
input87,VDD,Metal1,175.2300,321.4670,1.199770
input86,VDD,Metal1,195.3900,18.7320,1.199637
input85,VDD,Metal1,211.7100,26.6270,1.199442
input84,VDD,Metal1,203.0700,18.7320,1.199606
input83,VDD,Metal1,217.9500,26.2920,1.199471
input82,VDD,Metal1,178.1100,18.7320,1.199905
input81,VDD,Metal1,227.0700,18.7320,1.199736
input80,VDD,Metal1,312.9300,86.7720,1.199645
input79,VDD,Metal1,313.9500,87.1070,1.199643
input78,VDD,Metal1,313.9500,117.0120,1.198774
input77,VDD,Metal1,312.0300,117.0120,1.198784
input76,VDD,Metal1,178.1100,313.9070,1.199213
input75,VDD,Metal1,317.7900,124.5720,1.196354
input74,VDD,Metal1,313.4700,132.4670,1.198913
input73,VDD,Metal1,317.7900,147.5870,1.198446
input72,VDD,Metal1,201.1500,321.4670,1.199324
input71,VDD,Metal1,313.9500,147.5870,1.198446
input70,VDD,Metal1,195.3900,321.4670,1.199464
input69,VDD,Metal1,178.1100,313.5720,1.199213
input68,VDD,Metal1,201.0900,18.7320,1.199616
input67,VDD,Metal1,197.3100,321.4670,1.199414
input66,VDD,Metal1,190.5900,313.9070,1.198971
input65,VDD,Metal1,182.9100,321.4670,1.199596
input64,VDD,Metal1,234.6900,321.4670,1.199652
input63,VDD,Metal1,232.8300,321.4670,1.199615
input62,VDD,Metal1,216.5100,321.4670,1.199228
input61,VDD,Metal1,214.5900,321.4670,1.199231
input60,VDD,Metal1,196.8300,321.1320,1.199424
input59,VDD,Metal1,164.6700,321.4670,1.199926
input58,VDD,Metal1,156.9300,321.4670,1.199696
input57,VDD,Metal1,315.8700,94.3320,1.198851
input56,VDD,Metal1,317.7900,87.1070,1.199639
input55,VDD,Metal1,125.2500,321.4670,1.199637
input54,VDD,Metal1,315.8700,87.1070,1.199640
input53,VDD,Metal1,317.7900,79.5470,1.198605
input52,VDD,Metal1,314.9100,86.7720,1.199641
input51,VDD,Metal1,316.8300,86.7720,1.199639
input50,VDD,Metal1,6.6900,170.2670,1.199928
input49,VDD,Metal1,6.6900,177.4920,1.199951
input48,VDD,Metal1,8.6100,283.3320,1.199949
input47,VDD,Metal1,94.5900,18.7320,1.199908
input46,VDD,Metal1,92.6700,18.7320,1.199771
input45,VDD,Metal1,51.7680,18.6220,1.199366
input44,VDD,Metal1,158.8500,313.9070,1.199516
input43,VDD,Metal1,129.5700,18.7320,1.199267
input42,VDD,Metal1,128.6100,19.0670,1.199304
input41,VDD,Metal1,127.6500,18.7320,1.199342
input40,VDD,Metal1,163.6500,18.7320,1.198912
input39,VDD,Metal1,317.7900,162.7070,1.198405
input38,VDD,Metal1,315.8700,230.4120,1.197837
input37,VDD,Metal1,257.7300,321.4670,1.198310
input36,VDD,Metal1,265.4700,321.4670,1.197755
input35,VDD,Metal1,246.2700,321.4670,1.199770
input34,VDD,Metal1,248.1300,321.1320,1.198978
input33,VDD,Metal1,136.7700,321.4670,1.199546
input32,VDD,Metal1,225.1500,321.4670,1.199317
input31,VDD,Metal1,210.7500,321.4670,1.199231
input30,VDD,Metal1,212.6700,321.4670,1.199231
input29,VDD,Metal1,189.6300,321.4670,1.199560
input28,VDD,Metal1,134.8500,321.4670,1.199547
input27,VDD,Metal1,180.9900,321.4670,1.199596
input26,VDD,Metal1,160.7700,313.9070,1.199686
input25,VDD,Metal1,197.3100,18.7320,1.199630
input24,VDD,Metal1,209.7900,26.2920,1.199425
input23,VDD,Metal1,151.1700,321.4670,1.199608
input22,VDD,Metal1,205.9500,26.2920,1.199420
input21,VDD,Metal1,206.9100,18.7320,1.199600
input20,VDD,Metal1,216.5100,18.7320,1.199678
input19,VDD,Metal1,174.2700,18.7320,1.199941
input18,VDD,Metal1,172.2900,18.7320,1.199967
input17,VDD,Metal1,176.1900,18.7320,1.199926
input16,VDD,Metal1,160.2900,19.0670,1.198633
input15,VDD,Metal1,139.1700,18.7320,1.198673
input14,VDD,Metal1,137.2500,18.7320,1.198821
input13,VDD,Metal1,315.8700,124.5720,1.196354
input12,VDD,Metal1,169.4700,321.4670,1.199926
input11,VDD,Metal1,165.5700,18.7320,1.198960
input10,VDD,Metal1,313.4700,139.6920,1.199062
input9,VDD,Metal1,133.4100,18.7320,1.199155
input8,VDD,Metal1,150.6900,18.7320,1.198522
input7,VDD,Metal1,313.4700,154.8120,1.190657
input6,VDD,Metal1,180.0300,313.5720,1.199105
input5,VDD,Metal1,208.8300,321.4670,1.199240
input4,VDD,Metal1,204.9300,321.4670,1.199283
input3,VDD,Metal1,191.5500,321.4670,1.199531
input2,VDD,Metal1,199.2300,321.4670,1.199366
input1,VDD,Metal1,162.7500,321.4670,1.199911
_5467_,VDD,Metal1,311.9700,41.4120,1.198855
_5466_,VDD,Metal1,307.6500,19.0670,1.199681
_5465_,VDD,Metal1,12.5100,19.0670,1.199979
_5464_,VDD,Metal1,214.0500,26.2920,1.199446
_5463_,VDD,Metal1,209.7300,19.0670,1.199602
_5462_,VDD,Metal1,201.0900,19.0670,1.199616
_5461_,VDD,Metal1,311.9700,101.8920,1.198451
_5460_,VDD,Metal1,314.3700,94.6670,1.198856
_5459_,VDD,Metal1,135.3900,18.7320,1.198904
_5458_,VDD,Metal1,12.5100,102.2270,1.199951
_5457_,VDD,Metal1,12.5100,109.4520,1.199906
_5456_,VDD,Metal1,10.1100,117.0120,1.199890
_5455_,VDD,Metal1,12.5100,132.1320,1.199928
_5454_,VDD,Metal1,11.5500,162.3720,1.199930
_5453_,VDD,Metal1,152.6700,18.7320,1.198533
_5452_,VDD,Metal1,9.6300,162.3720,1.199340
_5451_,VDD,Metal1,130.5300,19.0670,1.199231
_5450_,VDD,Metal1,8.6700,245.8670,1.199940
_5449_,VDD,Metal1,11.0700,222.8520,1.199899
_5448_,VDD,Metal1,12.5100,268.5470,1.199898
_5447_,VDD,Metal1,146.4300,321.4670,1.199545
_5446_,VDD,Metal1,12.5100,245.5320,1.199944
_5445_,VDD,Metal1,138.7500,321.4670,1.199546
_5444_,VDD,Metal1,122.4300,306.0120,1.199670
_5443_,VDD,Metal1,71.5500,321.4670,1.199808
_5442_,VDD,Metal1,148.8300,321.4670,1.199594
_5441_,VDD,Metal1,8.6700,276.1070,1.199943
_5440_,VDD,Metal1,12.5100,238.3070,1.199341
_5439_,VDD,Metal1,9.6300,208.0670,1.199917
_5438_,VDD,Metal1,9.6300,237.9720,1.199334
_5437_,VDD,Metal1,150.7500,321.1320,1.199606
_5436_,VDD,Metal1,156.5100,313.9070,1.199235
_5435_,VDD,Metal1,23.3020,314.2210,1.199898
_5434_,VDD,Metal1,114.9820,253.7410,1.199489
_5433_,VDD,Metal1,62.6620,163.0210,1.199504
_5432_,VDD,Metal1,117.8620,313.2580,1.199538
_5431_,VDD,Metal1,100.5820,306.6610,1.199782
_5430_,VDD,Metal1,78.9820,252.7780,1.199762
_5429_,VDD,Metal1,67.9420,314.2210,1.199278
_5428_,VDD,Metal1,45.3820,313.2580,1.199332
_5427_,VDD,Metal1,57.3820,208.3810,1.199371
_5426_,VDD,Metal1,16.5820,223.5010,1.199900
_5425_,VDD,Metal1,94.8220,260.3380,1.199871
_5424_,VDD,Metal1,126.0220,200.8210,1.199621
_5423_,VDD,Metal1,118.3420,184.7380,1.199796
_5422_,VDD,Metal1,157.7020,48.6580,1.199890
_5421_,VDD,Metal1,69.8620,42.0610,1.199630
_5420_,VDD,Metal1,17.5420,57.1810,1.199954
_5419_,VDD,Metal1,100.1020,64.7410,1.199876
_5418_,VDD,Metal1,113.0620,42.0610,1.199746
_5417_,VDD,Metal1,53.5420,63.7780,1.199664
_5416_,VDD,Metal1,109.7020,116.6980,1.199879
_5415_,VDD,Metal1,152.9020,64.7410,1.199858
_5414_,VDD,Metal1,85.7020,109.1380,1.199830
_5413_,VDD,Metal1,24.2620,94.0180,1.199897
_5412_,VDD,Metal1,49.7020,124.2580,1.199602
_5411_,VDD,Metal1,61.2220,139.3780,1.198106
_5410_,VDD,Metal1,34.3420,146.9380,1.199935
_5409_,VDD,Metal1,37.7020,169.6180,1.199847
_5408_,VDD,Metal1,141.3820,140.3410,1.199827
_5407_,VDD,Metal1,101.5420,146.9380,1.199932
_5406_,VDD,Metal1,148.1020,154.4980,1.199584
_5405_,VDD,Metal1,21.3820,245.2180,1.199945
_5404_,VDD,Metal1,129.3820,231.0610,1.199253
_5403_,VDD,Metal1,29.5420,305.6980,1.199806
_5402_,VDD,Metal1,149.0620,252.7780,1.199839
_5401_,VDD,Metal1,53.0620,169.6180,1.199489
_5400_,VDD,Metal1,118.8220,320.8180,1.199673
_5399_,VDD,Metal1,103.4620,320.8180,1.199725
_5398_,VDD,Metal1,65.5420,245.2180,1.199833
_5397_,VDD,Metal1,82.8220,320.8180,1.199829
_5396_,VDD,Metal1,59.7820,313.2580,1.199279
_5395_,VDD,Metal1,70.8220,200.8210,1.199817
_5394_,VDD,Metal1,37.2220,192.2980,1.199883
_5393_,VDD,Metal1,100.1020,253.7410,1.199914
_5392_,VDD,Metal1,142.8220,200.8210,1.199807
_5391_,VDD,Metal1,120.7420,185.7010,1.199796
_5390_,VDD,Metal1,147.1420,49.6210,1.199861
_5389_,VDD,Metal1,77.5420,57.1810,1.199840
_5388_,VDD,Metal1,16.1020,48.6580,1.199930
_5387_,VDD,Metal1,105.8620,71.3380,1.199763
_5386_,VDD,Metal1,129.3820,56.2180,1.198995
_5385_,VDD,Metal1,44.9020,48.6580,1.199332
_5384_,VDD,Metal1,104.9020,102.5410,1.199920
_5383_,VDD,Metal1,118.8220,71.3380,1.199709
_5382_,VDD,Metal1,85.2220,78.8980,1.199869
_5381_,VDD,Metal1,15.1420,64.7410,1.199964
_5380_,VDD,Metal1,32.4220,109.1380,1.199729
_5379_,VDD,Metal1,68.4220,140.3410,1.198101
_5378_,VDD,Metal1,18.5020,125.2210,1.199966
_5377_,VDD,Metal1,15.1420,178.1410,1.199952
_5376_,VDD,Metal1,123.1420,140.3410,1.199803
_5375_,VDD,Metal1,69.8620,154.4980,1.197364
_5374_,VDD,Metal1,115.4620,163.0210,1.199813
_5373_,VDD,Metal1,17.0620,231.0610,1.199917
_5372_,VDD,Metal1,119.3020,222.5380,1.198402
_5371_,VDD,Metal1,16.1020,298.1380,1.199929
_5370_,VDD,Metal1,115.9420,252.7780,1.199489
_5369_,VDD,Metal1,75.6220,178.1410,1.199785
_5368_,VDD,Metal1,117.3820,291.5410,1.199566
_5367_,VDD,Metal1,91.9420,275.4580,1.199913
_5366_,VDD,Metal1,52.5820,245.2180,1.199826
_5365_,VDD,Metal1,70.3420,299.1010,1.199665
_5364_,VDD,Metal1,57.8620,305.6980,1.199089
_5363_,VDD,Metal1,55.9420,230.0980,1.199643
_5362_,VDD,Metal1,13.2220,192.2980,1.199942
_5361_,VDD,Metal1,86.1820,237.6580,1.199908
_5360_,VDD,Metal1,86.1820,200.8210,1.199843
_5359_,VDD,Metal1,84.7420,185.7010,1.198412
_5358_,VDD,Metal1,134.1820,33.5380,1.199608
_5357_,VDD,Metal1,74.6620,63.7780,1.199737
_5356_,VDD,Metal1,17.0620,34.5010,1.199910
_5355_,VDD,Metal1,92.4220,49.6210,1.199932
_5354_,VDD,Metal1,115.9420,56.2180,1.198987
_5353_,VDD,Metal1,42.5020,34.5010,1.199648
_5352_,VDD,Metal1,128.4220,109.1380,1.199450
_5351_,VDD,Metal1,120.7420,72.3010,1.199707
_5350_,VDD,Metal1,66.9820,94.0180,1.199753
_5349_,VDD,Metal1,15.6220,101.5780,1.199952
_5348_,VDD,Metal1,44.4220,117.6610,1.199567
_5347_,VDD,Metal1,81.8620,117.6610,1.199695
_5346_,VDD,Metal1,17.5420,116.6980,1.199892
_5345_,VDD,Metal1,17.5420,155.4610,1.199946
_5344_,VDD,Metal1,128.9020,125.2210,1.198727
_5343_,VDD,Metal1,83.7820,169.6180,1.199806
_5342_,VDD,Metal1,118.8220,169.6180,1.199561
_5341_,VDD,Metal1,17.0620,260.3380,1.199946
_5340_,VDD,Metal1,135.6220,222.5380,1.198331
_5339_,VDD,Metal1,15.6220,283.9810,1.199954
_5338_,VDD,Metal1,124.1020,268.8610,1.199632
_5337_,VDD,Metal1,75.6220,184.7380,1.198408
_5336_,VDD,Metal1,129.3820,306.6610,1.199635
_5335_,VDD,Metal1,100.5820,314.2210,1.199740
_5334_,VDD,Metal1,49.2220,267.8980,1.198724
_5333_,VDD,Metal1,81.8620,314.2210,1.199307
_5332_,VDD,Metal1,46.3420,314.2210,1.199332
_5331_,VDD,Metal1,67.9420,231.0610,1.199641
_5330_,VDD,Metal1,17.5420,214.9780,1.199938
_5329_,VDD,Metal1,99.1420,215.9410,1.199923
_5328_,VDD,Metal1,102.9820,207.4180,1.199654
_5327_,VDD,Metal1,100.1020,178.1410,1.199948
_5326_,VDD,Metal1,154.3420,25.9780,1.199096
_5325_,VDD,Metal1,66.9820,25.9780,1.199643
_5324_,VDD,Metal1,27.1420,25.9780,1.199679
_5323_,VDD,Metal1,87.1420,64.7410,1.199786
_5322_,VDD,Metal1,113.5420,19.3810,1.199704
_5321_,VDD,Metal1,54.0220,25.9780,1.199648
_5320_,VDD,Metal1,107.7820,94.0180,1.199908
_5319_,VDD,Metal1,134.1820,64.7410,1.199820
_5318_,VDD,Metal1,92.4220,94.0180,1.199938
_5317_,VDD,Metal1,24.2620,71.3380,1.199964
_5316_,VDD,Metal1,63.1420,110.1010,1.199558
_5315_,VDD,Metal1,60.7420,131.8180,1.199674
_5314_,VDD,Metal1,18.5020,139.3780,1.199931
_5313_,VDD,Metal1,16.1020,169.6180,1.199930
_5312_,VDD,Metal1,142.3420,131.8180,1.199716
_5311_,VDD,Metal1,83.7820,147.9010,1.199929
_5310_,VDD,Metal1,119.7820,154.4980,1.199582
_5309_,VDD,Metal1,33.8620,261.3010,1.199573
_5308_,VDD,Metal1,149.5420,237.6580,1.199781
_5307_,VDD,Metal1,16.1020,276.4210,1.199946
_5306_,VDD,Metal1,127.9420,253.7410,1.199487
_5305_,VDD,Metal1,46.3420,178.1410,1.199789
_5304_,VDD,Metal1,130.3420,283.9810,1.199575
_5303_,VDD,Metal1,97.7020,291.5410,1.199943
_5302_,VDD,Metal1,50.1820,260.3380,1.199570
_5301_,VDD,Metal1,69.8620,290.5780,1.199539
_5300_,VDD,Metal1,42.0220,290.5780,1.199805
_5299_,VDD,Metal1,48.7420,222.5380,1.199552
_5298_,VDD,Metal1,30.9820,223.5010,1.199576
_5297_,VDD,Metal1,88.1020,238.6210,1.199909
_5296_,VDD,Metal1,126.5020,199.8580,1.199621
_5295_,VDD,Metal1,134.1820,184.7380,1.199778
_5294_,VDD,Metal1,134.6620,25.9780,1.199058
_5293_,VDD,Metal1,71.3020,19.3810,1.199387
_5292_,VDD,Metal1,31.9420,26.9410,1.199675
_5291_,VDD,Metal1,96.2620,19.3810,1.199771
_5290_,VDD,Metal1,121.7020,25.9780,1.199625
_5289_,VDD,Metal1,53.5420,19.3810,1.199366
_5288_,VDD,Metal1,124.5820,110.1010,1.199450
_5287_,VDD,Metal1,136.5820,86.4580,1.199472
_5286_,VDD,Metal1,73.2220,101.5780,1.199602
_5285_,VDD,Metal1,15.6220,79.8610,1.199935
_5284_,VDD,Metal1,52.5820,94.0180,1.199771
_5283_,VDD,Metal1,71.3020,124.2580,1.199583
_5282_,VDD,Metal1,17.0620,110.1010,1.199907
_5281_,VDD,Metal1,17.5420,154.4980,1.199946
_5280_,VDD,Metal1,109.7020,132.7810,1.199648
_5279_,VDD,Metal1,99.6220,163.0210,1.199909
_5278_,VDD,Metal1,133.2220,154.4980,1.199574
_5277_,VDD,Metal1,17.0620,261.3010,1.199946
_5276_,VDD,Metal1,118.3420,215.9410,1.199902
_5275_,VDD,Metal1,16.1020,306.6610,1.199933
_5274_,VDD,Metal1,130.3420,275.4580,1.199625
_5273_,VDD,Metal1,48.7420,184.7380,1.198102
_5272_,VDD,Metal1,140.9020,298.1380,1.199851
_5271_,VDD,Metal1,105.8620,299.1010,1.199894
_5270_,VDD,Metal1,65.0620,268.8610,1.199073
_5269_,VDD,Metal1,84.7420,305.6980,1.199198
_5268_,VDD,Metal1,42.5020,305.6980,1.199797
_5267_,VDD,Metal1,80.9020,223.5010,1.199782
_5266_,VDD,Metal1,17.0620,208.3810,1.199938
_5265_,VDD,Metal1,101.5420,222.5380,1.199801
_5264_,VDD,Metal1,107.7820,200.8210,1.199657
_5263_,VDD,Metal1,100.5820,184.7380,1.199887
_5262_,VDD,Metal1,160.5820,33.5380,1.199533
_5261_,VDD,Metal1,173.5420,33.5380,1.199943
_5260_,VDD,Metal1,36.2620,63.7780,1.199734
_5259_,VDD,Metal1,96.7420,33.5380,1.199911
_5258_,VDD,Metal1,173.0620,49.6210,1.199927
_5257_,VDD,Metal1,57.8620,64.7410,1.199664
_5256_,VDD,Metal1,142.8220,94.9810,1.199602
_5255_,VDD,Metal1,166.3420,63.7780,1.199904
_5254_,VDD,Metal1,64.1020,79.8610,1.199231
_5253_,VDD,Metal1,46.3420,78.8980,1.199229
_5252_,VDD,Metal1,51.6220,87.4210,1.199136
_5251_,VDD,Metal1,97.7020,125.2210,1.199803
_5250_,VDD,Metal1,48.2620,140.3410,1.198151
_5249_,VDD,Metal1,49.2220,154.4980,1.197281
_5248_,VDD,Metal1,161.0620,140.3410,1.199911
_5247_,VDD,Metal1,110.1820,147.9010,1.199929
_5246_,VDD,Metal1,162.5020,163.0210,1.199680
_5245_,VDD,Metal1,38.1820,237.6580,1.199885
_5244_,VDD,Metal1,153.3820,222.5380,1.198317
_5243_,VDD,Metal1,32.9020,275.4580,1.199920
_5242_,VDD,Metal1,149.0620,267.8980,1.199719
_5241_,VDD,Metal1,58.8220,199.8580,1.199812
_5240_,VDD,Metal1,145.7020,283.0180,1.199617
_5239_,VDD,Metal1,107.3020,268.8610,1.199638
_5238_,VDD,Metal1,83.3020,261.3010,1.199871
_5237_,VDD,Metal1,78.0220,276.4210,1.199894
_5236_,VDD,Metal1,56.9020,283.0180,1.196909
_5235_,VDD,Metal1,80.9020,214.9780,1.199463
_5234_,VDD,Metal1,21.8620,193.2610,1.199937
_5233_,VDD,Metal1,116.4220,237.6580,1.199803
_5232_,VDD,Metal1,159.6220,200.8210,1.199899
_5231_,VDD,Metal1,150.5020,184.7380,1.199782
_5230_,VDD,Metal1,308.9020,79.8610,1.198606
_5229_,VDD,Metal1,312.2620,64.7410,1.198972
_5228_,VDD,Metal1,273.3820,79.8610,1.199565
_5227_,VDD,Metal1,312.2620,78.8980,1.198606
_5226_,VDD,Metal1,138.5020,314.2210,1.199101
_5225_,VDD,Metal1,133.1770,320.8180,1.199547
_5224_,VDD,Metal1,312.2620,110.1010,1.199383
_5223_,VDD,Metal1,312.2620,131.8180,1.198913
_5222_,VDD,Metal1,312.2620,146.9380,1.198447
_5221_,VDD,Metal1,312.2620,155.4610,1.190658
_5220_,VDD,Metal1,312.2620,170.5810,1.198678
_5219_,VDD,Metal1,312.2620,185.7010,1.189878
_5218_,VDD,Metal1,312.2620,200.8210,1.195444
_5217_,VDD,Metal1,312.2620,215.9410,1.197843
_5216_,VDD,Metal1,308.4220,230.0980,1.197842
_5215_,VDD,Metal1,312.2620,238.6210,1.194658
_5214_,VDD,Metal1,312.2620,261.3010,1.198799
_5213_,VDD,Metal1,306.0220,268.8610,1.198608
_5212_,VDD,Metal1,312.2620,283.0180,1.198465
_5211_,VDD,Metal1,312.2620,299.1010,1.193188
_5210_,VDD,Metal1,312.2620,320.8180,1.191434
_5209_,VDD,Metal1,299.3020,320.8180,1.191801
_5208_,VDD,Metal1,282.9820,268.8610,1.199100
_5207_,VDD,Metal1,286.3420,314.2210,1.199344
_5206_,VDD,Metal1,274.3420,313.2580,1.199357
_5205_,VDD,Metal1,272.9020,298.1380,1.198803
_5204_,VDD,Metal1,268.1020,314.2210,1.199357
_5203_,VDD,Metal1,258.0220,320.8180,1.198310
_5202_,VDD,Metal1,236.4220,314.2210,1.199080
_5201_,VDD,Metal1,229.2220,283.0180,1.199612
_5200_,VDD,Metal1,212.9020,291.5410,1.198418
_5199_,VDD,Metal1,215.7820,320.8180,1.199231
_5198_,VDD,Metal1,195.6220,313.2580,1.198971
_5197_,VDD,Metal1,183.1420,320.8180,1.199596
_5196_,VDD,Metal1,169.7020,320.8180,1.199926
_5195_,VDD,Metal1,158.1820,298.1380,1.199922
_5194_,VDD,Metal1,147.1420,19.3810,1.198523
_5193_,VDD,Metal1,79.9420,25.9780,1.199665
_5192_,VDD,Metal1,16.1020,49.6210,1.199930
_5191_,VDD,Metal1,93.8620,25.9780,1.199730
_5190_,VDD,Metal1,114.0220,26.9410,1.199625
_5189_,VDD,Metal1,40.5820,25.9780,1.199668
_5188_,VDD,Metal1,122.1820,87.4210,1.199487
_5187_,VDD,Metal1,145.7020,79.8610,1.199578
_5186_,VDD,Metal1,69.8620,78.8980,1.199233
_5185_,VDD,Metal1,15.6220,87.4210,1.199972
_5184_,VDD,Metal1,36.7420,101.5780,1.199620
_5183_,VDD,Metal1,93.3820,132.7810,1.199796
_5182_,VDD,Metal1,16.1020,132.7810,1.199930
_5181_,VDD,Metal1,22.8220,177.1780,1.199952
_5180_,VDD,Metal1,115.9420,125.2210,1.198773
_5179_,VDD,Metal1,78.0220,163.0210,1.199564
_5178_,VDD,Metal1,141.8620,169.6180,1.199722
_5177_,VDD,Metal1,16.1020,246.1810,1.199944
_5176_,VDD,Metal1,136.1020,237.6580,1.199753
_5175_,VDD,Metal1,15.9500,314.0710,1.199901
_5174_,VDD,Metal1,107.6300,253.5910,1.199903
_5173_,VDD,Metal1,53.8700,162.8710,1.199627
_5172_,VDD,Metal1,110.5100,313.4080,1.199571
_5171_,VDD,Metal1,93.2300,306.5110,1.199307
_5170_,VDD,Metal1,75.7300,246.0310,1.199901
_5169_,VDD,Metal1,60.5900,314.0710,1.199279
_5168_,VDD,Metal1,37.5500,314.0710,1.199423
_5167_,VDD,Metal1,50.9900,207.5680,1.199371
_5166_,VDD,Metal1,9.2300,223.3510,1.199893
_5165_,VDD,Metal1,87.4700,260.4880,1.199871
_5164_,VDD,Metal1,119.1500,200.0080,1.199643
_5163_,VDD,Metal1,111.4700,177.9910,1.199924
_5162_,VDD,Metal1,153.7100,41.9110,1.199928
_5161_,VDD,Metal1,62.5100,41.9110,1.199519
_5160_,VDD,Metal1,10.1900,57.0310,1.199954
_5159_,VDD,Metal1,96.3700,71.4880,1.199937
_5158_,VDD,Metal1,108.1100,41.2480,1.199750
_5157_,VDD,Metal1,46.1900,63.9280,1.199732
_5156_,VDD,Metal1,102.3500,116.8480,1.199879
_5155_,VDD,Metal1,148.4300,63.9280,1.199856
_5154_,VDD,Metal1,78.3500,109.2880,1.199642
_5153_,VDD,Metal1,16.9100,94.1680,1.199950
_5152_,VDD,Metal1,42.3500,124.4080,1.199601
_5151_,VDD,Metal1,55.7900,140.1910,1.198105
_5150_,VDD,Metal1,26.9900,147.0880,1.199948
_5149_,VDD,Metal1,32.2700,170.4310,1.199847
_5148_,VDD,Metal1,132.1100,139.5280,1.199804
_5147_,VDD,Metal1,94.1900,147.0880,1.199944
_5146_,VDD,Metal1,140.7500,154.6480,1.199584
_5145_,VDD,Metal1,14.0300,245.3680,1.199945
_5144_,VDD,Metal1,123.9500,238.4710,1.199783
_5143_,VDD,Metal1,22.1900,305.8480,1.199902
_5142_,VDD,Metal1,141.7100,252.9280,1.199839
_5141_,VDD,Metal1,47.1500,162.8710,1.199642
_5140_,VDD,Metal1,111.4700,320.9680,1.199683
_5139_,VDD,Metal1,98.0300,321.6310,1.199725
_5138_,VDD,Metal1,60.1100,238.4710,1.199889
_5137_,VDD,Metal1,78.3500,321.6310,1.199829
_5136_,VDD,Metal1,55.3100,320.9680,1.199810
_5135_,VDD,Metal1,63.7300,200.6710,1.199812
_5134_,VDD,Metal1,29.8700,192.4480,1.199888
_5133_,VDD,Metal1,93.2300,252.9280,1.199887
_5132_,VDD,Metal1,133.0700,200.6710,1.199628
_5131_,VDD,Metal1,111.4700,185.5510,1.199839
_5130_,VDD,Metal1,142.1900,56.3680,1.199503
_5129_,VDD,Metal1,70.1900,56.3680,1.199837
_5128_,VDD,Metal1,8.7500,48.8080,1.199929
_5127_,VDD,Metal1,98.5100,71.4880,1.199771
_5126_,VDD,Metal1,124.4300,57.0310,1.198995
_5125_,VDD,Metal1,37.5500,48.8080,1.199612
_5124_,VDD,Metal1,97.5500,102.3910,1.199949
_5123_,VDD,Metal1,111.9500,72.1510,1.199743
_5122_,VDD,Metal1,77.8700,79.0480,1.199279
_5121_,VDD,Metal1,12.8500,63.9280,1.199964
_5120_,VDD,Metal1,26.9900,102.3910,1.199686
_5119_,VDD,Metal1,61.0700,140.1910,1.198106
_5118_,VDD,Metal1,11.1500,125.0710,1.199966
_5117_,VDD,Metal1,12.8500,184.8880,1.199955
_5116_,VDD,Metal1,118.1900,147.0880,1.199921
_5115_,VDD,Metal1,64.4300,147.7510,1.199923
_5114_,VDD,Metal1,110.0300,169.7680,1.199788
_5113_,VDD,Metal1,9.7100,230.9110,1.199917
_5112_,VDD,Metal1,113.8700,223.3510,1.198402
_5111_,VDD,Metal1,12.8500,298.9510,1.199929
_5110_,VDD,Metal1,110.5100,260.4880,1.199841
_5109_,VDD,Metal1,71.1500,177.3280,1.199785
_5108_,VDD,Metal1,110.0300,291.3910,1.199915
_5107_,VDD,Metal1,84.8500,275.6080,1.199896
_5106_,VDD,Metal1,49.8100,238.4710,1.199887
_5105_,VDD,Metal1,62.9900,298.2880,1.199749
_5104_,VDD,Metal1,50.5100,305.8480,1.199427
_5103_,VDD,Metal1,49.8100,230.9110,1.199643
_5102_,VDD,Metal1,12.8500,200.0080,1.199978
_5101_,VDD,Metal1,78.8300,237.8080,1.199897
_5100_,VDD,Metal1,78.8300,200.6710,1.199826
_5099_,VDD,Metal1,77.3900,192.4480,1.199721
_5098_,VDD,Metal1,126.8300,33.6880,1.199743
_5097_,VDD,Metal1,67.3100,63.9280,1.199666
_5096_,VDD,Metal1,9.7100,34.3510,1.199910
_5095_,VDD,Metal1,85.3300,49.4710,1.199688
_5094_,VDD,Metal1,111.4700,57.0310,1.198987
_5093_,VDD,Metal1,35.1500,34.3510,1.199652
_5092_,VDD,Metal1,123.9500,102.3910,1.199667
_5091_,VDD,Metal1,113.3900,72.1510,1.199708
_5090_,VDD,Metal1,59.8900,94.1680,1.199771
_5089_,VDD,Metal1,8.2700,101.7280,1.199951
_5088_,VDD,Metal1,38.9900,124.4080,1.199919
_5087_,VDD,Metal1,77.3900,116.8480,1.199695
_5086_,VDD,Metal1,12.1100,124.4080,1.199966
_5085_,VDD,Metal1,10.1900,155.3110,1.199945
_5084_,VDD,Metal1,126.6100,124.4080,1.198727
_5083_,VDD,Metal1,76.4300,169.7680,1.199599
_5082_,VDD,Metal1,111.4700,169.7680,1.199788
_5081_,VDD,Metal1,12.5900,268.0480,1.199898
_5080_,VDD,Metal1,129.2300,230.2480,1.199253
_5079_,VDD,Metal1,12.8500,290.7280,1.199958
_5078_,VDD,Metal1,119.1500,276.2710,1.199642
_5077_,VDD,Metal1,71.1500,185.5510,1.198407
_5076_,VDD,Metal1,124.4300,305.8480,1.199634
_5075_,VDD,Metal1,95.6300,313.4080,1.199845
_5074_,VDD,Metal1,41.8700,268.0480,1.198729
_5073_,VDD,Metal1,75.4700,321.6310,1.199818
_5072_,VDD,Metal1,38.9900,314.0710,1.199332
_5071_,VDD,Metal1,62.9900,237.8080,1.199889
_5070_,VDD,Metal1,10.1900,215.1280,1.199937
_5069_,VDD,Metal1,91.0900,222.6880,1.199868
_5068_,VDD,Metal1,91.3100,207.5680,1.199948
_5067_,VDD,Metal1,94.1900,177.3280,1.199948
_5066_,VDD,Metal1,147.9500,33.6880,1.199534
_5065_,VDD,Metal1,64.6900,26.7910,1.199643
_5064_,VDD,Metal1,19.7900,26.1280,1.199838
_5063_,VDD,Metal1,83.6300,63.9280,1.199786
_5062_,VDD,Metal1,104.7500,19.2310,1.199737
_5061_,VDD,Metal1,54.1300,34.3510,1.199623
_5060_,VDD,Metal1,100.4300,94.1680,1.199927
_5059_,VDD,Metal1,129.2300,71.4880,1.199348
_5058_,VDD,Metal1,87.7300,94.8310,1.199938
_5057_,VDD,Metal1,16.9100,71.4880,1.199961
_5056_,VDD,Metal1,59.4100,109.2880,1.199558
_5055_,VDD,Metal1,55.3100,125.0710,1.199602
_5054_,VDD,Metal1,13.5500,140.1910,1.199930
_5053_,VDD,Metal1,9.0100,169.7680,1.199928
_5052_,VDD,Metal1,129.7100,131.9680,1.199651
_5051_,VDD,Metal1,78.8300,147.0880,1.199929
_5050_,VDD,Metal1,112.4300,155.3110,1.199621
_5049_,VDD,Metal1,26.5100,261.1510,1.199668
_5048_,VDD,Metal1,145.0700,238.4710,1.199781
_5047_,VDD,Metal1,9.7100,275.6080,1.199946
_5046_,VDD,Metal1,122.9900,246.0310,1.199942
_5045_,VDD,Metal1,38.9900,177.9910,1.199850
_5044_,VDD,Metal1,124.9100,283.1680,1.199575
_5043_,VDD,Metal1,90.6100,291.3910,1.199941
_5042_,VDD,Metal1,42.8300,260.4880,1.199572
_5041_,VDD,Metal1,62.5100,290.7280,1.199556
_5040_,VDD,Metal1,34.6700,290.7280,1.199892
_5039_,VDD,Metal1,41.3900,222.6880,1.199560
_5038_,VDD,Metal1,23.6300,223.3510,1.199622
_5037_,VDD,Metal1,80.7500,238.4710,1.199908
_5036_,VDD,Metal1,119.1500,207.5680,1.199632
_5035_,VDD,Metal1,128.0500,177.9910,1.199885
_5034_,VDD,Metal1,126.8300,19.2310,1.199373
_5033_,VDD,Metal1,65.8700,26.7910,1.199643
_5032_,VDD,Metal1,27.4700,19.2310,1.199961
_5031_,VDD,Metal1,90.8300,18.5680,1.199771
_5030_,VDD,Metal1,124.9100,19.2310,1.199447
_5029_,VDD,Metal1,46.1900,19.2310,1.199372
_5028_,VDD,Metal1,120.1100,117.5110,1.199865
_5027_,VDD,Metal1,129.2300,86.6080,1.199472
_5026_,VDD,Metal1,65.8700,101.7280,1.199604
_5025_,VDD,Metal1,8.2700,79.7110,1.199934
_5024_,VDD,Metal1,48.1100,86.6080,1.199138
_5023_,VDD,Metal1,63.9500,124.4080,1.199583
_5022_,VDD,Metal1,8.2700,116.8480,1.199887
_5021_,VDD,Metal1,10.1900,154.6480,1.199945
_5020_,VDD,Metal1,102.3500,132.6310,1.199664
_5019_,VDD,Metal1,94.6700,170.4310,1.199914
_5018_,VDD,Metal1,127.5700,155.3110,1.199574
_5017_,VDD,Metal1,9.7100,261.1510,1.199941
_5016_,VDD,Metal1,110.9900,215.7910,1.199905
_5015_,VDD,Metal1,9.0100,306.5110,1.199929
_5014_,VDD,Metal1,120.8500,276.2710,1.199642
_5013_,VDD,Metal1,41.3900,184.8880,1.198555
_5012_,VDD,Metal1,136.4300,298.9510,1.199853
_5011_,VDD,Metal1,98.5100,298.9510,1.199939
_5010_,VDD,Metal1,57.7100,268.7110,1.199061
_5009_,VDD,Metal1,77.3900,305.8480,1.199186
_5008_,VDD,Metal1,37.5500,298.9510,1.199859
_5007_,VDD,Metal1,76.4300,230.9110,1.199641
_5006_,VDD,Metal1,8.0500,208.2310,1.199918
_5005_,VDD,Metal1,92.2700,222.6880,1.199868
_5004_,VDD,Metal1,99.4700,200.0080,1.199684
_5003_,VDD,Metal1,90.8300,177.9910,1.199811
_5002_,VDD,Metal1,157.5500,34.3510,1.199533
_5001_,VDD,Metal1,168.5900,26.7910,1.199921
_5000_,VDD,Metal1,28.9100,63.9280,1.199734
_4999_,VDD,Metal1,89.3900,33.6880,1.199890
_4998_,VDD,Metal1,168.5900,48.8080,1.199923
_4997_,VDD,Metal1,50.5100,64.5910,1.199664
_4996_,VDD,Metal1,140.7500,94.1680,1.199602
_4995_,VDD,Metal1,159.2500,63.9280,1.199862
_4994_,VDD,Metal1,59.1500,79.0480,1.199231
_4993_,VDD,Metal1,42.6100,72.1510,1.199936
_4992_,VDD,Metal1,44.7500,94.8310,1.199813
_4991_,VDD,Metal1,93.2300,124.4080,1.199803
_4990_,VDD,Metal1,40.9100,140.1910,1.198201
_4989_,VDD,Metal1,44.2700,147.7510,1.199930
_4988_,VDD,Metal1,153.7100,140.1910,1.199898
_4987_,VDD,Metal1,106.4500,154.6480,1.199721
_4986_,VDD,Metal1,158.0300,162.2080,1.199680
_4985_,VDD,Metal1,31.3100,230.9110,1.199892
_4984_,VDD,Metal1,147.4700,223.3510,1.198317
_4983_,VDD,Metal1,25.5500,275.6080,1.199944
_4982_,VDD,Metal1,144.5900,261.1510,1.199821
_4981_,VDD,Metal1,51.4700,200.0080,1.199820
_4980_,VDD,Metal1,141.2300,276.2710,1.199645
_4979_,VDD,Metal1,99.9500,268.7110,1.199676
_4978_,VDD,Metal1,79.3100,260.4880,1.199871
_4977_,VDD,Metal1,70.6700,276.2710,1.199892
_4976_,VDD,Metal1,49.0700,276.2710,1.199915
_4975_,VDD,Metal1,75.9500,208.2310,1.199855
_4974_,VDD,Metal1,15.9500,200.0080,1.199978
_4973_,VDD,Metal1,112.6900,230.9110,1.199305
_4972_,VDD,Metal1,152.2700,200.6710,1.199883
_4971_,VDD,Metal1,145.0700,185.5510,1.199782
_4970_,VDD,Metal1,304.4300,86.6080,1.199651
_4969_,VDD,Metal1,308.7500,63.9280,1.198972
_4968_,VDD,Metal1,268.9100,86.6080,1.199877
_4967_,VDD,Metal1,307.7900,72.1510,1.199573
_4966_,VDD,Metal1,134.7700,313.4080,1.199100
_4965_,VDD,Metal1,125.8700,320.9680,1.199620
_4964_,VDD,Metal1,305.1700,109.9510,1.199640
_4963_,VDD,Metal1,306.8300,125.0710,1.196374
_4962_,VDD,Metal1,307.3100,140.1910,1.199070
_4961_,VDD,Metal1,306.3500,162.2080,1.198430
_4960_,VDD,Metal1,306.8300,162.8710,1.198429
_4959_,VDD,Metal1,307.3100,192.4480,1.199358
_4958_,VDD,Metal1,304.9100,200.6710,1.195473
_4957_,VDD,Metal1,307.3100,215.1280,1.197843
_4956_,VDD,Metal1,302.9900,223.3510,1.199471
_4955_,VDD,Metal1,304.9100,238.4710,1.194668
_4954_,VDD,Metal1,307.7900,268.0480,1.198608
_4953_,VDD,Metal1,298.6700,268.7110,1.198637
_4952_,VDD,Metal1,307.3100,275.6080,1.197762
_4951_,VDD,Metal1,304.9100,298.9510,1.193195
_4950_,VDD,Metal1,309.2300,314.0710,1.199118
_4949_,VDD,Metal1,291.9500,320.9680,1.191910
_4948_,VDD,Metal1,275.6300,268.7110,1.199647
_4947_,VDD,Metal1,278.9900,314.0710,1.199357
_4946_,VDD,Metal1,272.0500,320.9680,1.197577
_4945_,VDD,Metal1,265.5500,298.2880,1.198938
_4944_,VDD,Metal1,264.3700,313.4080,1.199426
_4943_,VDD,Metal1,250.9300,320.9680,1.198380
_4942_,VDD,Metal1,229.0700,314.0710,1.199080
_4941_,VDD,Metal1,224.7500,283.8310,1.199611
_4940_,VDD,Metal1,205.0700,290.7280,1.198429
_4939_,VDD,Metal1,209.8700,314.0710,1.198986
_4938_,VDD,Metal1,192.3700,306.5110,1.197888
_4937_,VDD,Metal1,173.8700,313.4080,1.199296
_4936_,VDD,Metal1,169.3300,314.0710,1.199931
_4935_,VDD,Metal1,148.4300,298.2880,1.199871
_4934_,VDD,Metal1,143.4100,33.6880,1.199534
_4933_,VDD,Metal1,72.5900,26.7910,1.199643
_4932_,VDD,Metal1,9.0100,56.3680,1.199954
_4931_,VDD,Metal1,88.4300,26.7910,1.199730
_4930_,VDD,Metal1,103.3100,19.2310,1.199737
_4929_,VDD,Metal1,35.1500,19.2310,1.199660
_4928_,VDD,Metal1,114.8300,87.2710,1.199535
_4927_,VDD,Metal1,142.1900,79.0480,1.199578
_4926_,VDD,Metal1,62.5100,79.0480,1.199232
_4925_,VDD,Metal1,10.6700,94.1680,1.199944
_4924_,VDD,Metal1,31.7900,94.8310,1.199843
_4923_,VDD,Metal1,84.8500,139.5280,1.198242
_4922_,VDD,Metal1,12.3700,140.1910,1.199931
_4921_,VDD,Metal1,17.3900,184.8880,1.199955
_4920_,VDD,Metal1,108.5900,125.0710,1.199571
_4919_,VDD,Metal1,70.6700,162.8710,1.199507
_4918_,VDD,Metal1,137.3900,170.4310,1.199722
_4917_,VDD,Metal1,10.6700,245.3680,1.199944
_4916_,VDD,Metal1,306.6170,117.0150,1.198812
_4915_,VDD,Metal1,305.7230,124.3400,1.196374
_4914_,VDD,Metal1,307.0500,117.4310,1.198810
_4913_,VDD,Metal1,309.6360,124.3400,1.196362
_4912_,VDD,Metal1,303.9830,125.0960,1.196377
_4911_,VDD,Metal1,311.7580,117.5130,1.198784
_4910_,VDD,Metal1,299.1830,131.9430,1.199141
_4909_,VDD,Metal1,304.5210,132.6990,1.198931
_4908_,VDD,Metal1,297.9360,132.6560,1.199143
_4907_,VDD,Metal1,295.7820,154.8150,1.190921
_4906_,VDD,Metal1,304.6970,154.8150,1.190852
_4905_,VDD,Metal1,293.5450,154.6450,1.190924
_4904_,VDD,Metal1,300.9230,132.6990,1.199136
_4903_,VDD,Metal1,301.7950,125.0450,1.196384
_4902_,VDD,Metal1,309.2700,125.0200,1.196362
_4901_,VDD,Metal1,316.3730,125.1060,1.196354
_4900_,VDD,Metal1,312.5820,124.5750,1.196356
_4899_,VDD,Metal1,304.4220,147.2550,1.198463
_4898_,VDD,Metal1,301.2010,154.6460,1.190880
_4897_,VDD,Metal1,298.2230,154.6230,1.190882
_4896_,VDD,Metal1,300.0360,147.8190,1.198473
_4895_,VDD,Metal1,302.0700,147.1680,1.198463
_4894_,VDD,Metal1,310.1160,140.2590,1.199068
_4893_,VDD,Metal1,302.5430,162.1830,1.198512
_4892_,VDD,Metal1,304.3730,155.3460,1.190852
_4891_,VDD,Metal1,302.2500,155.2600,1.190880
_4890_,VDD,Metal1,300.1500,162.2600,1.198513
_4889_,VDD,Metal1,299.0030,155.3790,1.190882
_4888_,VDD,Metal1,297.4560,177.3030,1.191897
_4887_,VDD,Metal1,306.1370,177.4950,1.191872
_4886_,VDD,Metal1,302.7300,177.9400,1.191872
_4885_,VDD,Metal1,299.6450,177.3550,1.191878
_4884_,VDD,Metal1,308.6760,154.5800,1.190658
_4883_,VDD,Metal1,311.7350,154.6450,1.190658
_4882_,VDD,Metal1,304.4220,169.9350,1.198773
_4881_,VDD,Metal1,302.8430,177.2600,1.191873
_4880_,VDD,Metal1,300.6950,177.9950,1.191878
_4879_,VDD,Metal1,302.9160,170.4990,1.198773
_4878_,VDD,Metal1,302.1850,169.7650,1.198773
_4877_,VDD,Metal1,307.0500,169.8480,1.198678
_4876_,VDD,Metal1,313.9730,162.9060,1.198421
_4875_,VDD,Metal1,311.1420,162.7050,1.198422
_4874_,VDD,Metal1,304.6970,192.6150,1.199361
_4873_,VDD,Metal1,299.7850,185.5550,1.190059
_4872_,VDD,Metal1,304.6500,185.5000,1.189893
_4871_,VDD,Metal1,301.9730,185.5860,1.189914
_4870_,VDD,Metal1,299.8970,185.0550,1.190059
_4869_,VDD,Metal1,303.3300,200.6730,1.195497
_4868_,VDD,Metal1,297.7430,215.1030,1.197878
_4867_,VDD,Metal1,306.4550,208.2350,1.186660
_4866_,VDD,Metal1,302.9160,184.8200,1.189914
_4865_,VDD,Metal1,306.2100,184.8860,1.189878
_4864_,VDD,Metal1,311.7580,184.8860,1.189878
_4863_,VDD,Metal1,305.3820,200.1750,1.195465
_4862_,VDD,Metal1,303.1450,200.0050,1.195497
_4861_,VDD,Metal1,300.2410,207.5660,1.186664
_4860_,VDD,Metal1,304.3560,207.5000,1.186660
_4859_,VDD,Metal1,300.9600,200.8330,1.197358
_4858_,VDD,Metal1,311.5560,193.1790,1.199344
_4857_,VDD,Metal1,308.8550,193.1150,1.199345
_4856_,VDD,Metal1,305.8130,222.6530,1.199441
_4855_,VDD,Metal1,303.9830,208.2560,1.186660
_4854_,VDD,Metal1,303.9830,215.8160,1.197847
_4853_,VDD,Metal1,303.8400,214.9660,1.197847
_4852_,VDD,Metal1,300.7210,215.1260,1.197878
_4851_,VDD,Metal1,300.9230,208.2990,1.186663
_4850_,VDD,Metal1,297.9550,208.2050,1.186680
_4849_,VDD,Metal1,295.4650,215.1250,1.198058
_4848_,VDD,Metal1,296.1670,245.3080,1.199395
_4847_,VDD,Metal1,300.3360,238.4960,1.194702
_4846_,VDD,Metal1,296.0520,260.4810,1.198961
_4845_,VDD,Metal1,296.2120,253.5030,1.196240
_4844_,VDD,Metal1,312.2380,223.3530,1.199398
_4843_,VDD,Metal1,300.8570,230.4150,1.198954
_4842_,VDD,Metal1,303.3960,230.9790,1.197844
_4841_,VDD,Metal1,302.5020,238.3050,1.194676
_4840_,VDD,Metal1,299.5560,230.9790,1.198954
_4839_,VDD,Metal1,298.3450,230.2450,1.198954
_4838_,VDD,Metal1,308.3980,223.3530,1.199409
_4837_,VDD,Metal1,313.4400,222.5260,1.199398
_4836_,VDD,Metal1,303.5030,237.7830,1.194676
_4835_,VDD,Metal1,302.7300,245.4200,1.199362
_4834_,VDD,Metal1,296.5370,245.8650,1.199395
_4833_,VDD,Metal1,299.2500,246.0290,1.199376
_4832_,VDD,Metal1,291.7300,252.9280,1.196274
_4831_,VDD,Metal1,299.5560,245.3000,1.199377
_4830_,VDD,Metal1,298.0800,238.6330,1.194724
_4829_,VDD,Metal1,305.6100,245.4200,1.199356
_4828_,VDD,Metal1,312.0360,246.0990,1.199340
_4827_,VDD,Metal1,311.7600,253.6350,1.196159
_4826_,VDD,Metal1,303.6960,260.4630,1.198882
_4825_,VDD,Metal1,300.9600,260.3260,1.198888
_4824_,VDD,Metal1,300.5160,253.6590,1.196187
_4823_,VDD,Metal1,297.5460,252.8930,1.196208
_4822_,VDD,Metal1,293.7600,253.7530,1.196248
_4821_,VDD,Metal1,295.2000,252.7660,1.196240
_4820_,VDD,Metal1,301.9200,252.7660,1.196187
_4819_,VDD,Metal1,299.6450,252.9550,1.196187
_4818_,VDD,Metal1,308.3100,252.9800,1.196166
_4817_,VDD,Metal1,311.0930,260.4530,1.198799
_4816_,VDD,Metal1,315.4620,253.0950,1.196125
_4815_,VDD,Metal1,299.6220,268.2150,1.198608
_4814_,VDD,Metal1,296.9050,268.7150,1.198684
_4813_,VDD,Metal1,296.4010,268.0460,1.198684
_4812_,VDD,Metal1,298.4100,261.1000,1.198913
_4811_,VDD,Metal1,293.4230,268.0230,1.199013
_4810_,VDD,Metal1,300.8570,283.3350,1.198511
_4809_,VDD,Metal1,298.0800,290.5660,1.199008
_4808_,VDD,Metal1,297.1720,291.3030,1.199008
_4807_,VDD,Metal1,295.1630,261.2190,1.198961
_4806_,VDD,Metal1,293.2800,252.7660,1.196248
_4805_,VDD,Metal1,307.9180,253.5930,1.196166
_4804_,VDD,Metal1,303.7370,276.1050,1.197819
_4803_,VDD,Metal1,304.3560,283.8990,1.198470
_4802_,VDD,Metal1,300.4430,283.8990,1.198511
_4801_,VDD,Metal1,304.2170,290.8950,1.198998
_4800_,VDD,Metal1,301.2250,276.2750,1.197839
_4799_,VDD,Metal1,312.5160,283.8990,1.198465
_4798_,VDD,Metal1,311.7850,276.2750,1.197762
_4797_,VDD,Metal1,304.9430,298.2630,1.193195
_4796_,VDD,Metal1,305.2800,291.5530,1.198997
_4795_,VDD,Metal1,302.9330,291.4260,1.198999
_4794_,VDD,Metal1,300.5820,291.2250,1.198998
_4793_,VDD,Metal1,297.9550,298.3150,1.193580
_4792_,VDD,Metal1,301.2380,305.7800,1.199220
_4791_,VDD,Metal1,300.9230,290.6600,1.198999
_4790_,VDD,Metal1,306.2400,290.5660,1.198997
_4789_,VDD,Metal1,307.5300,298.3400,1.193187
_4788_,VDD,Metal1,311.0760,305.7800,1.199141
_4787_,VDD,Metal1,314.3920,313.3480,1.199025
_4786_,VDD,Metal1,303.9420,306.3450,1.199146
_4785_,VDD,Metal1,296.6030,306.5790,1.199235
_4784_,VDD,Metal1,300.5160,306.5790,1.199220
_4783_,VDD,Metal1,293.4300,306.4310,1.199241
_4782_,VDD,Metal1,306.5700,313.4880,1.199121
_4781_,VDD,Metal1,308.6400,313.2460,1.199118
_4780_,VDD,Metal1,311.3180,313.3400,1.199110
_4779_,VDD,Metal1,311.9460,306.5460,1.199141
_4778_,VDD,Metal1,292.6560,313.3830,1.199156
_4777_,VDD,Metal1,289.9730,305.8130,1.199244
_4776_,VDD,Metal1,290.8800,299.1130,1.193657
_4775_,VDD,Metal1,293.1550,298.9250,1.193655
_4774_,VDD,Metal1,293.3160,305.7800,1.199241
_4773_,VDD,Metal1,296.3750,305.8450,1.199235
_4772_,VDD,Metal1,303.3960,313.3400,1.199129
_4771_,VDD,Metal1,285.2220,276.1050,1.198127
_4770_,VDD,Metal1,280.2170,268.2150,1.199100
_4769_,VDD,Metal1,279.1450,275.6050,1.198167
_4768_,VDD,Metal1,282.2760,275.5400,1.198131
_4767_,VDD,Metal1,281.4810,283.8990,1.198941
_4766_,VDD,Metal1,290.0300,275.6080,1.197911
_4765_,VDD,Metal1,287.4830,275.5400,1.198087
_4764_,VDD,Metal1,277.8100,275.6080,1.198168
_4763_,VDD,Metal1,283.2000,267.8860,1.199100
_4762_,VDD,Metal1,285.0100,275.6080,1.198127
_4761_,VDD,Metal1,285.5630,283.8990,1.198875
_4760_,VDD,Metal1,287.7350,305.8450,1.199244
_4759_,VDD,Metal1,277.7760,291.4160,1.199316
_4758_,VDD,Metal1,278.9330,290.6930,1.199315
_4757_,VDD,Metal1,278.1980,283.8990,1.199498
_4756_,VDD,Metal1,280.8530,283.1330,1.198944
_4755_,VDD,Metal1,271.3430,283.1430,1.199514
_4754_,VDD,Metal1,257.9030,283.1430,1.199703
_4753_,VDD,Metal1,267.7150,276.2450,1.198377
_4752_,VDD,Metal1,268.9430,283.1430,1.199529
_4751_,VDD,Metal1,281.4300,290.7800,1.199304
_4750_,VDD,Metal1,283.0900,283.1680,1.198938
_4749_,VDD,Metal1,283.7330,290.6930,1.199291
_4748_,VDD,Metal1,276.9600,290.5660,1.199316
_4747_,VDD,Metal1,277.5830,305.8230,1.199482
_4746_,VDD,Metal1,277.4320,306.5710,1.199482
_4745_,VDD,Metal1,265.4510,283.1230,1.199550
_4744_,VDD,Metal1,264.4430,276.3390,1.198913
_4743_,VDD,Metal1,261.2630,276.2960,1.199062
_4742_,VDD,Metal1,261.0830,283.1000,1.199550
_4741_,VDD,Metal1,269.6500,276.2710,1.198377
_4740_,VDD,Metal1,274.5960,305.7800,1.199489
_4739_,VDD,Metal1,266.2970,291.2250,1.199779
_4738_,VDD,Metal1,263.7850,291.3950,1.199850
_4737_,VDD,Metal1,267.8760,283.8990,1.199540
_4736_,VDD,Metal1,264.0360,283.8990,1.199550
_4735_,VDD,Metal1,261.1200,283.9930,1.199550
_4734_,VDD,Metal1,270.9580,298.9530,1.198802
_4733_,VDD,Metal1,271.6800,305.6860,1.199544
_4732_,VDD,Metal1,245.5600,291.3450,1.199954
_4731_,VDD,Metal1,250.4160,298.9760,1.199537
_4730_,VDD,Metal1,240.3720,291.3980,1.199638
_4729_,VDD,Metal1,242.7720,291.3980,1.199651
_4728_,VDD,Metal1,247.8050,298.3150,1.199905
_4727_,VDD,Metal1,260.0570,306.0150,1.199587
_4726_,VDD,Metal1,258.4810,298.2860,1.199466
_4725_,VDD,Metal1,254.8800,299.1130,1.199537
_4724_,VDD,Metal1,251.0030,298.2200,1.199537
_4723_,VDD,Metal1,249.1200,291.5530,1.199937
_4722_,VDD,Metal1,257.9100,298.8710,1.199466
_4721_,VDD,Metal1,255.9650,306.4850,1.199602
_4720_,VDD,Metal1,258.3420,313.9050,1.199582
_4719_,VDD,Metal1,258.2150,306.5150,1.199587
_4718_,VDD,Metal1,252.3770,313.5750,1.199862
_4717_,VDD,Metal1,249.8650,313.4050,1.199870
_4716_,VDD,Metal1,251.7610,291.3930,1.199930
_4715_,VDD,Metal1,252.8100,298.9000,1.199537
_4714_,VDD,Metal1,238.1820,291.2250,1.199638
_4713_,VDD,Metal1,230.8780,291.4800,1.198476
_4712_,VDD,Metal1,254.9160,298.2200,1.199537
_4711_,VDD,Metal1,254.8800,291.5530,1.199910
_4710_,VDD,Metal1,255.3960,313.3400,1.199711
_4709_,VDD,Metal1,231.3480,305.8030,1.198514
_4708_,VDD,Metal1,232.3560,298.2200,1.199848
_4707_,VDD,Metal1,229.5830,298.9760,1.199836
_4706_,VDD,Metal1,234.9610,298.9530,1.199848
_4705_,VDD,Metal1,234.9850,298.2850,1.199848
_4704_,VDD,Metal1,237.9700,298.9510,1.199867
_4703_,VDD,Metal1,239.0760,305.7800,1.198590
_4702_,VDD,Metal1,253.7050,306.5150,1.199604
_4701_,VDD,Metal1,226.4160,290.7030,1.198423
_4700_,VDD,Metal1,233.3330,290.6930,1.198486
_4699_,VDD,Metal1,228.3300,291.3400,1.198425
_4698_,VDD,Metal1,233.9100,291.3400,1.198487
_4697_,VDD,Metal1,227.9630,298.2200,1.199835
_4696_,VDD,Metal1,209.9030,298.2630,1.199613
_4695_,VDD,Metal1,226.1900,291.3910,1.198423
_4694_,VDD,Metal1,222.4780,298.2860,1.199688
_4693_,VDD,Metal1,220.7920,313.3480,1.199041
_4692_,VDD,Metal1,207.7370,298.4550,1.199613
_4691_,VDD,Metal1,205.2250,298.2850,1.199625
_4690_,VDD,Metal1,204.4430,291.4590,1.198429
_4689_,VDD,Metal1,207.4620,306.0150,1.198136
_4688_,VDD,Metal1,207.8030,290.6600,1.198421
_4687_,VDD,Metal1,210.7200,290.5660,1.198417
_4686_,VDD,Metal1,215.9700,298.9530,1.199611
_4685_,VDD,Metal1,213.3210,305.7800,1.198153
_4684_,VDD,Metal1,220.3730,305.8130,1.198456
_4683_,VDD,Metal1,208.1760,313.3830,1.198979
_4682_,VDD,Metal1,206.8800,306.6730,1.198136
_4681_,VDD,Metal1,204.4430,305.7800,1.198127
_4680_,VDD,Metal1,189.2630,298.9760,1.199735
_4679_,VDD,Metal1,204.0000,306.6730,1.198127
_4678_,VDD,Metal1,201.4500,305.9000,1.198114
_4677_,VDD,Metal1,205.0700,298.9510,1.199625
_4676_,VDD,Metal1,203.5200,299.1130,1.199721
_4675_,VDD,Metal1,202.1900,306.5110,1.198114
_4674_,VDD,Metal1,211.7160,306.5790,1.198151
_4673_,VDD,Metal1,190.4570,306.3450,1.197888
_4672_,VDD,Metal1,191.0760,305.7800,1.197888
_4671_,VDD,Metal1,175.3020,298.7850,1.199856
_4670_,VDD,Metal1,187.1630,305.7800,1.197910
_4669_,VDD,Metal1,184.3200,305.6860,1.197977
_4668_,VDD,Metal1,184.1050,306.5150,1.197977
_4667_,VDD,Metal1,187.2360,306.5790,1.197910
_4666_,VDD,Metal1,193.2000,314.1150,1.198971
_4665_,VDD,Metal1,176.0160,313.3830,1.199281
_4664_,VDD,Metal1,176.6400,306.6730,1.199932
_4663_,VDD,Metal1,174.2030,305.7800,1.199940
_4662_,VDD,Metal1,166.7030,305.8230,1.199937
_4661_,VDD,Metal1,177.4500,305.9000,1.199921
_4660_,VDD,Metal1,174.7200,306.6730,1.199940
_4659_,VDD,Metal1,171.1450,305.8450,1.199957
_4658_,VDD,Metal1,183.8400,313.2460,1.199052
_4657_,VDD,Metal1,186.9980,321.6990,1.199596
_4656_,VDD,Metal1,196.3730,314.1060,1.198969
_4655_,VDD,Metal1,164.7420,313.5750,1.199776
_4654_,VDD,Metal1,161.2430,306.5790,1.199930
_4653_,VDD,Metal1,149.8620,298.7850,1.199916
_4652_,VDD,Metal1,165.1560,306.5790,1.199935
_4651_,VDD,Metal1,168.0000,306.6730,1.199937
_4650_,VDD,Metal1,162.5050,313.4050,1.199730
_4649_,VDD,Metal1,170.1580,313.4060,1.199931
_4648_,VDD,Metal1,150.5760,298.2630,1.199916
_4647_,VDD,Metal1,156.4800,291.5530,1.199695
_4646_,VDD,Metal1,152.8810,305.8460,1.199719
_4645_,VDD,Metal1,154.2230,313.3830,1.199111
_4644_,VDD,Metal1,153.1560,299.0190,1.199919
_4643_,VDD,Metal1,156.3300,298.8710,1.199921
_4642_,VDD,Metal1,226.0680,19.2760,1.199736
_4641_,VDD,Metal1,229.4400,19.3930,1.199814
_4640_,VDD,Metal1,222.8630,18.5430,1.199725
_4639_,VDD,Metal1,222.2350,19.1710,1.199725
_4638_,VDD,Metal1,224.3750,26.1250,1.199613
_4637_,VDD,Metal1,215.8560,19.2560,1.199678
_4636_,VDD,Metal1,219.1450,18.5650,1.199696
_4635_,VDD,Metal1,214.2230,18.5430,1.199642
_4634_,VDD,Metal1,218.0630,19.2560,1.199696
_4633_,VDD,Metal1,212.5460,19.4050,1.199642
_4632_,VDD,Metal1,212.1600,25.9660,1.199442
_4631_,VDD,Metal1,179.7210,19.2990,1.199896
_4630_,VDD,Metal1,184.9260,19.2900,1.199789
_4629_,VDD,Metal1,179.6270,26.7980,1.199624
_4628_,VDD,Metal1,187.7900,19.2310,1.199649
_4627_,VDD,Metal1,180.0300,18.5660,1.199896
_4626_,VDD,Metal1,180.3300,26.1800,1.199624
_4625_,VDD,Metal1,182.7360,18.5430,1.199790
_4624_,VDD,Metal1,179.0400,94.0060,1.199785
_4623_,VDD,Metal1,176.5870,94.2560,1.199942
_4622_,VDD,Metal1,172.9020,94.3350,1.199943
_4621_,VDD,Metal1,176.7470,94.8380,1.199942
_4620_,VDD,Metal1,175.0260,101.6720,1.199101
_4619_,VDD,Metal1,171.8930,101.6930,1.199928
_4618_,VDD,Metal1,173.7580,94.9200,1.199943
_4617_,VDD,Metal1,170.7720,94.8380,1.199975
_4616_,VDD,Metal1,157.7760,86.5830,1.199718
_4615_,VDD,Metal1,162.7180,87.3600,1.199725
_4614_,VDD,Metal1,159.3960,87.3390,1.199722
_4613_,VDD,Metal1,165.9300,94.2200,1.199972
_4612_,VDD,Metal1,153.4560,87.2960,1.199718
_4611_,VDD,Metal1,156.0010,87.3600,1.199718
_4610_,VDD,Metal1,158.5500,94.2480,1.199920
_4609_,VDD,Metal1,152.3030,94.8560,1.199917
_4608_,VDD,Metal1,157.7930,94.8900,1.199920
_4607_,VDD,Metal1,156.3360,94.1430,1.199918
_4606_,VDD,Metal1,155.0410,94.9200,1.199918
_4605_,VDD,Metal1,155.2810,101.7260,1.199527
_4604_,VDD,Metal1,163.5360,102.4160,1.199609
_4603_,VDD,Metal1,166.0780,102.4800,1.199609
_4602_,VDD,Metal1,162.2030,109.2200,1.199943
_4601_,VDD,Metal1,159.0300,109.3400,1.199929
_4600_,VDD,Metal1,162.5760,19.2560,1.198732
_4599_,VDD,Metal1,167.5210,116.7600,1.199955
_4598_,VDD,Metal1,164.1230,116.7800,1.199927
_4597_,VDD,Metal1,162.0250,109.9550,1.199943
_4596_,VDD,Metal1,164.4960,117.5360,1.199926
_4595_,VDD,Metal1,166.5580,124.3200,1.199946
_4594_,VDD,Metal1,163.1630,124.3400,1.199937
_4593_,VDD,Metal1,163.0500,125.0200,1.199938
_4592_,VDD,Metal1,159.6960,116.8230,1.199892
_4591_,VDD,Metal1,156.9610,116.7600,1.199892
_4590_,VDD,Metal1,157.8830,124.3400,1.199610
_4589_,VDD,Metal1,160.6500,117.4310,1.199892
_4588_,VDD,Metal1,157.2960,147.7760,1.199925
_4587_,VDD,Metal1,164.6410,147.8400,1.199929
_4586_,VDD,Metal1,159.6900,147.6710,1.199927
_4585_,VDD,Metal1,162.0960,147.7760,1.199927
_4584_,VDD,Metal1,159.7130,154.5900,1.199855
_4583_,VDD,Metal1,180.9600,162.0460,1.198538
_4582_,VDD,Metal1,178.5580,162.1200,1.198539
_4581_,VDD,Metal1,173.2430,162.1400,1.199952
_4580_,VDD,Metal1,176.1600,162.0460,1.198540
_4579_,VDD,Metal1,169.2900,253.5400,1.199953
_4578_,VDD,Metal1,171.8380,252.8400,1.199668
_4577_,VDD,Metal1,168.5820,253.0950,1.199953
_4576_,VDD,Metal1,163.3430,252.9030,1.199880
_4575_,VDD,Metal1,158.8270,253.5030,1.199850
_4574_,VDD,Metal1,165.2630,253.6160,1.199889
_4573_,VDD,Metal1,166.0780,252.8400,1.199889
_4572_,VDD,Metal1,165.3350,230.2450,1.199801
_4571_,VDD,Metal1,162.0010,253.5930,1.199876
_4570_,VDD,Metal1,160.1950,252.9550,1.199855
_4569_,VDD,Metal1,159.3070,261.0630,1.199919
_4568_,VDD,Metal1,156.9550,275.6680,1.199659
_4567_,VDD,Metal1,157.0700,276.2710,1.199659
_4566_,VDD,Metal1,153.0950,283.1650,1.199645
_4565_,VDD,Metal1,244.7630,320.9000,1.199770
_4564_,VDD,Metal1,244.4270,314.0780,1.199846
_4563_,VDD,Metal1,248.5370,283.3350,1.199788
_4562_,VDD,Metal1,245.7900,283.1660,1.199918
_4561_,VDD,Metal1,240.4430,320.9000,1.199723
_4560_,VDD,Metal1,242.2560,306.5360,1.198621
_4559_,VDD,Metal1,243.8400,305.6860,1.199911
_4558_,VDD,Metal1,236.9180,320.9000,1.199690
_4557_,VDD,Metal1,234.9850,306.5150,1.198575
_4556_,VDD,Metal1,238.5480,306.5560,1.198587
_4555_,VDD,Metal1,229.8830,320.9000,1.199577
_4554_,VDD,Metal1,233.1550,320.9950,1.199618
_4553_,VDD,Metal1,225.6110,320.9230,1.199317
_4552_,VDD,Metal1,215.6630,314.0960,1.199015
_4551_,VDD,Metal1,219.2100,321.5800,1.199226
_4550_,VDD,Metal1,220.6560,306.5360,1.198456
_4549_,VDD,Metal1,223.2000,299.1130,1.199688
_4548_,VDD,Metal1,205.8830,314.1390,1.198979
_4547_,VDD,Metal1,207.6250,320.9650,1.199259
_4546_,VDD,Metal1,204.4910,320.9230,1.199283
_4545_,VDD,Metal1,189.7430,298.2630,1.199735
_4544_,VDD,Metal1,190.4160,291.4160,1.199005
_4543_,VDD,Metal1,188.1600,291.5530,1.199016
_4542_,VDD,Metal1,186.2400,291.5530,1.199054
_4541_,VDD,Metal1,172.0410,290.6600,1.199837
_4540_,VDD,Metal1,172.3310,291.4360,1.199837
_4539_,VDD,Metal1,169.2250,290.7250,1.199941
_4538_,VDD,Metal1,166.7030,290.7030,1.199936
_4537_,VDD,Metal1,163.5360,283.8560,1.199820
_4536_,VDD,Metal1,161.4950,283.8350,1.199740
_4535_,VDD,Metal1,165.9550,283.8050,1.199852
_4534_,VDD,Metal1,162.3830,275.5830,1.199912
_4533_,VDD,Metal1,163.5360,238.4960,1.199856
_4532_,VDD,Metal1,160.1050,275.6050,1.199705
_4531_,VDD,Metal1,161.1550,260.5150,1.199937
_4530_,VDD,Metal1,156.3550,238.4450,1.199830
_4529_,VDD,Metal1,161.3160,245.3000,1.199856
_4528_,VDD,Metal1,161.6100,237.8600,1.199832
_4527_,VDD,Metal1,156.9710,245.3230,1.199832
_4526_,VDD,Metal1,157.4280,320.9230,1.199696
_4525_,VDD,Metal1,153.0170,321.1350,1.199609
_4524_,VDD,Metal1,152.9050,314.0750,1.199105
_4523_,VDD,Metal1,311.4120,87.2780,1.199648
_4522_,VDD,Metal1,271.8230,109.2630,1.199907
_4521_,VDD,Metal1,276.0530,94.1330,1.199377
_4520_,VDD,Metal1,272.4250,109.9550,1.199906
_4519_,VDD,Metal1,269.3820,109.4550,1.199924
_4518_,VDD,Metal1,131.5080,238.5160,1.199753
_4517_,VDD,Metal1,13.9080,252.8830,1.199974
_4516_,VDD,Metal1,132.9710,169.7230,1.199715
_4515_,VDD,Metal1,75.8280,162.1630,1.199564
_4514_,VDD,Metal1,115.1880,124.3630,1.198773
_4513_,VDD,Metal1,18.2280,170.4760,1.199962
_4512_,VDD,Metal1,9.5880,139.4830,1.199919
_4511_,VDD,Metal1,84.4910,132.6760,1.199779
_4510_,VDD,Metal1,35.5080,94.8760,1.199833
_4509_,VDD,Metal1,13.4280,86.5630,1.199972
_4508_,VDD,Metal1,66.7080,72.1960,1.199873
_4507_,VDD,Metal1,136.8110,79.7560,1.198740
_4506_,VDD,Metal1,118.0680,86.5630,1.199486
_4505_,VDD,Metal1,41.2680,19.2760,1.199385
_4504_,VDD,Metal1,107.9880,26.0830,1.199631
_4503_,VDD,Metal1,87.3710,19.2760,1.199714
_4502_,VDD,Metal1,14.8680,41.9560,1.199970
_4501_,VDD,Metal1,75.8280,26.8360,1.199664
_4500_,VDD,Metal1,144.9480,26.8360,1.199078
_4499_,VDD,Metal1,141.6360,321.6990,1.199541
_4498_,VDD,Metal1,145.9200,320.8060,1.199545
_4497_,VDD,Metal1,144.3770,313.5750,1.199101
_4496_,VDD,Metal1,147.0950,306.5150,1.199672
_4495_,VDD,Metal1,147.3960,313.3400,1.199100
_4494_,VDD,Metal1,151.1630,313.3400,1.199105
_4493_,VDD,Metal1,152.1600,306.6730,1.199719
_4492_,VDD,Metal1,148.8000,320.8060,1.199594
_4491_,VDD,Metal1,304.0400,94.2140,1.198881
_4490_,VDD,Metal1,287.4830,87.3390,1.199700
_4489_,VDD,Metal1,282.9850,86.6050,1.199711
_4488_,VDD,Metal1,306.5760,94.1430,1.198877
_4487_,VDD,Metal1,300.1500,94.2200,1.198891
_4486_,VDD,Metal1,308.9760,94.1430,1.198871
_4485_,VDD,Metal1,302.4000,94.9930,1.198882
_4484_,VDD,Metal1,303.5030,72.1760,1.199574
_4483_,VDD,Metal1,304.8000,78.8860,1.198605
_4482_,VDD,Metal1,266.5430,79.0230,1.199565
_4481_,VDD,Metal1,263.9470,79.1360,1.199638
_4480_,VDD,Metal1,239.0930,72.1860,1.199961
_4479_,VDD,Metal1,236.1350,72.1550,1.199957
_4478_,VDD,Metal1,226.3200,72.1950,1.199943
_4477_,VDD,Metal1,223.6550,124.4050,1.199894
_4476_,VDD,Metal1,222.2150,177.3250,1.199831
_4475_,VDD,Metal1,254.8800,125.2330,1.199757
_4474_,VDD,Metal1,215.4670,177.4160,1.199793
_4473_,VDD,Metal1,213.4260,267.9920,1.199657
_4472_,VDD,Metal1,197.0400,268.0050,1.199668
_4471_,VDD,Metal1,189.6300,268.0460,1.199751
_4470_,VDD,Metal1,176.6150,200.6750,1.199556
_4469_,VDD,Metal1,177.4750,154.6750,1.199842
_4468_,VDD,Metal1,270.2400,78.8860,1.199565
_4467_,VDD,Metal1,304.4220,64.4250,1.199005
_4466_,VDD,Metal1,299.8920,64.5980,1.199161
_4465_,VDD,Metal1,292.3120,71.4280,1.199670
_4464_,VDD,Metal1,289.0620,124.5750,1.196408
_4463_,VDD,Metal1,303.0950,57.0350,1.199493
_4462_,VDD,Metal1,288.9600,72.3130,1.199684
_4461_,VDD,Metal1,283.9450,71.4850,1.199720
_4460_,VDD,Metal1,311.6700,41.8600,1.198856
_4459_,VDD,Metal1,289.5830,71.4630,1.199683
_4458_,VDD,Metal1,302.6150,64.5950,1.199159
_4457_,VDD,Metal1,292.3200,72.3130,1.199670
_4456_,VDD,Metal1,300.6810,79.7790,1.198942
_4455_,VDD,Metal1,291.1600,79.6650,1.199476
_4454_,VDD,Metal1,288.1020,79.5450,1.199495
_4453_,VDD,Metal1,253.5420,86.7750,1.199941
_4452_,VDD,Metal1,251.9920,78.9880,1.199729
_4451_,VDD,Metal1,251.0320,86.5480,1.199946
_4450_,VDD,Metal1,250.5350,94.1650,1.199964
_4449_,VDD,Metal1,247.6550,86.6050,1.199948
_4448_,VDD,Metal1,252.5050,87.2750,1.199946
_4447_,VDD,Metal1,254.7360,87.2960,1.199934
_4446_,VDD,Metal1,247.7870,71.4810,1.199954
_4445_,VDD,Metal1,252.4550,71.4850,1.199923
_4444_,VDD,Metal1,254.4000,72.3130,1.199896
_4443_,VDD,Metal1,236.5370,192.9450,1.199924
_4442_,VDD,Metal1,230.3750,200.0050,1.198978
_4441_,VDD,Metal1,236.6470,199.9480,1.198994
_4440_,VDD,Metal1,233.7670,199.9480,1.198978
_4439_,VDD,Metal1,231.8470,200.7310,1.198978
_4438_,VDD,Metal1,235.4400,207.5250,1.199759
_4437_,VDD,Metal1,237.1450,200.6750,1.198994
_4436_,VDD,Metal1,234.6120,208.2380,1.199759
_4435_,VDD,Metal1,231.8150,207.5650,1.199739
_4434_,VDD,Metal1,232.7750,193.1150,1.199920
_4433_,VDD,Metal1,233.0650,177.9950,1.199932
_4432_,VDD,Metal1,302.7770,56.5350,1.199493
_4431_,VDD,Metal1,303.2160,49.4960,1.197369
_4430_,VDD,Metal1,309.9360,41.2230,1.198857
_4429_,VDD,Metal1,307.3020,41.4150,1.198858
_4428_,VDD,Metal1,142.6620,185.0550,1.199779
_4427_,VDD,Metal1,144.6950,177.9950,1.199849
_4426_,VDD,Metal1,153.1310,199.9630,1.199883
_4425_,VDD,Metal1,107.5310,237.7630,1.199829
_4424_,VDD,Metal1,26.8680,199.9630,1.199972
_4423_,VDD,Metal1,72.0110,215.0830,1.199471
_4422_,VDD,Metal1,52.3080,276.3160,1.199907
_4421_,VDD,Metal1,74.3880,283.1230,1.196924
_4420_,VDD,Metal1,74.4110,261.1960,1.199831
_4419_,VDD,Metal1,102.7080,268.0030,1.199638
_4418_,VDD,Metal1,136.8110,283.1230,1.199580
_4417_,VDD,Metal1,55.6680,193.1560,1.199749
_4416_,VDD,Metal1,140.1710,268.0030,1.199704
_4415_,VDD,Metal1,29.1360,268.7360,1.199856
_4414_,VDD,Metal1,31.2000,268.8730,1.199072
_4413_,VDD,Metal1,144.4910,222.6430,1.198330
_4412_,VDD,Metal1,34.5480,230.9560,1.199855
_4411_,VDD,Metal1,153.6110,162.9160,1.199654
_4410_,VDD,Metal1,101.2910,147.7960,1.199932
_4409_,VDD,Metal1,154.0910,139.4830,1.199898
_4408_,VDD,Metal1,40.3310,154.6030,1.197240
_4407_,VDD,Metal1,42.2280,139.4830,1.198152
_4406_,VDD,Metal1,88.8110,125.1160,1.199784
_4405_,VDD,Metal1,43.6910,94.1230,1.199813
_4404_,VDD,Metal1,37.4510,72.1960,1.199961
_4403_,VDD,Metal1,64.7880,86.5630,1.199181
_4402_,VDD,Metal1,161.7480,64.6360,1.199904
_4401_,VDD,Metal1,137.7480,94.1230,1.199602
_4400_,VDD,Metal1,53.2680,57.0760,1.199863
_4399_,VDD,Metal1,164.1710,49.5160,1.199918
_4398_,VDD,Metal1,93.1080,34.3960,1.199936
_4397_,VDD,Metal1,32.6280,57.0760,1.199947
_4396_,VDD,Metal1,167.5310,34.3960,1.199941
_4395_,VDD,Metal1,155.5080,26.8360,1.199096
_4394_,VDD,Metal1,142.5060,109.9860,1.199481
_4393_,VDD,Metal1,95.5080,185.5960,1.199890
_4392_,VDD,Metal1,102.7080,199.9630,1.199659
_4391_,VDD,Metal1,96.9480,223.3960,1.199801
_4390_,VDD,Metal1,14.3880,207.5230,1.199938
_4389_,VDD,Metal1,74.4110,222.6430,1.199772
_4388_,VDD,Metal1,41.7480,298.9960,1.199849
_4387_,VDD,Metal1,80.1480,298.9960,1.199692
_4386_,VDD,Metal1,60.4680,268.0030,1.199073
_4385_,VDD,Metal1,101.2680,298.2430,1.199893
_4384_,VDD,Metal1,132.0110,298.2430,1.199856
_4383_,VDD,Metal1,47.9880,192.4030,1.199764
_4382_,VDD,Metal1,125.7480,268.0030,1.199630
_4381_,VDD,Metal1,12.8160,305.8230,1.199933
_4380_,VDD,Metal1,16.3200,305.6860,1.199933
_4379_,VDD,Metal1,119.5080,223.3960,1.198402
_4378_,VDD,Metal1,14.8680,253.6360,1.199974
_4377_,VDD,Metal1,129.5880,147.7960,1.199913
_4376_,VDD,Metal1,90.7310,162.9160,1.199925
_4375_,VDD,Metal1,113.2680,131.9230,1.199648
_4374_,VDD,Metal1,14.8680,147.7960,1.199944
_4373_,VDD,Metal1,10.5480,117.5560,1.199890
_4372_,VDD,Metal1,67.1880,117.5560,1.199571
_4371_,VDD,Metal1,47.9880,94.8760,1.199771
_4370_,VDD,Metal1,13.4280,79.0030,1.199935
_4369_,VDD,Metal1,69.5880,94.8760,1.199752
_4368_,VDD,Metal1,131.5080,79.0030,1.198721
_4367_,VDD,Metal1,115.6910,109.9960,1.199527
_4366_,VDD,Metal1,46.0910,26.8360,1.199668
_4365_,VDD,Metal1,112.8110,26.0830,1.199625
_4364_,VDD,Metal1,92.1480,26.8360,1.199730
_4363_,VDD,Metal1,27.3480,33.6430,1.199662
_4362_,VDD,Metal1,69.5880,18.5230,1.199387
_4361_,VDD,Metal1,133.9080,19.2760,1.199155
_4360_,VDD,Metal1,139.6260,109.9860,1.199471
_4359_,VDD,Metal1,131.0280,178.0360,1.199863
_4358_,VDD,Metal1,117.1310,200.7160,1.199657
_4357_,VDD,Metal1,88.3080,245.3230,1.199918
_4356_,VDD,Metal1,27.7370,222.8550,1.199576
_4355_,VDD,Metal1,25.2250,222.6850,1.199575
_4354_,VDD,Metal1,50.2970,215.6250,1.199771
_4353_,VDD,Metal1,51.0950,223.3550,1.199552
_4352_,VDD,Metal1,40.4220,283.6650,1.197004
_4351_,VDD,Metal1,42.9350,283.8350,1.196945
_4350_,VDD,Metal1,69.1080,283.8760,1.196912
_4349_,VDD,Metal1,50.2970,253.4250,1.199724
_4348_,VDD,Metal1,48.2150,253.5950,1.199724
_4347_,VDD,Metal1,94.9370,290.8950,1.199948
_4346_,VDD,Metal1,92.4250,290.7250,1.199943
_4345_,VDD,Metal1,121.4510,283.8760,1.199590
_4344_,VDD,Metal1,47.0280,177.2830,1.199789
_4343_,VDD,Metal1,123.8280,260.4430,1.199700
_4342_,VDD,Metal1,13.7760,275.5830,1.199946
_4341_,VDD,Metal1,16.8000,275.4460,1.199954
_4340_,VDD,Metal1,143.0510,230.9560,1.199244
_4339_,VDD,Metal1,31.0970,260.6550,1.199573
_4338_,VDD,Metal1,28.5850,260.4850,1.199573
_4337_,VDD,Metal1,117.1080,155.3560,1.199581
_4336_,VDD,Metal1,81.4970,147.2550,1.199929
_4335_,VDD,Metal1,81.8150,154.6450,1.197411
_4334_,VDD,Metal1,137.7480,124.3630,1.198212
_4333_,VDD,Metal1,15.3480,162.9160,1.199937
_4332_,VDD,Metal1,16.7880,140.2360,1.199930
_4331_,VDD,Metal1,60.9480,125.1160,1.199583
_4330_,VDD,Metal1,54.2510,109.9960,1.199567
_4329_,VDD,Metal1,19.6680,72.1960,1.199968
_4328_,VDD,Metal1,83.5310,94.1230,1.199900
_4327_,VDD,Metal1,130.5480,63.8830,1.199819
_4326_,VDD,Metal1,105.1080,87.3160,1.199786
_4325_,VDD,Metal1,51.3480,33.6430,1.199622
_4324_,VDD,Metal1,112.3080,33.6430,1.199833
_4323_,VDD,Metal1,88.7880,63.8830,1.199784
_4322_,VDD,Metal1,23.0280,26.8360,1.199678
_4321_,VDD,Metal1,69.1080,26.8360,1.199642
_4320_,VDD,Metal1,145.4510,26.0830,1.199078
_4319_,VDD,Metal1,141.2700,117.4600,1.199873
_4318_,VDD,Metal1,149.0150,116.8450,1.199882
_4317_,VDD,Metal1,91.6910,184.8430,1.199806
_4316_,VDD,Metal1,99.3480,208.2760,1.199653
_4315_,VDD,Metal1,92.1710,223.3960,1.199868
_4314_,VDD,Metal1,14.8680,215.8360,1.199938
_4313_,VDD,Metal1,59.0510,230.9560,1.199641
_4312_,VDD,Metal1,43.1880,306.5560,1.199797
_4311_,VDD,Metal1,77.2680,313.3630,1.199307
_4310_,VDD,Metal1,49.9080,261.1960,1.199570
_4309_,VDD,Metal1,91.6910,314.1160,1.199347
_4308_,VDD,Metal1,120.4910,306.5560,1.199698
_4307_,VDD,Metal1,68.1710,185.5960,1.198408
_4306_,VDD,Metal1,120.4680,275.5630,1.199642
_4305_,VDD,Metal1,12.3360,283.1430,1.199954
_4304_,VDD,Metal1,15.8400,290.5660,1.199964
_4303_,VDD,Metal1,131.5080,215.8360,1.199593
_4302_,VDD,Metal1,8.1710,260.4430,1.199941
_4301_,VDD,Metal1,116.6280,170.4760,1.199561
_4300_,VDD,Metal1,80.1480,170.4760,1.199805
_4299_,VDD,Metal1,123.3480,124.3630,1.198731
_4298_,VDD,Metal1,14.8680,162.1630,1.199937
_4297_,VDD,Metal1,15.3480,117.5560,1.199892
_4296_,VDD,Metal1,72.9710,117.5560,1.199578
_4295_,VDD,Metal1,39.3480,116.8030,1.199568
_4294_,VDD,Metal1,13.4280,94.8760,1.199944
_4293_,VDD,Metal1,65.7480,87.3160,1.199181
_4292_,VDD,Metal1,121.4280,79.0030,1.198744
_4291_,VDD,Metal1,119.5310,109.2430,1.199452
_4290_,VDD,Metal1,42.2280,33.6430,1.199648
_4289_,VDD,Metal1,113.2680,49.5160,1.199740
_4288_,VDD,Metal1,90.2280,48.7630,1.199932
_4287_,VDD,Metal1,14.8680,33.6430,1.199910
_4286_,VDD,Metal1,68.6280,57.0760,1.199837
_4285_,VDD,Metal1,133.9080,34.3960,1.199608
_4284_,VDD,Metal1,139.8530,116.7920,1.199872
_4283_,VDD,Metal1,86.2560,184.8630,1.198411
_4282_,VDD,Metal1,88.8000,192.2860,1.199980
_4281_,VDD,Metal1,90.0960,199.9830,1.199843
_4280_,VDD,Metal1,93.1200,199.8460,1.199896
_4279_,VDD,Metal1,84.8160,230.9360,1.199669
_4278_,VDD,Metal1,86.8800,231.0730,1.199679
_4277_,VDD,Metal1,12.3360,193.1360,1.199942
_4276_,VDD,Metal1,10.0800,193.2730,1.199942
_4275_,VDD,Metal1,53.1360,223.3760,1.199552
_4274_,VDD,Metal1,53.2800,231.0730,1.199643
_4273_,VDD,Metal1,52.7880,298.9960,1.199787
_4272_,VDD,Metal1,69.1080,298.2430,1.199665
_4271_,VDD,Metal1,52.1760,246.0560,1.199826
_4270_,VDD,Metal1,54.2400,246.1930,1.199826
_4269_,VDD,Metal1,90.5760,268.7360,1.199865
_4268_,VDD,Metal1,94.0800,276.4330,1.199938
_4267_,VDD,Metal1,116.6280,290.6830,1.199566
_4266_,VDD,Metal1,66.7310,178.0360,1.199784
_4265_,VDD,Metal1,116.6280,246.0760,1.199944
_4264_,VDD,Metal1,13.3370,291.2250,1.199959
_4263_,VDD,Metal1,16.5350,291.3950,1.199964
_4262_,VDD,Metal1,116.0160,223.3760,1.198402
_4261_,VDD,Metal1,111.8400,222.5260,1.198928
_4260_,VDD,Metal1,14.2560,230.2230,1.199917
_4259_,VDD,Metal1,15.3600,237.6460,1.199975
_4258_,VDD,Metal1,115.6680,162.1630,1.199813
_4257_,VDD,Metal1,73.4280,147.7960,1.199924
_4256_,VDD,Metal1,118.8960,139.5030,1.199803
_4255_,VDD,Metal1,116.6400,139.3660,1.199814
_4254_,VDD,Metal1,12.3360,177.3030,1.199952
_4253_,VDD,Metal1,10.0800,177.1660,1.199952
_4252_,VDD,Metal1,15.3480,124.3630,1.199966
_4251_,VDD,Metal1,64.7880,147.0430,1.199923
_4250_,VDD,Metal1,32.0160,102.4160,1.199620
_4249_,VDD,Metal1,33.6000,110.1130,1.199729
_4248_,VDD,Metal1,12.9480,71.4430,1.199958
_4247_,VDD,Metal1,80.1480,72.1960,1.199876
_4246_,VDD,Metal1,120.9480,63.8830,1.199735
_4245_,VDD,Metal1,104.6280,101.6830,1.199920
_4244_,VDD,Metal1,43.1880,41.9560,1.199487
_4243_,VDD,Metal1,123.8510,49.5160,1.199520
_4242_,VDD,Metal1,100.7880,63.8830,1.199876
_4241_,VDD,Metal1,14.3880,41.2030,1.199970
_4240_,VDD,Metal1,73.4280,56.3230,1.199840
_4239_,VDD,Metal1,138.2510,49.5160,1.199780
_4238_,VDD,Metal1,136.6920,116.8410,1.199866
_4237_,VDD,Metal1,117.1080,192.4030,1.199947
_4236_,VDD,Metal1,138.7080,199.9630,1.199807
_4235_,VDD,Metal1,96.4680,252.8830,1.199916
_4234_,VDD,Metal1,34.8960,185.5760,1.198586
_4233_,VDD,Metal1,35.0400,193.2730,1.199883
_4232_,VDD,Metal1,68.0160,207.5430,1.199390
_4231_,VDD,Metal1,70.0800,207.4060,1.199391
_4230_,VDD,Metal1,55.1880,314.1160,1.199279
_4229_,VDD,Metal1,78.2280,306.5560,1.199186
_4228_,VDD,Metal1,61.4280,246.0760,1.199833
_4227_,VDD,Metal1,99.3480,313.3630,1.199740
_4226_,VDD,Metal1,112.3310,314.1160,1.199542
_4225_,VDD,Metal1,49.2960,162.8960,1.199635
_4224_,VDD,Metal1,45.6000,169.6060,1.199489
_4223_,VDD,Metal1,141.6110,253.6360,1.199839
_4222_,VDD,Metal1,26.2970,298.7850,1.199911
_4221_,VDD,Metal1,28.5350,298.9550,1.199881
_4220_,VDD,Metal1,125.7480,237.7630,1.199777
_4219_,VDD,Metal1,170.8780,238.5600,1.199958
_4218_,VDD,Metal1,173.6570,238.3050,1.199955
_4217_,VDD,Metal1,176.0160,238.4960,1.199936
_4216_,VDD,Metal1,173.8620,245.8650,1.199887
_4215_,VDD,Metal1,255.8320,199.9480,1.199326
_4214_,VDD,Metal1,249.7020,192.6150,1.199923
_4213_,VDD,Metal1,252.4550,200.0050,1.199868
_4212_,VDD,Metal1,253.1030,200.6960,1.199868
_4211_,VDD,Metal1,250.5610,200.7600,1.199872
_4210_,VDD,Metal1,250.4160,199.9830,1.199872
_4209_,VDD,Metal1,243.8380,199.9200,1.199760
_4208_,VDD,Metal1,254.6650,193.1150,1.199894
_4207_,VDD,Metal1,252.2150,193.1150,1.199895
_4206_,VDD,Metal1,252.9960,192.3800,1.199895
_4205_,VDD,Metal1,250.6620,185.3850,1.199656
_4204_,VDD,Metal1,253.9200,184.7260,1.199656
_4203_,VDD,Metal1,264.4260,199.9730,1.198393
_4202_,VDD,Metal1,267.1580,199.9400,1.198390
_4201_,VDD,Metal1,269.8130,199.9730,1.198096
_4200_,VDD,Metal1,268.1760,193.1360,1.199766
_4199_,VDD,Metal1,270.1370,200.5050,1.198096
_4198_,VDD,Metal1,273.1200,207.4060,1.189557
_4197_,VDD,Metal1,21.1080,238.5160,1.199967
_4196_,VDD,Metal1,175.1980,261.2400,1.199871
_4195_,VDD,Metal1,177.9770,260.9850,1.199869
_4194_,VDD,Metal1,182.6780,261.2190,1.199691
_4193_,VDD,Metal1,183.2160,268.0230,1.199784
_4192_,VDD,Metal1,272.6650,177.3250,1.192033
_4191_,VDD,Metal1,252.2010,178.0590,1.199855
_4190_,VDD,Metal1,250.7030,177.3030,1.199855
_4189_,VDD,Metal1,282.3830,177.3030,1.191982
_4188_,VDD,Metal1,285.4000,170.3850,1.198991
_4187_,VDD,Metal1,286.2230,169.7430,1.198991
_4186_,VDD,Metal1,287.2400,162.8250,1.198531
_4185_,VDD,Metal1,285.2270,154.6410,1.190954
_4184_,VDD,Metal1,251.0760,184.8200,1.199656
_4183_,VDD,Metal1,245.7600,178.1530,1.199952
_4182_,VDD,Metal1,248.0570,177.8250,1.199950
_4181_,VDD,Metal1,272.2620,170.2650,1.199372
_4180_,VDD,Metal1,277.3370,177.4950,1.192028
_4179_,VDD,Metal1,140.6510,155.3560,1.199584
_4178_,VDD,Metal1,275.0410,154.5600,1.191824
_4177_,VDD,Metal1,277.8170,154.8150,1.191713
_4176_,VDD,Metal1,272.3030,154.6230,1.191824
_4175_,VDD,Metal1,282.6170,154.8150,1.191704
_4174_,VDD,Metal1,267.3670,162.1480,1.198565
_4173_,VDD,Metal1,270.0960,169.7430,1.199458
_4172_,VDD,Metal1,272.9050,169.7650,1.199346
_4171_,VDD,Metal1,277.7760,170.4560,1.199223
_4170_,VDD,Metal1,269.3100,170.4330,1.199462
_4169_,VDD,Metal1,269.6160,177.3030,1.192625
_4168_,VDD,Metal1,255.8150,162.2050,1.199542
_4167_,VDD,Metal1,253.7050,155.3150,1.199740
_4166_,VDD,Metal1,259.5360,162.8960,1.199474
_4165_,VDD,Metal1,260.4400,162.2540,1.199466
_4164_,VDD,Metal1,255.5030,162.8960,1.199542
_4163_,VDD,Metal1,252.9580,162.9600,1.199704
_4162_,VDD,Metal1,262.8250,155.3150,1.192363
_4161_,VDD,Metal1,261.1200,155.4730,1.192369
_4160_,VDD,Metal1,249.0830,162.1400,1.199908
_4159_,VDD,Metal1,252.2150,155.3150,1.199850
_4158_,VDD,Metal1,249.0830,155.3790,1.199883
_4157_,VDD,Metal1,271.5300,162.8200,1.198555
_4156_,VDD,Metal1,275.3760,170.4560,1.199223
_4155_,VDD,Metal1,274.8960,177.3030,1.192028
_4154_,VDD,Metal1,268.6970,192.6150,1.199766
_4153_,VDD,Metal1,280.1760,170.4560,1.199217
_4152_,VDD,Metal1,279.0950,169.7650,1.199217
_4151_,VDD,Metal1,275.4170,207.7350,1.189553
_4150_,VDD,Metal1,94.5480,147.7960,1.199943
_4149_,VDD,Metal1,164.6380,154.5600,1.199876
_4148_,VDD,Metal1,165.9770,155.1450,1.199876
_4147_,VDD,Metal1,177.4560,169.7430,1.199894
_4146_,VDD,Metal1,179.6220,253.4250,1.199649
_4145_,VDD,Metal1,219.5330,169.7120,1.199786
_4144_,VDD,Metal1,229.6400,169.8140,1.199891
_4143_,VDD,Metal1,232.8360,162.9390,1.199633
_4142_,VDD,Metal1,225.9360,162.8960,1.199611
_4141_,VDD,Metal1,194.5020,162.3750,1.198431
_4140_,VDD,Metal1,197.6160,155.3360,1.199752
_4139_,VDD,Metal1,200.0570,155.1450,1.199625
_4138_,VDD,Metal1,202.4570,155.1450,1.199621
_4137_,VDD,Metal1,200.0160,162.1830,1.198431
_4136_,VDD,Metal1,197.2810,162.1200,1.198431
_4135_,VDD,Metal1,231.9900,169.8200,1.199894
_4134_,VDD,Metal1,234.5760,169.7430,1.199896
_4133_,VDD,Metal1,215.4660,162.9060,1.199544
_4132_,VDD,Metal1,216.0050,169.8280,1.199769
_4131_,VDD,Metal1,209.6520,169.7610,1.199766
_4130_,VDD,Metal1,212.9100,169.7700,1.199765
_4129_,VDD,Metal1,137.2680,139.4830,1.199827
_4128_,VDD,Metal1,154.0810,124.3200,1.197958
_4127_,VDD,Metal1,154.9370,117.3450,1.199887
_4126_,VDD,Metal1,218.0630,154.6230,1.199573
_4125_,VDD,Metal1,280.2170,154.8150,1.191713
_4124_,VDD,Metal1,213.2630,147.7760,1.199801
_4123_,VDD,Metal1,215.0150,154.6450,1.199566
_4122_,VDD,Metal1,227.8560,155.3360,1.199589
_4121_,VDD,Metal1,230.4010,155.4000,1.199589
_4120_,VDD,Metal1,211.8230,147.0630,1.199798
_4119_,VDD,Metal1,210.9200,140.1450,1.199462
_4118_,VDD,Metal1,215.1830,147.0630,1.199802
_4117_,VDD,Metal1,217.4380,147.8400,1.199804
_4116_,VDD,Metal1,208.1050,132.6350,1.199873
_4115_,VDD,Metal1,228.9960,162.9390,1.199615
_4114_,VDD,Metal1,233.7960,155.3790,1.199901
_4113_,VDD,Metal1,191.0350,147.6910,1.199808
_4112_,VDD,Metal1,210.8270,155.3180,1.199565
_4111_,VDD,Metal1,213.2270,155.3180,1.199565
_4110_,VDD,Metal1,211.4100,154.6500,1.199565
_4109_,VDD,Metal1,208.6970,154.8150,1.199566
_4108_,VDD,Metal1,32.6280,162.9160,1.199819
_4107_,VDD,Metal1,175.1980,139.4400,1.199906
_4106_,VDD,Metal1,175.5770,132.4650,1.199949
_4105_,VDD,Metal1,226.8960,132.6560,1.199860
_4104_,VDD,Metal1,269.1770,132.4650,1.199659
_4103_,VDD,Metal1,228.9670,140.2510,1.199559
_4102_,VDD,Metal1,232.5350,147.0850,1.199894
_4101_,VDD,Metal1,235.7820,140.0250,1.199635
_4100_,VDD,Metal1,234.0250,147.0850,1.199904
_4099_,VDD,Metal1,244.3270,140.2510,1.199951
_4098_,VDD,Metal1,241.9180,139.4400,1.199948
_4097_,VDD,Metal1,247.9600,140.1450,1.199953
_4096_,VDD,Metal1,251.7350,140.1950,1.199941
_4095_,VDD,Metal1,246.2400,139.3660,1.199958
_4094_,VDD,Metal1,241.5830,140.2160,1.199948
_4093_,VDD,Metal1,237.6360,147.0200,1.199933
_4092_,VDD,Metal1,233.1720,147.7580,1.199894
_4091_,VDD,Metal1,234.6170,154.8150,1.199901
_4090_,VDD,Metal1,229.2960,139.5030,1.199561
_4089_,VDD,Metal1,231.7370,139.6950,1.199631
_4088_,VDD,Metal1,222.5460,139.4720,1.199477
_4087_,VDD,Metal1,191.8920,139.5210,1.198918
_4086_,VDD,Metal1,29.7480,140.2360,1.198955
_4085_,VDD,Metal1,168.4810,117.6000,1.199955
_4084_,VDD,Metal1,171.2570,117.3450,1.199958
_4083_,VDD,Metal1,258.0380,124.3400,1.199529
_4082_,VDD,Metal1,262.8960,125.0960,1.199333
_4081_,VDD,Metal1,255.7320,131.9610,1.199761
_4080_,VDD,Metal1,255.4620,132.4650,1.199761
_4079_,VDD,Metal1,253.1030,132.6560,1.199950
_4078_,VDD,Metal1,238.7610,139.4600,1.199724
_4077_,VDD,Metal1,217.5420,147.2550,1.199804
_4076_,VDD,Metal1,212.7830,162.8960,1.199542
_4075_,VDD,Metal1,254.7300,124.4600,1.199757
_4074_,VDD,Metal1,251.9980,117.6000,1.199886
_4073_,VDD,Metal1,254.7360,117.5360,1.199883
_4072_,VDD,Metal1,251.7200,124.4540,1.199898
_4071_,VDD,Metal1,244.8530,125.1060,1.199957
_4070_,VDD,Metal1,241.9180,125.1600,1.199945
_4069_,VDD,Metal1,244.8010,124.3200,1.199957
_4068_,VDD,Metal1,242.8800,131.8060,1.199956
_4067_,VDD,Metal1,248.1600,116.6860,1.199900
_4066_,VDD,Metal1,246.8630,109.9760,1.199972
_4065_,VDD,Metal1,245.2430,117.5790,1.199947
_4064_,VDD,Metal1,253.5420,132.1350,1.199950
_4063_,VDD,Metal1,250.7030,132.6560,1.199953
_4062_,VDD,Metal1,228.9900,132.6330,1.199888
_4061_,VDD,Metal1,194.5430,139.5030,1.198918
_4060_,VDD,Metal1,61.4280,132.6760,1.199674
_4059_,VDD,Metal1,179.9980,117.6000,1.198250
_4058_,VDD,Metal1,177.2220,124.5750,1.199947
_4057_,VDD,Metal1,221.6160,124.3830,1.199894
_4056_,VDD,Metal1,265.8170,117.3450,1.199531
_4055_,VDD,Metal1,221.4810,117.5790,1.198278
_4054_,VDD,Metal1,225.5460,117.5460,1.198313
_4053_,VDD,Metal1,230.2970,117.3450,1.198966
_4052_,VDD,Metal1,227.8560,117.5360,1.198965
_4051_,VDD,Metal1,201.9720,116.8410,1.198254
_4050_,VDD,Metal1,198.5760,117.5360,1.198247
_4049_,VDD,Metal1,204.8570,117.0150,1.198257
_4048_,VDD,Metal1,202.7750,109.9550,1.199894
_4047_,VDD,Metal1,203.8560,117.5360,1.198257
_4046_,VDD,Metal1,201.1180,117.6000,1.198254
_4045_,VDD,Metal1,200.3750,124.4050,1.199861
_4044_,VDD,Metal1,235.7160,117.5790,1.198994
_4043_,VDD,Metal1,231.3060,116.8130,1.198971
_4042_,VDD,Metal1,234.0380,116.7800,1.198990
_4041_,VDD,Metal1,218.4300,117.5130,1.198264
_4040_,VDD,Metal1,217.0130,124.3730,1.199892
_4039_,VDD,Metal1,189.7430,117.5360,1.198243
_4038_,VDD,Metal1,188.7420,124.5750,1.199851
_4037_,VDD,Metal1,44.1480,116.8030,1.199567
_4036_,VDD,Metal1,152.6410,102.4800,1.199524
_4035_,VDD,Metal1,155.4170,102.2250,1.199527
_4034_,VDD,Metal1,226.2230,109.2630,1.199892
_4033_,VDD,Metal1,256.6970,109.4550,1.199944
_4032_,VDD,Metal1,221.6350,109.3150,1.199838
_4031_,VDD,Metal1,223.8230,109.2630,1.199838
_4030_,VDD,Metal1,216.7210,109.2860,1.199838
_4029_,VDD,Metal1,213.6000,109.1260,1.199842
_4028_,VDD,Metal1,232.5200,109.3340,1.199900
_4027_,VDD,Metal1,235.7160,109.2200,1.199902
_4026_,VDD,Metal1,230.2560,102.4160,1.199383
_4025_,VDD,Metal1,208.9070,102.3980,1.199344
_4024_,VDD,Metal1,202.5600,101.5660,1.199111
_4023_,VDD,Metal1,198.2410,102.4800,1.198990
_4022_,VDD,Metal1,207.9830,109.2630,1.199876
_4021_,VDD,Metal1,208.7980,101.6400,1.199344
_4020_,VDD,Metal1,210.4550,109.2850,1.199854
_4019_,VDD,Metal1,202.6130,102.4260,1.199111
_4018_,VDD,Metal1,246.2760,102.4590,1.199966
_4017_,VDD,Metal1,188.5320,109.2810,1.199908
_4016_,VDD,Metal1,191.0400,109.1260,1.199908
_4015_,VDD,Metal1,188.0570,109.7850,1.199908
_4014_,VDD,Metal1,185.0010,110.0190,1.199910
_4013_,VDD,Metal1,21.5880,94.8760,1.199900
_4012_,VDD,Metal1,156.9610,72.2400,1.199886
_4011_,VDD,Metal1,159.7370,71.9850,1.199899
_4010_,VDD,Metal1,235.5360,79.0230,1.199414
_4009_,VDD,Metal1,272.5370,79.2150,1.199565
_4008_,VDD,Metal1,231.3670,94.1080,1.199873
_4007_,VDD,Metal1,232.6970,101.8950,1.199391
_4006_,VDD,Metal1,236.9180,94.8990,1.199904
_4005_,VDD,Metal1,238.4160,94.1430,1.199904
_4004_,VDD,Metal1,239.8500,94.7800,1.199904
_4003_,VDD,Metal1,233.4530,94.8870,1.199884
_4002_,VDD,Metal1,230.6000,94.7850,1.199873
_4001_,VDD,Metal1,225.8000,87.2250,1.199745
_4000_,VDD,Metal1,207.9830,86.5830,1.199717
_3999_,VDD,Metal1,223.4150,94.8350,1.199862
_3998_,VDD,Metal1,205.5830,86.5830,1.199717
_3997_,VDD,Metal1,233.9750,94.1650,1.199884
_3996_,VDD,Metal1,246.2400,101.5660,1.199966
_3995_,VDD,Metal1,249.4560,102.4160,1.199957
_3994_,VDD,Metal1,226.5600,94.9930,1.199871
_3993_,VDD,Metal1,219.8030,94.8990,1.199851
_3992_,VDD,Metal1,193.0130,94.8660,1.199783
_3991_,VDD,Metal1,190.5550,94.7710,1.199779
_3990_,VDD,Metal1,81.1080,102.4360,1.199619
_3989_,VDD,Metal1,163.6780,78.9600,1.199896
_3988_,VDD,Metal1,166.4570,79.2150,1.199940
_3987_,VDD,Metal1,260.4960,79.0230,1.199662
_3986_,VDD,Metal1,265.8170,79.5450,1.199565
_3985_,VDD,Metal1,216.0530,79.7460,1.199394
_3984_,VDD,Metal1,212.2130,87.3060,1.199722
_3983_,VDD,Metal1,214.0260,86.5730,1.199728
_3982_,VDD,Metal1,210.9980,86.5400,1.199720
_3981_,VDD,Metal1,214.2300,94.2200,1.199838
_3980_,VDD,Metal1,213.2630,102.4160,1.199347
_3979_,VDD,Metal1,214.3580,124.3400,1.199885
_3978_,VDD,Metal1,217.4650,79.0450,1.199395
_3977_,VDD,Metal1,226.5600,86.4460,1.199745
_3976_,VDD,Metal1,236.1060,79.7460,1.199415
_3975_,VDD,Metal1,238.4160,87.2960,1.199913
_3974_,VDD,Metal1,238.0260,116.8130,1.199001
_3973_,VDD,Metal1,238.1050,154.6450,1.199904
_3972_,VDD,Metal1,236.8550,155.3150,1.199902
_3971_,VDD,Metal1,225.1200,79.8730,1.199400
_3970_,VDD,Metal1,210.8630,79.7360,1.199667
_3969_,VDD,Metal1,213.5980,79.8000,1.199449
_3968_,VDD,Metal1,209.3900,87.2710,1.199718
_3967_,VDD,Metal1,203.2400,79.6650,1.199669
_3966_,VDD,Metal1,199.4650,79.7150,1.199674
_3965_,VDD,Metal1,201.0170,79.2150,1.199674
_3964_,VDD,Metal1,221.9750,79.7150,1.199398
_3963_,VDD,Metal1,228.0360,79.7790,1.199401
_3962_,VDD,Metal1,190.6130,79.0130,1.199691
_3961_,VDD,Metal1,183.8930,86.5730,1.199911
_3960_,VDD,Metal1,189.3210,86.5400,1.199856
_3959_,VDD,Metal1,187.5360,94.8560,1.199779
_3958_,VDD,Metal1,190.4100,109.8710,1.199908
_3957_,VDD,Metal1,192.2780,132.6990,1.199886
_3956_,VDD,Metal1,198.9200,147.7050,1.199795
_3955_,VDD,Metal1,210.6170,162.7050,1.199465
_3954_,VDD,Metal1,144.0110,64.6360,1.199839
_3953_,VDD,Metal1,175.6810,63.8400,1.199883
_3952_,VDD,Metal1,176.5370,64.4250,1.199883
_3951_,VDD,Metal1,189.9360,63.9030,1.199214
_3950_,VDD,Metal1,193.3370,41.7450,1.199947
_3949_,VDD,Metal1,217.7950,63.9550,1.198999
_3948_,VDD,Metal1,209.9030,64.6160,1.198953
_3947_,VDD,Metal1,203.1830,63.9030,1.198983
_3946_,VDD,Metal1,200.7420,64.0950,1.198983
_3945_,VDD,Metal1,208.7630,63.8600,1.198954
_3944_,VDD,Metal1,224.4960,64.6160,1.199159
_3943_,VDD,Metal1,226.2800,71.5340,1.199943
_3942_,VDD,Metal1,233.3160,72.2190,1.199954
_3941_,VDD,Metal1,218.8720,64.6510,1.198999
_3940_,VDD,Metal1,202.0810,64.6800,1.198983
_3939_,VDD,Metal1,215.9980,64.6800,1.198998
_3938_,VDD,Metal1,213.6000,64.7530,1.198954
_3937_,VDD,Metal1,204.8160,64.6160,1.198954
_3936_,VDD,Metal1,216.9600,71.3260,1.199929
_3935_,VDD,Metal1,229.5900,64.5400,1.199367
_3934_,VDD,Metal1,232.1760,64.6160,1.199367
_3933_,VDD,Metal1,104.9760,109.9760,1.199875
_3932_,VDD,Metal1,102.7200,110.1130,1.199906
_3931_,VDD,Metal1,172.8010,64.6800,1.199904
_3930_,VDD,Metal1,174.1370,71.6550,1.199973
_3929_,VDD,Metal1,178.4160,63.9030,1.199783
_3928_,VDD,Metal1,177.0170,56.5350,1.199898
_3927_,VDD,Metal1,208.3270,56.3080,1.199792
_3926_,VDD,Metal1,230.6000,56.9850,1.199812
_3925_,VDD,Metal1,199.5060,56.3120,1.199794
_3924_,VDD,Metal1,192.5820,56.8650,1.199824
_3923_,VDD,Metal1,194.2500,49.4200,1.199685
_3922_,VDD,Metal1,196.6970,56.8650,1.199801
_3921_,VDD,Metal1,226.8250,57.0350,1.199808
_3920_,VDD,Metal1,235.7160,63.8600,1.199368
_3919_,VDD,Metal1,204.8520,49.4780,1.199770
_3918_,VDD,Metal1,213.4560,56.3430,1.199797
_3917_,VDD,Metal1,212.1610,57.1200,1.199797
_3916_,VDD,Metal1,209.9750,49.4750,1.199772
_3915_,VDD,Metal1,201.9360,48.7830,1.199769
_3914_,VDD,Metal1,199.2010,48.7200,1.199705
_3913_,VDD,Metal1,229.9560,63.8600,1.199367
_3912_,VDD,Metal1,211.0560,56.3430,1.199797
_3911_,VDD,Metal1,207.4620,49.3050,1.199771
_3910_,VDD,Metal1,205.8170,56.5350,1.199792
_3909_,VDD,Metal1,48.4680,57.0760,1.199867
_3908_,VDD,Metal1,171.1580,19.2990,1.199969
_3907_,VDD,Metal1,214.9370,26.6250,1.199446
_3906_,VDD,Metal1,212.9760,33.6630,1.199840
_3905_,VDD,Metal1,244.9070,26.7980,1.199912
_3904_,VDD,Metal1,245.6160,48.7830,1.199965
_3903_,VDD,Metal1,245.4800,49.4250,1.199965
_3902_,VDD,Metal1,244.8360,56.3000,1.199980
_3901_,VDD,Metal1,241.9730,41.9460,1.199903
_3900_,VDD,Metal1,238.1820,41.4150,1.199901
_3899_,VDD,Metal1,236.7830,41.9360,1.199898
_3898_,VDD,Metal1,239.9980,49.5600,1.199881
_3897_,VDD,Metal1,239.5210,42.0000,1.199901
_3896_,VDD,Metal1,240.4800,41.0860,1.199902
_3895_,VDD,Metal1,248.6760,56.3000,1.199977
_3894_,VDD,Metal1,245.4950,19.2350,1.199947
_3893_,VDD,Metal1,241.3320,26.1210,1.199871
_3892_,VDD,Metal1,246.8220,26.6250,1.199916
_3891_,VDD,Metal1,111.8280,41.2030,1.199746
_3890_,VDD,Metal1,201.7430,26.8160,1.199421
_3889_,VDD,Metal1,204.0000,19.3930,1.199605
_3888_,VDD,Metal1,209.6160,33.6630,1.199854
_3887_,VDD,Metal1,199.4150,26.7950,1.199421
_3886_,VDD,Metal1,254.3920,34.4110,1.199959
_3885_,VDD,Metal1,252.5870,49.4780,1.199666
_3884_,VDD,Metal1,252.0530,48.7730,1.199666
_3883_,VDD,Metal1,251.0380,42.0000,1.199914
_3882_,VDD,Metal1,249.5980,48.7200,1.199855
_3881_,VDD,Metal1,227.6630,48.7830,1.199804
_3880_,VDD,Metal1,226.2230,49.4960,1.199788
_3879_,VDD,Metal1,225.0120,48.8010,1.199788
_3878_,VDD,Metal1,252.1070,56.3610,1.199972
_3877_,VDD,Metal1,247.7820,49.3050,1.199872
_3876_,VDD,Metal1,253.2250,57.0350,1.199965
_3875_,VDD,Metal1,255.3600,57.1930,1.199964
_3874_,VDD,Metal1,254.2750,63.9550,1.199774
_3873_,VDD,Metal1,251.6220,64.0950,1.199916
_3872_,VDD,Metal1,252.6230,26.8160,1.199641
_3871_,VDD,Metal1,248.7900,26.2080,1.199788
_3870_,VDD,Metal1,246.3830,26.1030,1.199917
_3869_,VDD,Metal1,251.1420,26.2950,1.199788
_3868_,VDD,Metal1,255.2350,26.7650,1.199641
_3867_,VDD,Metal1,250.0780,26.8800,1.199788
_3866_,VDD,Metal1,247.2000,19.3930,1.199978
_3865_,VDD,Metal1,249.6300,19.2330,1.199861
_3864_,VDD,Metal1,243.9830,26.1030,1.199912
_3863_,VDD,Metal1,247.3430,33.6630,1.199969
_3862_,VDD,Metal1,216.9610,48.7200,1.199772
_3861_,VDD,Metal1,95.0280,63.8830,1.199879
_3860_,VDD,Metal1,200.6410,26.0400,1.199421
_3859_,VDD,Metal1,203.4170,26.2950,1.199421
_3858_,VDD,Metal1,224.7650,26.7650,1.199613
_3857_,VDD,Metal1,262.4100,26.7110,1.199123
_3856_,VDD,Metal1,265.5470,26.1210,1.199118
_3855_,VDD,Metal1,262.5900,26.1260,1.199124
_3854_,VDD,Metal1,263.3200,48.8540,1.199569
_3853_,VDD,Metal1,264.9960,41.9790,1.199812
_3852_,VDD,Metal1,264.1430,56.3430,1.199798
_3851_,VDD,Metal1,266.1350,57.0350,1.199785
_3850_,VDD,Metal1,263.6630,57.0560,1.199798
_3849_,VDD,Metal1,265.6400,41.2940,1.199811
_3848_,VDD,Metal1,261.7430,41.9360,1.199852
_3847_,VDD,Metal1,259.6800,42.0730,1.199875
_3846_,VDD,Metal1,261.7430,41.2230,1.199852
_3845_,VDD,Metal1,264.3770,34.1850,1.199950
_3844_,VDD,Metal1,263.8920,63.9210,1.199661
_3843_,VDD,Metal1,269.0150,63.9250,1.199656
_3842_,VDD,Metal1,260.1230,57.0990,1.199798
_3841_,VDD,Metal1,13.9080,56.3230,1.199954
_3840_,VDD,Metal1,193.4410,26.0400,1.199539
_3839_,VDD,Metal1,197.6570,33.8550,1.199873
_3838_,VDD,Metal1,192.4800,19.3930,1.199645
_3837_,VDD,Metal1,276.4870,33.6280,1.199682
_3836_,VDD,Metal1,275.9750,41.9150,1.199316
_3835_,VDD,Metal1,277.4380,63.8400,1.199552
_3834_,VDD,Metal1,281.0650,48.8050,1.198378
_3833_,VDD,Metal1,283.0970,41.7450,1.199156
_3832_,VDD,Metal1,280.4630,41.9360,1.199178
_3831_,VDD,Metal1,274.7030,48.7830,1.198386
_3830_,VDD,Metal1,271.6810,48.7200,1.198487
_3829_,VDD,Metal1,275.7850,41.2450,1.199316
_3828_,VDD,Metal1,275.1420,56.8650,1.199541
_3827_,VDD,Metal1,271.0750,63.9550,1.199597
_3826_,VDD,Metal1,277.6550,57.0350,1.199520
_3825_,VDD,Metal1,274.0430,63.8600,1.199552
_3824_,VDD,Metal1,278.1980,26.0600,1.198919
_3823_,VDD,Metal1,285.7250,26.1550,1.198832
_3822_,VDD,Metal1,275.6630,19.2560,1.199708
_3821_,VDD,Metal1,277.7760,26.8160,1.198919
_3820_,VDD,Metal1,272.5320,26.1210,1.199031
_3819_,VDD,Metal1,269.0150,26.1250,1.199035
_3818_,VDD,Metal1,283.6500,26.1260,1.198837
_3817_,VDD,Metal1,280.9430,26.1030,1.198870
_3816_,VDD,Metal1,69.1080,41.2030,1.199630
_3815_,VDD,Metal1,197.7580,26.0400,1.199423
_3814_,VDD,Metal1,203.4170,33.8550,1.199860
_3813_,VDD,Metal1,199.2000,19.3930,1.199624
_3812_,VDD,Metal1,294.2320,26.8510,1.198758
_3811_,VDD,Metal1,286.5580,48.7200,1.198377
_3810_,VDD,Metal1,291.8150,34.3550,1.199652
_3809_,VDD,Metal1,298.8960,34.3760,1.199652
_3808_,VDD,Metal1,289.5420,49.3050,1.198375
_3807_,VDD,Metal1,297.6010,42.0000,1.199112
_3806_,VDD,Metal1,297.4970,33.8550,1.199652
_3805_,VDD,Metal1,296.3600,34.3050,1.199652
_3804_,VDD,Metal1,289.1750,48.8050,1.198375
_3803_,VDD,Metal1,281.3100,64.5930,1.199530
_3802_,VDD,Metal1,276.2010,64.6590,1.199552
_3801_,VDD,Metal1,295.5360,26.1030,1.198756
_3800_,VDD,Metal1,293.1770,26.2950,1.198758
_3799_,VDD,Metal1,307.0560,26.1030,1.198700
_3798_,VDD,Metal1,309.4970,26.2950,1.198699
_3797_,VDD,Metal1,148.8110,48.7630,1.199859
_3796_,VDD,Metal1,191.9980,26.8800,1.199542
_3795_,VDD,Metal1,194.5020,26.6250,1.199539
_3794_,VDD,Metal1,193.5650,41.2750,1.199947
_3793_,VDD,Metal1,301.6400,41.8650,1.198888
_3792_,VDD,Metal1,295.0260,57.0870,1.199495
_3791_,VDD,Metal1,291.5600,63.9740,1.199217
_3790_,VDD,Metal1,296.5320,56.3610,1.199493
_3789_,VDD,Metal1,300.3360,56.3430,1.199493
_3788_,VDD,Metal1,300.4810,63.8400,1.199161
_3787_,VDD,Metal1,290.1850,57.0350,1.199504
_3786_,VDD,Metal1,290.3700,64.5930,1.199217
_3785_,VDD,Metal1,285.9720,63.9210,1.199259
_3784_,VDD,Metal1,300.5820,49.3050,1.197369
_3783_,VDD,Metal1,298.0780,49.5600,1.197414
_3782_,VDD,Metal1,292.0550,56.3650,1.199496
_3781_,VDD,Metal1,284.7830,56.3430,1.199511
_3780_,VDD,Metal1,280.3200,57.1930,1.199514
_3779_,VDD,Metal1,266.4300,63.9260,1.199656
_3778_,VDD,Metal1,243.8150,63.9250,1.199889
_3777_,VDD,Metal1,243.6250,57.0350,1.199980
_3776_,VDD,Metal1,243.8470,79.7710,1.199934
_3775_,VDD,Metal1,241.3860,79.7460,1.199917
_3774_,VDD,Metal1,242.4000,162.0460,1.199906
_3773_,VDD,Metal1,242.2860,184.8300,1.199551
_3772_,VDD,Metal1,237.1200,184.7260,1.199539
_3771_,VDD,Metal1,245.2550,87.2750,1.199955
_3770_,VDD,Metal1,248.1060,94.1330,1.199965
_3769_,VDD,Metal1,246.7200,94.9930,1.199970
_3768_,VDD,Metal1,247.7330,184.8530,1.199879
_3767_,VDD,Metal1,244.3200,94.0060,1.199928
_3766_,VDD,Metal1,287.0030,64.6590,1.199259
_3765_,VDD,Metal1,286.2050,71.5150,1.199714
_3764_,VDD,Metal1,278.9330,64.6260,1.199530
_3763_,VDD,Metal1,255.3350,71.4850,1.199896
_3762_,VDD,Metal1,252.8520,64.5980,1.199774
_3761_,VDD,Metal1,255.7300,79.0480,1.199693
_3760_,VDD,Metal1,250.0720,71.4280,1.199942
_3759_,VDD,Metal1,241.4150,64.5950,1.199866
_3758_,VDD,Metal1,226.9320,64.5980,1.199343
_3757_,VDD,Metal1,241.4470,110.0110,1.199918
_3756_,VDD,Metal1,243.4670,109.2810,1.199928
_3755_,VDD,Metal1,247.6270,109.3760,1.199972
_3754_,VDD,Metal1,240.0530,116.8130,1.199916
_3753_,VDD,Metal1,241.9120,155.3710,1.199910
_3752_,VDD,Metal1,239.8860,162.1500,1.199725
_3751_,VDD,Metal1,233.3870,170.4380,1.199896
_3750_,VDD,Metal1,235.6870,178.0510,1.199938
_3749_,VDD,Metal1,238.8000,178.0350,1.199939
_3748_,VDD,Metal1,252.9600,185.7130,1.199656
_3747_,VDD,Metal1,237.3350,177.3250,1.199939
_3746_,VDD,Metal1,304.8360,41.9790,1.198887
_3745_,VDD,Metal1,298.7610,26.8590,1.198712
_3744_,VDD,Metal1,280.9430,26.8160,1.198870
_3743_,VDD,Metal1,279.5610,34.4190,1.199680
_3742_,VDD,Metal1,278.7300,19.1800,1.199690
_3741_,VDD,Metal1,223.9600,41.8650,1.199886
_3740_,VDD,Metal1,227.8560,41.9360,1.199895
_3739_,VDD,Metal1,220.0800,48.7650,1.199773
_3738_,VDD,Metal1,190.7610,56.3000,1.199835
_3737_,VDD,Metal1,221.0100,41.9090,1.199885
_3736_,VDD,Metal1,211.4650,49.4750,1.199772
_3735_,VDD,Metal1,212.7830,125.0960,1.199885
_3734_,VDD,Metal1,211.5770,124.5750,1.199862
_3733_,VDD,Metal1,210.7200,125.2330,1.199862
_3732_,VDD,Metal1,213.7430,131.9430,1.199866
_3731_,VDD,Metal1,209.6520,139.5210,1.199462
_3730_,VDD,Metal1,211.4650,131.9650,1.199868
_3729_,VDD,Metal1,259.6260,223.3860,1.199756
_3728_,VDD,Metal1,263.1900,230.3000,1.199785
_3727_,VDD,Metal1,260.8400,177.9450,1.192714
_3726_,VDD,Metal1,258.9350,170.4350,1.199792
_3725_,VDD,Metal1,258.5760,199.9830,1.199180
_3724_,VDD,Metal1,259.2070,237.7480,1.199240
_3723_,VDD,Metal1,218.5020,230.7450,1.199713
_3722_,VDD,Metal1,262.0260,237.7730,1.199229
_3721_,VDD,Metal1,265.4650,208.2350,1.199311
_3720_,VDD,Metal1,270.4550,193.1150,1.199674
_3719_,VDD,Metal1,263.2550,177.9950,1.192711
_3718_,VDD,Metal1,214.6700,125.0710,1.199884
_3717_,VDD,Metal1,212.3030,132.6560,1.199868
_3716_,VDD,Metal1,239.4170,132.1350,1.199938
_3715_,VDD,Metal1,204.9900,147.0860,1.199796
_3714_,VDD,Metal1,204.0530,139.4930,1.198936
_3713_,VDD,Metal1,210.1320,109.9580,1.199854
_3712_,VDD,Metal1,211.0560,102.4160,1.199347
_3711_,VDD,Metal1,203.3050,86.6050,1.199705
_3710_,VDD,Metal1,199.8950,86.6050,1.199853
_3709_,VDD,Metal1,206.0220,102.2250,1.199319
_3708_,VDD,Metal1,206.1850,101.7250,1.199319
_3707_,VDD,Metal1,209.6350,94.8050,1.199838
_3706_,VDD,Metal1,308.6760,41.9790,1.198858
_3705_,VDD,Metal1,307.5770,26.6250,1.198700
_3704_,VDD,Metal1,305.1720,19.2380,1.199682
_3703_,VDD,Metal1,280.9430,19.2560,1.199688
_3702_,VDD,Metal1,275.1420,26.6250,1.198969
_3701_,VDD,Metal1,266.2500,26.7110,1.199113
_3700_,VDD,Metal1,275.6270,26.1210,1.198969
_3699_,VDD,Metal1,278.4000,18.4060,1.199690
_3698_,VDD,Metal1,270.8300,26.1280,1.199031
_3697_,VDD,Metal1,264.9900,33.6860,1.199941
_3696_,VDD,Metal1,262.9150,33.7150,1.199951
_3695_,VDD,Metal1,260.1600,26.9530,1.199460
_3694_,VDD,Metal1,185.4230,33.6630,1.199918
_3693_,VDD,Metal1,187.4650,33.6850,1.199896
_3692_,VDD,Metal1,103.3430,34.3760,1.199904
_3691_,VDD,Metal1,100.3120,49.5310,1.199845
_3690_,VDD,Metal1,94.1820,56.8650,1.199936
_3689_,VDD,Metal1,97.4410,56.2800,1.199927
_3688_,VDD,Metal1,93.6010,42.0000,1.199886
_3687_,VDD,Metal1,99.3600,57.1930,1.199926
_3686_,VDD,Metal1,100.3120,48.7480,1.199845
_3685_,VDD,Metal1,99.8400,41.0860,1.199902
_3684_,VDD,Metal1,99.3610,42.0000,1.199902
_3683_,VDD,Metal1,96.4810,42.0000,1.199932
_3682_,VDD,Metal1,101.7580,56.2800,1.198993
_3681_,VDD,Metal1,280.4700,41.3000,1.199178
_3680_,VDD,Metal1,279.0230,48.7830,1.198385
_3679_,VDD,Metal1,277.8120,41.2410,1.199250
_3678_,VDD,Metal1,33.5920,48.7480,1.199822
_3677_,VDD,Metal1,33.1200,64.7530,1.199734
_3676_,VDD,Metal1,24.9610,42.0000,1.199985
_3675_,VDD,Metal1,27.8410,48.7200,1.199843
_3674_,VDD,Metal1,30.7180,42.0000,1.199770
_3673_,VDD,Metal1,271.7900,64.5910,1.199583
_3672_,VDD,Metal1,36.6300,56.4480,1.199927
_3671_,VDD,Metal1,36.1020,56.8650,1.199934
_3670_,VDD,Metal1,30.7120,48.7480,1.199825
_3669_,VDD,Metal1,30.6170,49.3050,1.199825
_3668_,VDD,Metal1,27.8410,42.0000,1.199962
_3667_,VDD,Metal1,24.9610,48.7200,1.199844
_3666_,VDD,Metal1,33.1200,42.0730,1.199493
_3665_,VDD,Metal1,234.0400,26.7450,1.199842
_3664_,VDD,Metal1,237.9770,26.6250,1.199853
_3663_,VDD,Metal1,239.0400,25.9660,1.199861
_3662_,VDD,Metal1,231.9500,26.7910,1.199740
_3661_,VDD,Metal1,191.8970,49.3050,1.199690
_3660_,VDD,Metal1,185.5450,56.3650,1.199864
_3659_,VDD,Metal1,188.9050,71.4850,1.199868
_3658_,VDD,Metal1,236.0100,33.7400,1.199757
_3657_,VDD,Metal1,231.1450,33.6850,1.199638
_3656_,VDD,Metal1,240.0000,26.9530,1.199861
_3655_,VDD,Metal1,236.1900,34.3530,1.199757
_3654_,VDD,Metal1,230.8800,34.5130,1.199638
_3653_,VDD,Metal1,233.6350,33.7150,1.199645
_3652_,VDD,Metal1,226.6620,34.1850,1.199631
_3651_,VDD,Metal1,184.2100,26.1280,1.199593
_3650_,VDD,Metal1,62.2500,48.8600,1.199320
_3649_,VDD,Metal1,61.3370,56.8650,1.199837
_3648_,VDD,Metal1,57.1730,41.9460,1.199502
_3647_,VDD,Metal1,54.2410,42.0000,1.199500
_3646_,VDD,Metal1,59.1420,49.3050,1.199320
_3645_,VDD,Metal1,51.5600,41.2940,1.199496
_3644_,VDD,Metal1,47.5500,41.2460,1.199488
_3643_,VDD,Metal1,242.0300,49.4710,1.199882
_3642_,VDD,Metal1,56.2620,48.9750,1.199319
_3641_,VDD,Metal1,57.0170,56.5350,1.199838
_3640_,VDD,Metal1,53.9600,48.8540,1.199320
_3639_,VDD,Metal1,55.4000,41.2940,1.199500
_3638_,VDD,Metal1,52.1180,49.5390,1.199320
_3637_,VDD,Metal1,45.1500,41.2460,1.199487
_3636_,VDD,Metal1,223.6430,34.4190,1.199632
_3635_,VDD,Metal1,224.1600,49.6330,1.199788
_3634_,VDD,Metal1,216.9600,33.5260,1.199721
_3633_,VDD,Metal1,183.0950,33.6850,1.199919
_3632_,VDD,Metal1,174.3830,41.9360,1.199957
_3631_,VDD,Metal1,121.4320,41.9710,1.199722
_3630_,VDD,Metal1,119.9980,48.7200,1.199523
_3629_,VDD,Metal1,123.9420,48.9750,1.199520
_3628_,VDD,Metal1,117.6010,34.4400,1.199753
_3627_,VDD,Metal1,120.0000,34.5130,1.199753
_3626_,VDD,Metal1,173.3330,48.7730,1.199927
_3625_,VDD,Metal1,176.3700,48.8100,1.199919
_3624_,VDD,Metal1,123.8700,41.9130,1.199686
_3623_,VDD,Metal1,117.1180,48.7200,1.199523
_3622_,VDD,Metal1,121.4380,41.1600,1.199722
_3621_,VDD,Metal1,131.5180,48.7200,1.199520
_3620_,VDD,Metal1,171.3600,48.6460,1.199930
_3619_,VDD,Metal1,195.1600,56.4140,1.199801
_3618_,VDD,Metal1,201.7100,57.0310,1.199787
_3617_,VDD,Metal1,197.6100,64.5400,1.199094
_3616_,VDD,Metal1,191.8750,64.5650,1.199206
_3615_,VDD,Metal1,189.1500,64.5930,1.199215
_3614_,VDD,Metal1,180.9710,71.4430,1.199862
_3613_,VDD,Metal1,165.2700,71.5680,1.199958
_3612_,VDD,Metal1,165.7020,64.4250,1.199904
_3611_,VDD,Metal1,137.2720,71.4280,1.199336
_3610_,VDD,Metal1,132.1020,71.6550,1.199347
_3609_,VDD,Metal1,141.1210,63.8400,1.199828
_3608_,VDD,Metal1,133.4380,72.2400,1.199347
_3607_,VDD,Metal1,138.7200,72.3130,1.199336
_3606_,VDD,Metal1,145.9120,71.4280,1.199328
_3605_,VDD,Metal1,149.0400,71.4450,1.199328
_3604_,VDD,Metal1,130.5580,72.2400,1.199348
_3603_,VDD,Metal1,140.1610,71.4000,1.199333
_3602_,VDD,Metal1,153.1210,63.8400,1.199858
_3601_,VDD,Metal1,149.2800,72.3130,1.199328
_3600_,VDD,Metal1,196.3200,49.6330,1.199675
_3599_,VDD,Metal1,188.0100,56.4200,1.199864
_3598_,VDD,Metal1,189.6000,49.6330,1.199696
_3597_,VDD,Metal1,177.7430,79.0230,1.199866
_3596_,VDD,Metal1,180.1100,94.8310,1.199782
_3595_,VDD,Metal1,133.6410,94.8990,1.199618
_3594_,VDD,Metal1,137.1770,101.8950,1.199541
_3593_,VDD,Metal1,111.0800,101.7740,1.199920
_3592_,VDD,Metal1,104.9760,109.2630,1.199875
_3591_,VDD,Metal1,130.2800,101.7740,1.199642
_3590_,VDD,Metal1,126.2700,94.8330,1.199626
_3589_,VDD,Metal1,175.6800,78.8860,1.199868
_3588_,VDD,Metal1,180.3300,72.1000,1.199862
_3587_,VDD,Metal1,177.7500,72.0710,1.199868
_3586_,VDD,Metal1,148.6970,87.1050,1.199497
_3585_,VDD,Metal1,122.3920,94.8910,1.199727
_3584_,VDD,Metal1,120.5820,94.3350,1.199766
_3583_,VDD,Metal1,115.6810,109.2000,1.199527
_3582_,VDD,Metal1,119.5210,94.9200,1.199766
_3581_,VDD,Metal1,115.6800,94.9930,1.199775
_3580_,VDD,Metal1,195.8400,63.7660,1.199146
_3579_,VDD,Metal1,192.2000,101.7740,1.198172
_3578_,VDD,Metal1,192.3360,86.5830,1.199853
_3577_,VDD,Metal1,186.0900,79.6600,1.199706
_3576_,VDD,Metal1,186.3900,86.6600,1.199869
_3575_,VDD,Metal1,189.4560,102.4160,1.198172
_3574_,VDD,Metal1,186.2930,109.2530,1.199910
_3573_,VDD,Metal1,191.7210,131.9000,1.199886
_3572_,VDD,Metal1,194.9820,132.4650,1.199881
_3571_,VDD,Metal1,188.3030,132.6560,1.199909
_3570_,VDD,Metal1,189.9550,139.5550,1.198918
_3569_,VDD,Metal1,185.0650,140.1950,1.199083
_3568_,VDD,Metal1,181.2400,147.7050,1.199971
_3567_,VDD,Metal1,204.6950,155.3150,1.199621
_3566_,VDD,Metal1,231.4850,132.6050,1.199888
_3565_,VDD,Metal1,198.5180,147.0200,1.199795
_3564_,VDD,Metal1,197.2870,139.4680,1.198934
_3563_,VDD,Metal1,195.3600,147.9130,1.199798
_3562_,VDD,Metal1,194.9100,155.3130,1.199753
_3561_,VDD,Metal1,192.3550,155.2850,1.199776
_3560_,VDD,Metal1,194.4000,154.4860,1.199753
_3559_,VDD,Metal1,168.4910,154.6030,1.199934
_3558_,VDD,Metal1,95.6220,155.1450,1.199743
_3557_,VDD,Metal1,100.2170,154.8150,1.199731
_3556_,VDD,Metal1,93.8000,162.2540,1.199928
_3555_,VDD,Metal1,91.8800,147.1340,1.199931
_3554_,VDD,Metal1,87.5030,147.0630,1.199929
_3553_,VDD,Metal1,86.9100,162.8730,1.199852
_3552_,VDD,Metal1,184.8000,154.4860,1.199792
_3551_,VDD,Metal1,182.4300,154.6460,1.199840
_3550_,VDD,Metal1,173.7600,154.4860,1.199889
_3549_,VDD,Metal1,96.2100,154.6500,1.199743
_3548_,VDD,Metal1,88.8010,154.5600,1.198315
_3547_,VDD,Metal1,87.8410,155.4000,1.198315
_3546_,VDD,Metal1,92.6410,169.6800,1.199879
_3545_,VDD,Metal1,195.8400,146.9260,1.199798
_3544_,VDD,Metal1,178.2230,140.2160,1.199872
_3543_,VDD,Metal1,207.3900,139.5260,1.198943
_3542_,VDD,Metal1,178.5550,139.5880,1.199872
_3541_,VDD,Metal1,207.5750,140.1950,1.198943
_3540_,VDD,Metal1,181.3150,139.5550,1.199128
_3539_,VDD,Metal1,163.4000,132.5850,1.199921
_3538_,VDD,Metal1,159.4620,132.4650,1.199902
_3537_,VDD,Metal1,158.9820,139.6950,1.199911
_3536_,VDD,Metal1,126.5200,132.5850,1.199647
_3535_,VDD,Metal1,123.5030,139.5030,1.199803
_3534_,VDD,Metal1,141.3200,132.5850,1.199716
_3533_,VDD,Metal1,131.5500,131.9660,1.199651
_3532_,VDD,Metal1,172.1050,131.9650,1.199955
_3531_,VDD,Metal1,146.3920,132.6910,1.199716
_3530_,VDD,Metal1,149.5200,139.4850,1.199880
_3529_,VDD,Metal1,137.2780,132.7200,1.199716
_3528_,VDD,Metal1,130.5580,132.7200,1.199651
_3527_,VDD,Metal1,141.1180,139.4400,1.199827
_3526_,VDD,Metal1,153.1200,132.7930,1.199748
_3525_,VDD,Metal1,198.5050,132.6350,1.199877
_3524_,VDD,Metal1,186.6830,139.4600,1.199083
_3523_,VDD,Metal1,226.3180,139.5260,1.199509
_3522_,VDD,Metal1,239.5500,132.6330,1.199938
_3521_,VDD,Metal1,171.8510,132.6760,1.199955
_3520_,VDD,Metal1,30.2470,162.1480,1.199819
_3519_,VDD,Metal1,31.6810,155.4000,1.197266
_3518_,VDD,Metal1,28.8010,162.9600,1.199823
_3517_,VDD,Metal1,27.3610,162.1200,1.199825
_3516_,VDD,Metal1,36.9600,154.4860,1.197244
_3515_,VDD,Metal1,239.1500,147.7510,1.199933
_3514_,VDD,Metal1,48.1500,155.2310,1.197281
_3513_,VDD,Metal1,46.1820,147.5850,1.199930
_3512_,VDD,Metal1,33.1120,162.1480,1.199817
_3511_,VDD,Metal1,28.8010,155.4000,1.197266
_3510_,VDD,Metal1,25.9210,162.9600,1.199828
_3509_,VDD,Metal1,36.3770,162.7050,1.199735
_3508_,VDD,Metal1,36.4800,162.0460,1.199735
_3507_,VDD,Metal1,187.4410,125.0730,1.199851
_3506_,VDD,Metal1,237.6000,125.2330,1.199933
_3505_,VDD,Metal1,239.7350,125.0750,1.199944
_3504_,VDD,Metal1,190.1900,125.0710,1.199846
_3503_,VDD,Metal1,170.4110,124.3630,1.199969
_3502_,VDD,Metal1,35.5120,132.6910,1.199887
_3501_,VDD,Metal1,28.8010,132.7200,1.199907
_3500_,VDD,Metal1,29.7610,117.6000,1.199604
_3499_,VDD,Metal1,32.6410,139.4400,1.198857
_3498_,VDD,Metal1,39.3600,132.7930,1.199884
_3497_,VDD,Metal1,242.5100,117.5110,1.199948
_3496_,VDD,Metal1,47.3050,132.6350,1.199873
_3495_,VDD,Metal1,47.1420,139.6950,1.198151
_3494_,VDD,Metal1,31.9200,132.6750,1.199896
_3493_,VDD,Metal1,29.7610,139.4400,1.198955
_3492_,VDD,Metal1,29.7600,131.8060,1.199905
_3491_,VDD,Metal1,31.7820,132.1350,1.199896
_3490_,VDD,Metal1,25.4380,116.7600,1.199617
_3489_,VDD,Metal1,191.7350,102.3950,1.198172
_3488_,VDD,Metal1,188.6400,116.6860,1.198243
_3487_,VDD,Metal1,182.8430,109.2200,1.199910
_3486_,VDD,Metal1,206.1350,109.2850,1.199893
_3485_,VDD,Metal1,159.3710,102.4360,1.199551
_3484_,VDD,Metal1,47.6220,109.4550,1.199574
_3483_,VDD,Metal1,49.8170,102.2250,1.199607
_3482_,VDD,Metal1,48.6800,109.9050,1.199573
_3481_,VDD,Metal1,51.5600,109.3340,1.199570
_3480_,VDD,Metal1,38.0630,109.9760,1.199725
_3479_,VDD,Metal1,45.6300,102.3930,1.199610
_3478_,VDD,Metal1,193.0700,102.3910,1.198172
_3477_,VDD,Metal1,57.1120,109.2280,1.199558
_3476_,VDD,Metal1,54.2410,109.2000,1.199567
_3475_,VDD,Metal1,43.1980,102.4800,1.199620
_3474_,VDD,Metal1,52.3180,116.7600,1.199552
_3473_,VDD,Metal1,53.7600,102.5530,1.199607
_3472_,VDD,Metal1,184.7630,117.5790,1.198244
_3471_,VDD,Metal1,196.1050,117.5150,1.198244
_3470_,VDD,Metal1,198.7200,116.6860,1.198247
_3469_,VDD,Metal1,184.9100,116.8480,1.198244
_3468_,VDD,Metal1,174.7310,117.5560,1.199917
_3467_,VDD,Metal1,75.8470,131.9080,1.199710
_3466_,VDD,Metal1,88.7980,131.8800,1.199796
_3465_,VDD,Metal1,72.4780,132.7200,1.199696
_3464_,VDD,Metal1,80.6400,125.2330,1.199782
_3463_,VDD,Metal1,71.0410,125.1600,1.199583
_3462_,VDD,Metal1,94.7100,132.0480,1.199935
_3461_,VDD,Metal1,98.7770,124.5750,1.199803
_3460_,VDD,Metal1,79.6720,131.9080,1.199729
_3459_,VDD,Metal1,75.9420,132.4650,1.199710
_3458_,VDD,Metal1,72.9610,131.8800,1.199696
_3457_,VDD,Metal1,78.2380,125.1600,1.199589
_3456_,VDD,Metal1,84.4800,131.8060,1.199779
_3455_,VDD,Metal1,189.0100,101.7280,1.198172
_3454_,VDD,Metal1,191.5200,94.0060,1.199781
_3453_,VDD,Metal1,189.0830,79.7790,1.199692
_3452_,VDD,Metal1,196.5350,79.7150,1.199677
_3451_,VDD,Metal1,194.6150,79.7150,1.199688
_3450_,VDD,Metal1,192.0300,79.7130,1.199688
_3449_,VDD,Metal1,167.0510,79.7560,1.199940
_3448_,VDD,Metal1,81.7020,87.1050,1.199452
_3447_,VDD,Metal1,76.4220,86.7750,1.199308
_3446_,VDD,Metal1,80.3600,86.6540,1.199444
_3445_,VDD,Metal1,83.7200,94.7850,1.199900
_3444_,VDD,Metal1,77.0010,79.7790,1.199279
_3443_,VDD,Metal1,84.6950,102.3950,1.199633
_3442_,VDD,Metal1,176.0350,86.6350,1.199933
_3441_,VDD,Metal1,173.5450,86.6050,1.199950
_3440_,VDD,Metal1,85.4400,86.4460,1.199453
_3439_,VDD,Metal1,87.8380,86.5200,1.199574
_3438_,VDD,Metal1,80.1580,79.8000,1.199869
_3437_,VDD,Metal1,80.9760,101.7030,1.199619
_3436_,VDD,Metal1,77.7610,94.0800,1.199774
_3435_,VDD,Metal1,189.1560,87.3390,1.199856
_3434_,VDD,Metal1,201.6000,86.4460,1.199706
_3433_,VDD,Metal1,161.2910,86.5630,1.199723
_3432_,VDD,Metal1,30.7120,79.7710,1.199242
_3431_,VDD,Metal1,27.8410,79.8000,1.199251
_3430_,VDD,Metal1,26.3980,78.9600,1.199255
_3429_,VDD,Metal1,29.7580,86.5200,1.199904
_3428_,VDD,Metal1,40.3200,79.8730,1.199230
_3427_,VDD,Metal1,234.6100,101.7280,1.199470
_3426_,VDD,Metal1,33.5920,79.7710,1.199235
_3425_,VDD,Metal1,29.2810,78.9600,1.199247
_3424_,VDD,Metal1,32.6380,86.5200,1.199574
_3423_,VDD,Metal1,32.1610,78.9600,1.199240
_3422_,VDD,Metal1,36.4800,79.8730,1.199232
_3421_,VDD,Metal1,262.4520,215.1210,1.198814
_3420_,VDD,Metal1,265.1030,215.8160,1.198711
_3419_,VDD,Metal1,267.7370,169.9350,1.199522
_3418_,VDD,Metal1,263.7350,162.8750,1.199440
_3417_,VDD,Metal1,280.5850,162.8750,1.198538
_3416_,VDD,Metal1,266.7770,215.2950,1.198671
_3415_,VDD,Metal1,269.7600,208.3930,1.190954
_3414_,VDD,Metal1,271.8300,208.1800,1.189565
_3413_,VDD,Metal1,274.2300,208.1800,1.189557
_3412_,VDD,Metal1,260.0100,215.1800,1.198865
_3411_,VDD,Metal1,261.0120,222.6810,1.199744
_3410_,VDD,Metal1,239.8560,222.6630,1.199922
_3409_,VDD,Metal1,257.8670,222.6810,1.199804
_3408_,VDD,Metal1,262.0720,208.2910,1.199473
_3407_,VDD,Metal1,276.9300,208.2330,1.189515
_3406_,VDD,Metal1,255.3230,208.2990,1.199558
_3405_,VDD,Metal1,252.2650,207.5650,1.199681
_3404_,VDD,Metal1,255.3600,200.8330,1.199326
_3403_,VDD,Metal1,168.9710,230.9560,1.199934
_3402_,VDD,Metal1,138.8220,223.1850,1.198327
_3401_,VDD,Metal1,144.8570,223.1850,1.198330
_3400_,VDD,Metal1,131.3200,223.3050,1.198331
_3399_,VDD,Metal1,139.4000,230.8650,1.199246
_3398_,VDD,Metal1,126.8630,222.6630,1.198354
_3397_,VDD,Metal1,135.3900,238.4730,1.199753
_3396_,VDD,Metal1,267.3600,208.3930,1.190961
_3395_,VDD,Metal1,258.6830,177.2600,1.192714
_3394_,VDD,Metal1,254.6650,169.7650,1.199840
_3393_,VDD,Metal1,258.2700,155.3130,1.192490
_3392_,VDD,Metal1,249.1310,162.9160,1.199908
_3391_,VDD,Metal1,137.8620,162.7050,1.199639
_3390_,VDD,Metal1,150.6170,169.9350,1.199741
_3389_,VDD,Metal1,130.8400,162.8250,1.199649
_3388_,VDD,Metal1,135.1580,162.9390,1.199642
_3387_,VDD,Metal1,133.7200,162.2540,1.199642
_3386_,VDD,Metal1,127.4650,162.2050,1.199709
_3385_,VDD,Metal1,149.7520,162.9310,1.199642
_3384_,VDD,Metal1,152.8800,162.1650,1.199654
_3383_,VDD,Metal1,137.7580,162.1200,1.199639
_3382_,VDD,Metal1,127.6810,162.9600,1.199709
_3381_,VDD,Metal1,146.8780,162.9600,1.199641
_3380_,VDD,Metal1,154.0800,169.6060,1.199756
_3379_,VDD,Metal1,282.9580,185.5530,1.196011
_3378_,VDD,Metal1,283.6500,169.7660,1.198999
_3377_,VDD,Metal1,289.2900,170.3800,1.198880
_3376_,VDD,Metal1,282.8700,170.3800,1.198999
_3375_,VDD,Metal1,284.9700,177.4080,1.191971
_3374_,VDD,Metal1,282.7310,222.6430,1.199515
_3373_,VDD,Metal1,38.5020,245.5350,1.199836
_3372_,VDD,Metal1,35.6220,238.3050,1.199885
_3371_,VDD,Metal1,33.4000,253.5450,1.199947
_3370_,VDD,Metal1,36.3360,260.4630,1.199573
_3369_,VDD,Metal1,34.7600,245.4140,1.199854
_3368_,VDD,Metal1,30.0250,238.4750,1.199899
_3367_,VDD,Metal1,238.6700,200.0080,1.199427
_3366_,VDD,Metal1,41.1300,230.3000,1.199721
_3365_,VDD,Metal1,38.0220,238.3050,1.199885
_3364_,VDD,Metal1,34.0260,246.0660,1.199854
_3363_,VDD,Metal1,33.4000,252.9740,1.199947
_3362_,VDD,Metal1,37.4410,252.8400,1.199932
_3361_,VDD,Metal1,31.6800,246.1930,1.199885
_3360_,VDD,Metal1,36.1430,246.0560,1.199852
_3359_,VDD,Metal1,303.8760,26.0600,1.198705
_3358_,VDD,Metal1,298.5960,26.0600,1.198712
_3357_,VDD,Metal1,301.6550,26.7950,1.198711
_3356_,VDD,Metal1,304.5350,26.7950,1.198705
_3355_,VDD,Metal1,181.1750,33.6850,1.199920
_3354_,VDD,Metal1,172.1760,34.3760,1.199943
_3353_,VDD,Metal1,79.6720,41.9710,1.199660
_3352_,VDD,Metal1,78.2410,41.1600,1.199657
_3351_,VDD,Metal1,81.0170,48.9750,1.199688
_3350_,VDD,Metal1,75.3610,48.7200,1.199685
_3349_,VDD,Metal1,83.5200,41.0860,1.199681
_3348_,VDD,Metal1,296.2700,26.7910,1.198756
_3347_,VDD,Metal1,171.7370,41.4150,1.199981
_3346_,VDD,Metal1,81.0660,41.2130,1.199660
_3345_,VDD,Metal1,82.5580,42.0000,1.199676
_3344_,VDD,Metal1,73.9210,34.4400,1.199718
_3343_,VDD,Metal1,78.2410,48.7200,1.199685
_3342_,VDD,Metal1,305.4050,49.4450,1.197365
_3341_,VDD,Metal1,307.4650,49.4750,1.197362
_3340_,VDD,Metal1,306.6100,56.3680,1.199492
_3339_,VDD,Metal1,309.7070,48.8010,1.197350
_3338_,VDD,Metal1,315.8400,42.0730,1.198851
_3337_,VDD,Metal1,314.1350,41.9150,1.198851
_3336_,VDD,Metal1,311.3050,48.8050,1.197350
_3335_,VDD,Metal1,305.3900,41.2480,1.198887
_3334_,VDD,Metal1,165.4500,41.3000,1.199971
_3333_,VDD,Metal1,162.8220,41.4150,1.199964
_3332_,VDD,Metal1,140.6320,41.9710,1.199693
_3331_,VDD,Metal1,135.3580,41.1600,1.199685
_3330_,VDD,Metal1,136.4220,48.9750,1.199776
_3329_,VDD,Metal1,143.5180,42.0000,1.199694
_3328_,VDD,Metal1,140.6400,41.0860,1.199693
_3327_,VDD,Metal1,305.3900,63.9280,1.198985
_3326_,VDD,Metal1,149.2720,41.9710,1.199924
_3325_,VDD,Metal1,138.2380,41.1600,1.199685
_3324_,VDD,Metal1,146.4010,42.0000,1.199879
_3323_,VDD,Metal1,143.5200,48.6460,1.199861
_3322_,VDD,Metal1,151.6810,41.1600,1.199924
_3321_,VDD,Metal1,143.1470,116.8410,1.199874
_3320_,VDD,Metal1,114.7080,178.0360,1.199918
_3319_,VDD,Metal1,164.6380,192.3600,1.199788
_3318_,VDD,Metal1,162.1370,192.6150,1.199747
_3317_,VDD,Metal1,170.2560,192.4230,1.199987
_3316_,VDD,Metal1,171.7370,260.9850,1.199964
_3315_,VDD,Metal1,269.4530,147.0320,1.199400
_3314_,VDD,Metal1,270.0400,140.1450,1.199662
_3313_,VDD,Metal1,262.2950,147.0850,1.199536
_3312_,VDD,Metal1,263.8500,140.1400,1.199795
_3311_,VDD,Metal1,265.8660,139.4930,1.199706
_3310_,VDD,Metal1,266.2000,140.1450,1.199706
_3309_,VDD,Metal1,267.9830,131.9430,1.199663
_3308_,VDD,Metal1,270.5760,131.9430,1.199643
_3307_,VDD,Metal1,122.3880,207.5230,1.199630
_3306_,VDD,Metal1,164.1580,208.3200,1.199638
_3305_,VDD,Metal1,161.6570,208.0650,1.199638
_3304_,VDD,Metal1,168.8160,208.2560,1.199662
_3303_,VDD,Metal1,169.8170,215.2950,1.199958
_3302_,VDD,Metal1,194.4070,177.2680,1.199588
_3301_,VDD,Metal1,195.7370,169.9350,1.199810
_3300_,VDD,Metal1,194.0630,170.4560,1.199811
_3299_,VDD,Metal1,200.6410,170.5200,1.199766
_3298_,VDD,Metal1,198.6900,169.7660,1.199809
_3297_,VDD,Metal1,197.7580,177.2400,1.199753
_3296_,VDD,Metal1,263.0380,154.5600,1.192363
_3295_,VDD,Metal1,270.3650,139.5550,1.199662
_3294_,VDD,Metal1,265.9200,147.9130,1.199453
_3293_,VDD,Metal1,265.8830,147.0200,1.199453
_3292_,VDD,Metal1,186.5700,177.3800,1.199589
_3291_,VDD,Metal1,185.8620,170.2650,1.199825
_3290_,VDD,Metal1,203.1650,170.4050,1.199766
_3289_,VDD,Metal1,197.2430,170.4990,1.199810
_3288_,VDD,Metal1,91.1880,253.6360,1.199867
_3287_,VDD,Metal1,157.4380,267.9600,1.199781
_3286_,VDD,Metal1,160.2170,268.2150,1.199788
_3285_,VDD,Metal1,168.8160,261.1760,1.199962
_3284_,VDD,Metal1,169.3370,268.5450,1.199891
_3283_,VDD,Metal1,179.7980,184.8200,1.196240
_3282_,VDD,Metal1,183.2160,185.5760,1.196240
_3281_,VDD,Metal1,202.3200,184.8450,1.196251
_3280_,VDD,Metal1,201.4000,185.5050,1.196251
_3279_,VDD,Metal1,217.2400,185.5050,1.196559
_3278_,VDD,Metal1,224.6280,184.8430,1.196600
_3277_,VDD,Metal1,198.7210,185.6400,1.196250
_3276_,VDD,Metal1,195.9830,185.5760,1.196240
_3275_,VDD,Metal1,204.7450,185.5550,1.196253
_3274_,VDD,Metal1,219.0950,184.8850,1.196559
_3273_,VDD,Metal1,221.1770,185.0550,1.196562
_3272_,VDD,Metal1,228.3300,184.9400,1.196600
_3271_,VDD,Metal1,225.2630,178.0160,1.199925
_3270_,VDD,Metal1,179.9630,185.6190,1.196241
_3269_,VDD,Metal1,185.2800,185.7130,1.196240
_3268_,VDD,Metal1,182.2920,184.8810,1.196240
_3267_,VDD,Metal1,14.3880,222.6430,1.199900
_3266_,VDD,Metal1,161.2810,223.4400,1.199754
_3265_,VDD,Metal1,164.0570,223.1850,1.199757
_3264_,VDD,Metal1,168.3360,223.3760,1.199907
_3263_,VDD,Metal1,172.2170,230.4150,1.199936
_3262_,VDD,Metal1,184.8070,199.9480,1.199456
_3261_,VDD,Metal1,201.9720,193.1180,1.199875
_3260_,VDD,Metal1,217.7200,200.0540,1.198890
_3259_,VDD,Metal1,213.9770,192.9450,1.199885
_3258_,VDD,Metal1,201.2630,200.6960,1.199377
_3257_,VDD,Metal1,203.9980,199.9200,1.198873
_3256_,VDD,Metal1,199.8230,193.1360,1.199871
_3255_,VDD,Metal1,201.1180,199.9200,1.199377
_3254_,VDD,Metal1,215.7850,193.1150,1.199910
_3253_,VDD,Metal1,222.2760,199.9400,1.198892
_3252_,VDD,Metal1,182.8800,193.2730,1.199854
_3251_,VDD,Metal1,185.7960,193.1790,1.199846
_3250_,VDD,Metal1,183.5030,200.6960,1.199460
_3249_,VDD,Metal1,182.0220,200.1750,1.199473
_3248_,VDD,Metal1,197.6100,200.0880,1.199377
_3247_,VDD,Metal1,54.2280,207.5230,1.199371
_3246_,VDD,Metal1,167.9980,283.0800,1.199890
_3245_,VDD,Metal1,165.2220,283.3350,1.199852
_3244_,VDD,Metal1,183.6380,283.1000,1.199872
_3243_,VDD,Metal1,181.2960,283.8560,1.199893
_3242_,VDD,Metal1,199.6550,208.2350,1.199741
_3241_,VDD,Metal1,204.4260,208.2660,1.199744
_3240_,VDD,Metal1,216.7600,208.1850,1.199736
_3239_,VDD,Metal1,220.5350,208.2350,1.199736
_3238_,VDD,Metal1,220.4450,215.1550,1.199854
_3237_,VDD,Metal1,218.2970,215.2950,1.199834
_3236_,VDD,Metal1,206.8810,208.3200,1.199744
_3235_,VDD,Metal1,209.6160,208.2560,1.199743
_3234_,VDD,Metal1,212.4250,200.6750,1.198851
_3233_,VDD,Metal1,214.9320,200.0010,1.198854
_3232_,VDD,Metal1,220.9070,193.1180,1.199911
_3231_,VDD,Metal1,211.9500,200.0100,1.198851
_3230_,VDD,Metal1,211.7820,208.0650,1.199735
_3229_,VDD,Metal1,218.2560,193.1360,1.199910
_3228_,VDD,Metal1,186.0250,215.1250,1.199818
_3227_,VDD,Metal1,185.4230,208.2560,1.199847
_3226_,VDD,Metal1,197.6520,215.1210,1.199812
_3225_,VDD,Metal1,197.0650,208.2350,1.199747
_3224_,VDD,Metal1,42.7080,320.9230,1.199921
_3223_,VDD,Metal1,154.8960,283.8560,1.199701
_3222_,VDD,Metal1,154.5600,290.5660,1.199679
_3221_,VDD,Metal1,174.8220,283.6650,1.199921
_3220_,VDD,Metal1,187.0970,283.6650,1.199867
_3219_,VDD,Metal1,189.4560,283.8560,1.199852
_3218_,VDD,Metal1,187.0000,230.2940,1.199413
_3217_,VDD,Metal1,212.2130,230.2130,1.199568
_3216_,VDD,Metal1,209.9100,230.3280,1.199420
_3215_,VDD,Metal1,209.9600,223.3050,1.199821
_3214_,VDD,Metal1,215.0380,230.1600,1.199569
_3213_,VDD,Metal1,207.5030,222.6630,1.199818
_3212_,VDD,Metal1,206.5430,230.2230,1.199416
_3211_,VDD,Metal1,209.7600,222.5260,1.199821
_3210_,VDD,Metal1,204.0530,230.2130,1.199409
_3209_,VDD,Metal1,222.1370,223.1850,1.199903
_3208_,VDD,Metal1,228.2150,223.3550,1.199909
_3207_,VDD,Metal1,225.1560,223.4190,1.199908
_3206_,VDD,Metal1,220.1050,230.2450,1.199727
_3205_,VDD,Metal1,214.9150,223.3250,1.199892
_3204_,VDD,Metal1,192.0360,230.1800,1.199401
_3203_,VDD,Metal1,193.8170,223.1850,1.199810
_3202_,VDD,Metal1,188.8550,223.3550,1.199810
_3201_,VDD,Metal1,183.7320,223.3580,1.199825
_3200_,VDD,Metal1,185.4230,230.9360,1.199413
_3199_,VDD,Metal1,68.1480,320.9230,1.199795
_3198_,VDD,Metal1,180.4780,290.6400,1.199800
_3197_,VDD,Metal1,186.6170,283.3350,1.199870
_3196_,VDD,Metal1,184.1180,283.8990,1.199872
_3195_,VDD,Metal1,183.6960,290.7030,1.199552
_3194_,VDD,Metal1,189.4000,245.9850,1.199802
_3193_,VDD,Metal1,220.7460,238.5060,1.199841
_3192_,VDD,Metal1,224.6280,238.5160,1.199843
_3191_,VDD,Metal1,223.9210,237.8060,1.199843
_3190_,VDD,Metal1,205.4150,245.3650,1.199836
_3189_,VDD,Metal1,202.2230,245.3430,1.199804
_3188_,VDD,Metal1,198.3830,246.0560,1.199801
_3187_,VDD,Metal1,208.2900,246.0330,1.199843
_3186_,VDD,Metal1,211.3430,245.3430,1.199844
_3185_,VDD,Metal1,208.8010,245.2800,1.199843
_3184_,VDD,Metal1,204.2150,238.4750,1.199924
_3183_,VDD,Metal1,221.1360,237.7830,1.199841
_3182_,VDD,Metal1,190.0430,252.8600,1.199663
_3181_,VDD,Metal1,186.2030,246.0990,1.199804
_3180_,VDD,Metal1,70.0910,252.8830,1.199762
_3179_,VDD,Metal1,200.1580,275.5200,1.198675
_3178_,VDD,Metal1,206.2970,275.7750,1.198788
_3177_,VDD,Metal1,203.3180,275.5400,1.198782
_3176_,VDD,Metal1,200.4960,276.2960,1.198675
_3175_,VDD,Metal1,209.3900,177.9910,1.199785
_3174_,VDD,Metal1,202.8400,260.5340,1.199510
_3173_,VDD,Metal1,218.5500,260.5400,1.199722
_3172_,VDD,Metal1,222.2380,253.6800,1.199736
_3171_,VDD,Metal1,221.7230,260.4200,1.199746
_3170_,VDD,Metal1,219.6960,253.6160,1.199736
_3169_,VDD,Metal1,214.8250,253.5950,1.199717
_3168_,VDD,Metal1,205.1030,253.6160,1.199673
_3167_,VDD,Metal1,209.0000,253.5450,1.199680
_3166_,VDD,Metal1,207.0950,252.9250,1.199677
_3165_,VDD,Metal1,211.3430,252.9030,1.199702
_3164_,VDD,Metal1,212.6410,253.6800,1.199702
_3163_,VDD,Metal1,225.0170,230.7450,1.199868
_3162_,VDD,Metal1,224.1960,246.0990,1.199870
_3161_,VDD,Metal1,200.6030,253.6590,1.199668
_3160_,VDD,Metal1,195.9830,246.0560,1.199801
_3159_,VDD,Metal1,196.9020,230.7450,1.199390
_3158_,VDD,Metal1,194.8430,253.6590,1.199666
_3157_,VDD,Metal1,190.8250,253.5950,1.199662
_3156_,VDD,Metal1,96.9480,305.8030,1.199817
_3155_,VDD,Metal1,198.7210,283.9200,1.199406
_3154_,VDD,Metal1,218.7770,283.3350,1.199589
_3153_,VDD,Metal1,198.9980,283.1000,1.199406
_3152_,VDD,Metal1,196.1760,283.8560,1.199414
_3151_,VDD,Metal1,232.6970,268.2150,1.199732
_3150_,VDD,Metal1,235.5360,260.4630,1.199803
_3149_,VDD,Metal1,231.1600,253.5450,1.199780
_3148_,VDD,Metal1,227.9630,260.4200,1.199777
_3147_,VDD,Metal1,235.2070,253.6510,1.199784
_3146_,VDD,Metal1,245.4800,253.5450,1.199838
_3145_,VDD,Metal1,241.5830,253.6160,1.199834
_3144_,VDD,Metal1,245.7600,252.7660,1.199838
_3143_,VDD,Metal1,232.8010,252.8400,1.199780
_3142_,VDD,Metal1,235.3250,252.9550,1.199784
_3141_,VDD,Metal1,237.9360,253.6160,1.199813
_3140_,VDD,Metal1,232.0810,246.0330,1.199888
_3139_,VDD,Metal1,232.2830,260.4200,1.199796
_3138_,VDD,Metal1,235.2000,267.8860,1.199762
_3137_,VDD,Metal1,117.1080,314.1160,1.199538
_3136_,VDD,Metal1,216.0010,283.0800,1.199438
_3135_,VDD,Metal1,221.6570,283.3350,1.199602
_3134_,VDD,Metal1,217.2380,276.3390,1.199007
_3133_,VDD,Metal1,214.4160,276.2960,1.198992
_3132_,VDD,Metal1,247.8800,261.1050,1.199926
_3131_,VDD,Metal1,251.2780,261.1530,1.199856
_3130_,VDD,Metal1,248.1230,267.9800,1.199857
_3129_,VDD,Metal1,237.3350,268.0450,1.199763
_3128_,VDD,Metal1,248.2620,260.6550,1.199926
_3127_,VDD,Metal1,246.2350,237.8680,1.199928
_3126_,VDD,Metal1,243.8320,230.9710,1.199938
_3125_,VDD,Metal1,245.0150,238.4750,1.199927
_3124_,VDD,Metal1,243.0800,237.8540,1.199926
_3123_,VDD,Metal1,239.0410,237.7200,1.199912
_3122_,VDD,Metal1,249.5980,238.5600,1.199817
_3121_,VDD,Metal1,236.4250,237.8050,1.199911
_3120_,VDD,Metal1,241.4400,231.0730,1.199936
_3119_,VDD,Metal1,242.7300,238.4200,1.199926
_3118_,VDD,Metal1,240.1430,238.4960,1.199912
_3117_,VDD,Metal1,244.6920,223.3580,1.199950
_3116_,VDD,Metal1,247.3020,222.8550,1.199888
_3115_,VDD,Metal1,244.0550,268.7150,1.199872
_3114_,VDD,Metal1,59.0280,162.1630,1.199504
_3113_,VDD,Metal1,192.9610,268.8000,1.199725
_3112_,VDD,Metal1,231.7370,275.7750,1.199080
_3111_,VDD,Metal1,195.6960,268.7360,1.199668
_3110_,VDD,Metal1,190.1820,268.5450,1.199751
_3109_,VDD,Metal1,261.5920,260.4280,1.199692
_3108_,VDD,Metal1,260.6410,253.6800,1.197979
_3107_,VDD,Metal1,259.7820,253.0950,1.197979
_3106_,VDD,Metal1,263.5270,253.6510,1.197979
_3105_,VDD,Metal1,266.2560,253.6160,1.196679
_3104_,VDD,Metal1,257.2780,253.6800,1.199208
_3103_,VDD,Metal1,276.7600,253.5450,1.196501
_3102_,VDD,Metal1,270.7200,253.7530,1.196648
_3101_,VDD,Metal1,280.5350,253.5950,1.196455
_3100_,VDD,Metal1,259.0750,260.5150,1.199806
_3099_,VDD,Metal1,253.4030,252.8600,1.199212
_3098_,VDD,Metal1,253.6810,223.3530,1.199854
_3097_,VDD,Metal1,263.0760,252.8600,1.197979
_3096_,VDD,Metal1,264.9060,260.4530,1.199561
_3095_,VDD,Metal1,269.7600,252.7660,1.196648
_3094_,VDD,Metal1,116.6280,260.4430,1.199738
_3093_,VDD,Metal1,182.3980,275.5200,1.198681
_3092_,VDD,Metal1,235.0970,275.7750,1.199547
_3091_,VDD,Metal1,183.6960,268.7360,1.199784
_3090_,VDD,Metal1,181.0620,268.5450,1.199828
_3089_,VDD,Metal1,275.8560,238.4960,1.195520
_3088_,VDD,Metal1,281.0000,237.8540,1.194884
_3087_,VDD,Metal1,281.8850,230.2750,1.199240
_3086_,VDD,Metal1,282.9850,223.3550,1.199515
_3085_,VDD,Metal1,287.5120,230.1880,1.199027
_3084_,VDD,Metal1,281.9600,230.8650,1.199240
_3083_,VDD,Metal1,284.6380,231.0000,1.199219
_3082_,VDD,Metal1,284.6410,230.1600,1.199219
_3081_,VDD,Metal1,278.1850,230.9150,1.199243
_3080_,VDD,Metal1,285.1200,223.5130,1.199503
_3079_,VDD,Metal1,287.0760,222.6200,1.199503
_3078_,VDD,Metal1,276.9230,223.4190,1.199522
_3077_,VDD,Metal1,281.4230,246.0560,1.199851
_3076_,VDD,Metal1,277.7460,252.8720,1.196501
_3075_,VDD,Metal1,278.8780,246.1200,1.199856
_3074_,VDD,Metal1,276.6950,246.0350,1.199856
_3073_,VDD,Metal1,270.0250,246.0350,1.199881
_3072_,VDD,Metal1,274.8900,252.9800,1.196514
_3071_,VDD,Metal1,268.4450,253.5650,1.196679
_3070_,VDD,Metal1,19.3020,313.5750,1.199936
_3069_,VDD,Metal1,23.2550,313.4050,1.199898
_3068_,VDD,Metal1,208.6000,276.2250,1.198845
_3067_,VDD,Metal1,211.5770,177.8250,1.199785
_3066_,VDD,Metal1,207.5030,34.3760,1.199860
_3065_,VDD,Metal1,195.9900,41.3000,1.199945
_3064_,VDD,Metal1,209.9750,34.3550,1.199854
_3063_,VDD,Metal1,271.0560,116.8230,1.199495
_3062_,VDD,Metal1,267.8410,110.0400,1.199926
_3061_,VDD,Metal1,221.3900,177.9910,1.199828
_3060_,VDD,Metal1,279.8150,192.4450,1.199465
_3059_,VDD,Metal1,280.4700,207.6480,1.187706
_3058_,VDD,Metal1,281.1360,208.2560,1.187706
_3057_,VDD,Metal1,286.5060,139.4930,1.199503
_3056_,VDD,Metal1,284.4900,140.1110,1.199569
_3055_,VDD,Metal1,278.8800,208.3930,1.188619
_3054_,VDD,Metal1,266.0630,223.3760,1.199666
_3053_,VDD,Metal1,263.8500,223.2710,1.199672
_3052_,VDD,Metal1,261.3850,223.3550,1.199744
_3051_,VDD,Metal1,265.4700,230.2460,1.199316
_3050_,VDD,Metal1,242.5430,223.3760,1.199942
_3049_,VDD,Metal1,239.2550,268.0450,1.199809
_3048_,VDD,Metal1,253.9200,230.0860,1.199846
_3047_,VDD,Metal1,247.1700,230.2460,1.199898
_3046_,VDD,Metal1,236.3750,230.2450,1.199924
_3045_,VDD,Metal1,182.6800,215.1740,1.199822
_3044_,VDD,Metal1,184.3120,222.6280,1.199825
_3043_,VDD,Metal1,188.3030,230.9360,1.199413
_3042_,VDD,Metal1,190.5600,231.0730,1.199401
_3041_,VDD,Metal1,189.0170,253.4250,1.199663
_3040_,VDD,Metal1,193.2900,253.0080,1.199666
_3039_,VDD,Metal1,183.5750,246.0350,1.199854
_3038_,VDD,Metal1,183.2570,230.7450,1.199413
_3037_,VDD,Metal1,183.6380,230.1800,1.199413
_3036_,VDD,Metal1,186.3420,223.1850,1.199821
_3035_,VDD,Metal1,181.7200,208.1850,1.199851
_3034_,VDD,Metal1,179.0410,208.3200,1.199853
_3033_,VDD,Metal1,176.9700,207.6480,1.199903
_3032_,VDD,Metal1,179.5500,200.6730,1.199545
_3031_,VDD,Metal1,174.5700,200.6200,1.199558
_3030_,VDD,Metal1,176.7830,184.8630,1.196486
_3029_,VDD,Metal1,182.0220,177.4950,1.199637
_3028_,VDD,Metal1,156.2800,177.9450,1.199897
_3027_,VDD,Metal1,177.7070,177.9980,1.199949
_3026_,VDD,Metal1,174.5050,207.5650,1.199915
_3025_,VDD,Metal1,204.2150,222.6850,1.199811
_3024_,VDD,Metal1,252.1020,268.5450,1.199845
_3023_,VDD,Metal1,245.9100,268.6310,1.199919
_3022_,VDD,Metal1,247.9450,275.6050,1.199655
_3021_,VDD,Metal1,265.9200,231.0730,1.199316
_3020_,VDD,Metal1,271.5770,237.9750,1.195886
_3019_,VDD,Metal1,266.6650,237.8050,1.195962
_3018_,VDD,Metal1,274.4100,253.5110,1.196514
_3017_,VDD,Metal1,290.0630,192.4230,1.199370
_3016_,VDD,Metal1,287.6220,185.3850,1.190137
_3015_,VDD,Metal1,290.3460,199.9730,1.197514
_3014_,VDD,Metal1,285.0170,200.1750,1.197746
_3013_,VDD,Metal1,287.7200,200.6250,1.197742
_3012_,VDD,Metal1,283.8230,200.6960,1.197750
_3011_,VDD,Metal1,282.9350,200.0050,1.197784
_3010_,VDD,Metal1,284.2120,132.5430,1.199340
_3009_,VDD,Metal1,287.4950,132.6350,1.199268
_3008_,VDD,Metal1,285.3350,147.7550,1.198520
_3007_,VDD,Metal1,145.4320,215.8510,1.199643
_3006_,VDD,Metal1,148.5600,215.8350,1.199733
_3005_,VDD,Metal1,146.8780,231.0000,1.199242
_3004_,VDD,Metal1,135.3580,215.8800,1.199590
_3003_,VDD,Metal1,127.6810,215.8800,1.199595
_3002_,VDD,Metal1,149.2800,223.5130,1.198316
_3001_,VDD,Metal1,287.3950,200.0350,1.197742
_3000_,VDD,Metal1,267.3060,94.1330,1.199529
_2999_,VDD,Metal1,283.3070,94.1610,1.198953
_2998_,VDD,Metal1,284.9760,207.5430,1.186783
_2997_,VDD,Metal1,286.8010,192.4460,1.199413
_2996_,VDD,Metal1,279.6250,185.5550,1.199472
_2995_,VDD,Metal1,285.6000,185.7130,1.190139
_2994_,VDD,Metal1,241.3260,215.8500,1.199934
_2993_,VDD,Metal1,241.5470,245.3610,1.199962
_2992_,VDD,Metal1,228.0070,215.8510,1.199865
_2991_,VDD,Metal1,230.6150,215.7950,1.199866
_2990_,VDD,Metal1,228.3300,238.3910,1.199845
_2989_,VDD,Metal1,224.1900,230.2460,1.199867
_2988_,VDD,Metal1,225.5700,215.7930,1.199856
_2987_,VDD,Metal1,227.2550,215.1250,1.199865
_2986_,VDD,Metal1,226.9130,185.6100,1.196600
_2985_,VDD,Metal1,276.7450,185.5550,1.199495
_2984_,VDD,Metal1,272.6030,185.6190,1.199522
_2983_,VDD,Metal1,254.8800,185.7130,1.199656
_2982_,VDD,Metal1,268.5850,185.5550,1.199552
_2981_,VDD,Metal1,244.3120,215.8510,1.199936
_2980_,VDD,Metal1,244.5300,222.6900,1.199950
_2979_,VDD,Metal1,231.3670,208.2910,1.199739
_2978_,VDD,Metal1,234.4800,215.8350,1.199895
_2977_,VDD,Metal1,224.6930,260.4530,1.199760
_2976_,VDD,Metal1,221.7600,261.3130,1.199746
_2975_,VDD,Metal1,227.0100,230.2460,1.199882
_2974_,VDD,Metal1,152.4000,215.0850,1.199851
_2973_,VDD,Metal1,88.7980,208.3200,1.199944
_2972_,VDD,Metal1,220.8530,185.5860,1.196562
_2971_,VDD,Metal1,277.6550,192.4450,1.199672
_2970_,VDD,Metal1,273.8410,193.1130,1.199674
_2969_,VDD,Metal1,281.8850,140.1650,1.199582
_2968_,VDD,Metal1,286.7750,140.1950,1.199503
_2967_,VDD,Metal1,281.2800,139.3660,1.199582
_2966_,VDD,Metal1,288.2650,139.5250,1.199372
_2965_,VDD,Metal1,283.6870,139.4680,1.199569
_2964_,VDD,Metal1,285.5460,131.9330,1.199295
_2963_,VDD,Metal1,285.8650,125.0750,1.196463
_2962_,VDD,Metal1,283.0560,116.8230,1.199419
_2961_,VDD,Metal1,284.0160,109.9760,1.199769
_2960_,VDD,Metal1,281.0650,131.9650,1.199441
_2959_,VDD,Metal1,291.4850,124.4350,1.196408
_2958_,VDD,Metal1,286.8250,124.4050,1.196451
_2957_,VDD,Metal1,286.7750,117.5150,1.199352
_2956_,VDD,Metal1,293.3050,109.9550,1.199713
_2955_,VDD,Metal1,283.2530,109.2530,1.199770
_2954_,VDD,Metal1,272.3100,200.0600,1.197821
_2953_,VDD,Metal1,268.9430,237.7830,1.195886
_2952_,VDD,Metal1,256.3210,237.7200,1.199247
_2951_,VDD,Metal1,254.7550,238.4450,1.199258
_2950_,VDD,Metal1,253.7050,237.8050,1.199258
_2949_,VDD,Metal1,248.6760,253.6590,1.199256
_2948_,VDD,Metal1,232.5610,268.7130,1.199732
_2947_,VDD,Metal1,245.7900,260.4860,1.199932
_2946_,VDD,Metal1,225.6110,276.3160,1.199034
_2945_,VDD,Metal1,110.0220,276.1050,1.199661
_2944_,VDD,Metal1,106.9370,268.2150,1.199638
_2943_,VDD,Metal1,104.3600,276.2250,1.199870
_2942_,VDD,Metal1,104.8400,283.7850,1.199931
_2941_,VDD,Metal1,98.1350,283.8350,1.199944
_2940_,VDD,Metal1,97.1030,268.7360,1.199696
_2939_,VDD,Metal1,107.5120,276.3310,1.199684
_2938_,VDD,Metal1,107.0400,275.4460,1.199684
_2937_,VDD,Metal1,100.3180,276.3600,1.199894
_2936_,VDD,Metal1,107.0410,283.0800,1.199705
_2935_,VDD,Metal1,107.5180,283.9200,1.199705
_2934_,VDD,Metal1,249.0830,268.7790,1.199847
_2933_,VDD,Metal1,252.3550,238.4450,1.199332
_2932_,VDD,Metal1,246.7500,238.4730,1.199932
_2931_,VDD,Metal1,235.2110,276.3160,1.199547
_2930_,VDD,Metal1,132.9520,291.4510,1.199564
_2929_,VDD,Metal1,125.2780,291.4800,1.199565
_2928_,VDD,Metal1,135.8380,291.4800,1.199565
_2927_,VDD,Metal1,127.2010,290.6400,1.199564
_2926_,VDD,Metal1,137.7600,283.9930,1.199585
_2925_,VDD,Metal1,147.4130,283.8660,1.199618
_2924_,VDD,Metal1,149.9700,276.2690,1.199657
_2923_,VDD,Metal1,127.7100,298.2860,1.199858
_2922_,VDD,Metal1,122.8810,298.2000,1.199859
_2921_,VDD,Metal1,128.1610,291.4800,1.199564
_2920_,VDD,Metal1,140.1610,283.9200,1.199617
_2919_,VDD,Metal1,143.0400,276.4330,1.199646
_2918_,VDD,Metal1,218.8800,237.6460,1.199831
_2917_,VDD,Metal1,208.9070,238.4780,1.199913
_2916_,VDD,Metal1,205.7050,246.0350,1.199836
_2915_,VDD,Metal1,203.0150,230.9150,1.199409
_2914_,VDD,Metal1,200.9050,230.9150,1.199402
_2913_,VDD,Metal1,201.6010,230.1600,1.199402
_2912_,VDD,Metal1,195.8350,215.7310,1.199813
_2911_,VDD,Metal1,189.5470,222.7760,1.199810
_2910_,VDD,Metal1,193.0670,215.1210,1.199817
_2909_,VDD,Metal1,188.0500,215.1280,1.199818
_2908_,VDD,Metal1,177.5630,215.8590,1.199892
_2907_,VDD,Metal1,168.4910,230.2030,1.199934
_2906_,VDD,Metal1,68.2960,222.8160,1.199748
_2905_,VDD,Metal1,72.8570,215.6250,1.199471
_2904_,VDD,Metal1,71.2400,223.3050,1.199751
_2903_,VDD,Metal1,64.4630,223.3760,1.199587
_2902_,VDD,Metal1,65.9600,215.1740,1.199621
_2901_,VDD,Metal1,59.3050,215.7950,1.199647
_2900_,VDD,Metal1,211.3100,215.1280,1.199828
_2899_,VDD,Metal1,86.8800,215.9530,1.199463
_2898_,VDD,Metal1,82.2800,215.7450,1.199462
_2897_,VDD,Metal1,64.0400,222.7340,1.199585
_2896_,VDD,Metal1,57.2630,215.8160,1.199717
_2895_,VDD,Metal1,57.1120,215.0680,1.199717
_2894_,VDD,Metal1,73.2250,207.5650,1.199817
_2893_,VDD,Metal1,195.5750,208.2350,1.199760
_2892_,VDD,Metal1,192.6800,192.4940,1.199846
_2891_,VDD,Metal1,188.7420,192.6150,1.199845
_2890_,VDD,Metal1,175.8230,177.3030,1.199957
_2889_,VDD,Metal1,170.0630,177.3030,1.199982
_2888_,VDD,Metal1,257.3100,147.7530,1.199743
_2887_,VDD,Metal1,170.2750,169.7950,1.199912
_2886_,VDD,Metal1,156.7450,177.3250,1.199897
_2885_,VDD,Metal1,161.9600,177.9450,1.199919
_2884_,VDD,Metal1,154.9300,314.0710,1.199111
_2883_,VDD,Metal1,158.6780,185.6190,1.199892
_2882_,VDD,Metal1,155.6220,185.3850,1.199782
_2881_,VDD,Metal1,109.6400,184.9340,1.199887
_2880_,VDD,Metal1,96.1430,177.3030,1.199948
_2879_,VDD,Metal1,136.0400,177.3740,1.199848
_2878_,VDD,Metal1,126.2700,184.8860,1.199795
_2877_,VDD,Metal1,167.5500,177.3260,1.199980
_2876_,VDD,Metal1,149.3820,185.3850,1.199782
_2875_,VDD,Metal1,149.2780,178.0800,1.199862
_2874_,VDD,Metal1,146.9820,185.3850,1.199782
_2873_,VDD,Metal1,102.4400,192.4940,1.199961
_2872_,VDD,Metal1,94.7030,193.1360,1.199984
_2871_,VDD,Metal1,135.0800,185.5050,1.199778
_2870_,VDD,Metal1,130.1100,185.5530,1.199779
_2869_,VDD,Metal1,188.1900,170.4330,1.199825
_2868_,VDD,Metal1,178.0750,170.3710,1.199894
_2867_,VDD,Metal1,173.1720,177.3210,1.199957
_2866_,VDD,Metal1,178.2230,177.3030,1.199949
_2865_,VDD,Metal1,161.4800,193.0650,1.199747
_2864_,VDD,Metal1,156.5820,192.9450,1.199744
_2863_,VDD,Metal1,158.0220,200.1750,1.199899
_2862_,VDD,Metal1,107.7200,193.0650,1.199953
_2861_,VDD,Metal1,96.1430,200.6960,1.199919
_2860_,VDD,Metal1,140.9200,207.6140,1.199617
_2859_,VDD,Metal1,134.9100,200.6730,1.199637
_2858_,VDD,Metal1,168.9900,177.9930,1.199982
_2857_,VDD,Metal1,180.3700,177.3280,1.199949
_2856_,VDD,Metal1,145.0620,207.7350,1.199618
_2855_,VDD,Metal1,150.6170,200.5050,1.199845
_2854_,VDD,Metal1,100.0400,200.6250,1.199684
_2853_,VDD,Metal1,93.7430,200.6960,1.199898
_2852_,VDD,Metal1,142.3600,193.0650,1.199746
_2851_,VDD,Metal1,137.3100,207.5660,1.199616
_2850_,VDD,Metal1,176.1230,185.6190,1.196486
_2849_,VDD,Metal1,195.8760,192.3800,1.199847
_2848_,VDD,Metal1,193.8900,185.5530,1.196240
_2847_,VDD,Metal1,159.8510,238.5160,1.199832
_2846_,VDD,Metal1,101.4160,238.3430,1.199912
_2845_,VDD,Metal1,103.7820,237.9750,1.199831
_2844_,VDD,Metal1,100.0400,237.8540,1.199935
_2843_,VDD,Metal1,93.2630,230.9360,1.199731
_2842_,VDD,Metal1,97.2400,238.4250,1.199935
_2841_,VDD,Metal1,97.4700,245.3660,1.199950
_2840_,VDD,Metal1,109.4320,238.5310,1.199822
_2839_,VDD,Metal1,109.6800,230.9550,1.199360
_2838_,VDD,Metal1,103.2010,245.2800,1.199948
_2837_,VDD,Metal1,96.0010,231.0000,1.199897
_2836_,VDD,Metal1,105.1210,231.0000,1.199773
_2835_,VDD,Metal1,111.8400,238.6330,1.199807
_2834_,VDD,Metal1,195.3600,199.8460,1.199383
_2833_,VDD,Metal1,192.6950,200.6750,1.199413
_2832_,VDD,Metal1,165.6110,222.6430,1.199757
_2831_,VDD,Metal1,36.8230,208.1030,1.199478
_2830_,VDD,Metal1,34.4570,200.5050,1.199963
_2829_,VDD,Metal1,33.3200,208.1850,1.199822
_2828_,VDD,Metal1,32.0160,207.5430,1.199822
_2827_,VDD,Metal1,35.8000,215.7450,1.199836
_2826_,VDD,Metal1,40.1050,193.1150,1.199883
_2825_,VDD,Metal1,166.5600,208.3930,1.199656
_2824_,VDD,Metal1,165.1500,215.1260,1.199893
_2823_,VDD,Metal1,39.6000,200.7150,1.199883
_2822_,VDD,Metal1,33.3200,215.7450,1.199850
_2821_,VDD,Metal1,42.3650,200.0350,1.199845
_2820_,VDD,Metal1,34.8660,207.5120,1.199498
_2819_,VDD,Metal1,36.8350,200.6450,1.199950
_2818_,VDD,Metal1,35.7850,222.6850,1.199576
_2817_,VDD,Metal1,36.4260,199.9730,1.199950
_2816_,VDD,Metal1,195.8760,230.1800,1.199390
_2815_,VDD,Metal1,179.0030,230.1800,1.199499
_2814_,VDD,Metal1,198.9850,230.9150,1.199392
_2813_,VDD,Metal1,190.7750,223.3550,1.199810
_2812_,VDD,Metal1,174.7310,276.3160,1.199934
_2811_,VDD,Metal1,54.2320,290.6680,1.199688
_2810_,VDD,Metal1,54.2410,291.4800,1.199688
_2809_,VDD,Metal1,48.9610,291.4800,1.199800
_2808_,VDD,Metal1,47.0380,283.9200,1.196925
_2807_,VDD,Metal1,53.7600,283.9930,1.196913
_2806_,VDD,Metal1,225.7100,222.6880,1.199907
_2805_,VDD,Metal1,58.1820,283.6650,1.196907
_2804_,VDD,Metal1,56.2620,276.1050,1.199822
_2803_,VDD,Metal1,51.0800,283.7850,1.196923
_2802_,VDD,Metal1,44.7830,283.1430,1.196930
_2801_,VDD,Metal1,58.2800,291.3450,1.199625
_2800_,VDD,Metal1,52.8300,298.2860,1.199787
_2799_,VDD,Metal1,193.4760,260.4200,1.199509
_2798_,VDD,Metal1,209.0150,252.9250,1.199680
_2797_,VDD,Metal1,206.9100,260.4860,1.199515
_2796_,VDD,Metal1,189.8650,260.4850,1.199522
_2795_,VDD,Metal1,204.4910,268.7560,1.199656
_2794_,VDD,Metal1,71.6560,268.1760,1.199086
_2793_,VDD,Metal1,75.2570,268.2150,1.199128
_2792_,VDD,Metal1,65.9600,261.1050,1.199612
_2791_,VDD,Metal1,62.5430,260.4630,1.199594
_2790_,VDD,Metal1,69.8000,253.5450,1.199762
_2789_,VDD,Metal1,60.7450,253.5950,1.199724
_2788_,VDD,Metal1,183.2500,253.5910,1.199648
_2787_,VDD,Metal1,74.5020,260.6550,1.199831
_2786_,VDD,Metal1,77.1770,260.6550,1.199871
_2785_,VDD,Metal1,62.1200,261.1050,1.199592
_2784_,VDD,Metal1,57.7430,253.6160,1.199722
_2783_,VDD,Metal1,73.6400,245.9850,1.199883
_2782_,VDD,Metal1,65.0650,246.0350,1.199833
_2781_,VDD,Metal1,187.2360,245.3000,1.199802
_2780_,VDD,Metal1,186.4780,252.9260,1.199648
_2779_,VDD,Metal1,193.9200,246.1930,1.199801
_2778_,VDD,Metal1,191.6630,283.8560,1.199852
_2777_,VDD,Metal1,149.8700,290.7280,1.199628
_2776_,VDD,Metal1,81.3600,291.4350,1.199548
_2775_,VDD,Metal1,84.4800,283.0060,1.199778
_2774_,VDD,Metal1,79.6810,298.2000,1.199692
_2773_,VDD,Metal1,78.2410,291.4800,1.199545
_2772_,VDD,Metal1,79.2010,283.9200,1.196968
_2771_,VDD,Metal1,193.9200,283.9930,1.199849
_2770_,VDD,Metal1,81.5920,290.6680,1.199548
_2769_,VDD,Metal1,153.9300,177.9400,1.199896
_2768_,VDD,Metal1,78.2400,283.0060,1.196968
_2767_,VDD,Metal1,75.3610,291.4800,1.199539
_2766_,VDD,Metal1,78.7210,290.6400,1.199545
_2765_,VDD,Metal1,84.9580,291.4800,1.199562
_2764_,VDD,Metal1,268.1700,238.4200,1.195886
_2763_,VDD,Metal1,265.1750,237.8050,1.196096
_2762_,VDD,Metal1,266.9160,252.8600,1.196679
_2761_,VDD,Metal1,268.0780,260.4860,1.199539
_2760_,VDD,Metal1,278.8430,238.5390,1.194884
_2759_,VDD,Metal1,277.0620,237.9750,1.194894
_2758_,VDD,Metal1,276.5100,260.4860,1.199251
_2757_,VDD,Metal1,252.9710,275.5630,1.199350
_2756_,VDD,Metal1,62.2630,185.4230,1.198367
_2755_,VDD,Metal1,60.8570,192.6150,1.199728
_2754_,VDD,Metal1,178.3450,34.3550,1.199943
_2753_,VDD,Metal1,65.4800,184.9340,1.198400
_2752_,VDD,Metal1,65.5580,169.7000,1.199585
_2751_,VDD,Metal1,59.7200,177.9450,1.199784
_2750_,VDD,Metal1,55.4650,170.4350,1.199489
_2749_,VDD,Metal1,61.4320,184.8280,1.198366
_2748_,VDD,Metal1,58.5610,184.8000,1.198341
_2747_,VDD,Metal1,62.3980,178.0800,1.199784
_2746_,VDD,Metal1,60.9580,170.5200,1.199546
_2745_,VDD,Metal1,59.0400,185.7130,1.198341
_2744_,VDD,Metal1,282.2100,238.4730,1.194883
_2743_,VDD,Metal1,283.3250,237.8350,1.194877
_2742_,VDD,Metal1,244.8110,275.5630,1.199903
_2741_,VDD,Metal1,131.9920,261.2110,1.199698
_2740_,VDD,Metal1,127.6780,260.4000,1.199699
_2739_,VDD,Metal1,126.2380,261.2400,1.199700
_2738_,VDD,Metal1,134.8810,252.8400,1.199517
_2737_,VDD,Metal1,137.2800,261.3130,1.199664
_2736_,VDD,Metal1,137.7520,253.6510,1.199678
_2735_,VDD,Metal1,140.8800,260.4450,1.199649
_2734_,VDD,Metal1,129.1210,261.2400,1.199699
_2733_,VDD,Metal1,134.8780,260.4000,1.199665
_2732_,VDD,Metal1,137.7610,252.8400,1.199678
_2731_,VDD,Metal1,144.0000,260.3260,1.199821
_2730_,VDD,Metal1,284.1960,215.0600,1.198306
_2729_,VDD,Metal1,282.7200,207.4060,1.186951
_2728_,VDD,Metal1,264.4910,275.5630,1.198913
_2727_,VDD,Metal1,27.8320,283.8910,1.199935
_2726_,VDD,Metal1,26.4010,290.6400,1.199913
_2725_,VDD,Metal1,27.3610,291.4800,1.199912
_2724_,VDD,Metal1,102.0900,79.6310,1.199648
_2723_,VDD,Metal1,92.4660,110.0070,1.199862
_2722_,VDD,Metal1,100.5350,86.6050,1.199813
_2721_,VDD,Metal1,26.8810,283.0800,1.199935
_2720_,VDD,Metal1,98.1850,86.6050,1.199870
_2719_,VDD,Metal1,105.9300,86.6600,1.199786
_2718_,VDD,Metal1,95.2130,116.7920,1.199937
_2717_,VDD,Metal1,102.9300,86.6100,1.199810
_2716_,VDD,Metal1,97.1700,41.2500,1.199932
_2715_,VDD,Metal1,33.1200,283.0060,1.197010
_2714_,VDD,Metal1,62.3700,154.6460,1.197303
_2713_,VDD,Metal1,98.7550,109.9250,1.199939
_2712_,VDD,Metal1,95.3050,109.2850,1.199949
_2711_,VDD,Metal1,95.8260,110.0070,1.199949
_2710_,VDD,Metal1,99.3900,79.7130,1.199651
_2709_,VDD,Metal1,104.3100,79.6310,1.199580
_2708_,VDD,Metal1,30.7120,283.8910,1.197035
_2707_,VDD,Metal1,23.5210,291.4800,1.199934
_2706_,VDD,Metal1,30.2410,291.4800,1.199895
_2705_,VDD,Metal1,29.4300,208.1510,1.199911
_2704_,VDD,Metal1,67.8530,109.2320,1.199558
_2703_,VDD,Metal1,33.0900,215.1260,1.199850
_2702_,VDD,Metal1,27.0300,208.1510,1.199911
_2701_,VDD,Metal1,24.9610,283.9200,1.199939
_2700_,VDD,Metal1,26.5500,185.4710,1.199714
_2699_,VDD,Metal1,42.4130,215.0720,1.199798
_2698_,VDD,Metal1,29.4950,184.8850,1.199584
_2697_,VDD,Metal1,46.8660,199.9520,1.199844
_2696_,VDD,Metal1,24.0300,185.5530,1.199830
_2695_,VDD,Metal1,21.7500,185.4710,1.199909
_2694_,VDD,Metal1,24.2100,109.2900,1.199814
_2693_,VDD,Metal1,23.5200,178.1530,1.199952
_2692_,VDD,Metal1,34.5600,276.4330,1.199920
_2691_,VDD,Metal1,47.4900,71.4860,1.199931
_2690_,VDD,Metal1,51.7150,72.1250,1.199874
_2689_,VDD,Metal1,53.9750,72.1550,1.199874
_2688_,VDD,Metal1,138.9850,117.5150,1.199872
_2687_,VDD,Metal1,143.5200,117.6730,1.199874
_2686_,VDD,Metal1,146.5500,116.9000,1.199877
_2685_,VDD,Metal1,279.4670,117.5180,1.199427
_2684_,VDD,Metal1,277.9120,124.3480,1.197063
_2683_,VDD,Metal1,268.6970,117.0150,1.199523
_2682_,VDD,Metal1,267.7860,94.8660,1.199528
_2681_,VDD,Metal1,290.9870,109.2810,1.199741
_2680_,VDD,Metal1,281.8700,79.0480,1.199507
_2679_,VDD,Metal1,311.1650,94.1950,1.198865
_2678_,VDD,Metal1,311.8260,94.8870,1.198865
_2677_,VDD,Metal1,281.4300,109.8710,1.199795
_2676_,VDD,Metal1,278.9820,109.7850,1.199795
_2675_,VDD,Metal1,277.9200,109.1260,1.199800
_2674_,VDD,Metal1,273.8650,131.9650,1.199549
_2673_,VDD,Metal1,288.0530,94.1330,1.198913
_2672_,VDD,Metal1,279.8150,94.1650,1.198978
_2671_,VDD,Metal1,271.1460,101.6930,1.199418
_2670_,VDD,Metal1,293.2550,109.2850,1.199713
_2669_,VDD,Metal1,277.0130,94.8660,1.199377
_2668_,VDD,Metal1,292.5900,94.8290,1.198908
_2667_,VDD,Metal1,309.3350,94.8350,1.198871
_2666_,VDD,Metal1,281.3050,124.4050,1.196654
_2665_,VDD,Metal1,264.9600,94.0060,1.199651
_2664_,VDD,Metal1,264.9900,94.8330,1.199651
_2663_,VDD,Metal1,270.1860,94.8660,1.199391
_2662_,VDD,Metal1,283.3500,87.2200,1.199711
_2661_,VDD,Metal1,282.3900,94.7510,1.198953
_2660_,VDD,Metal1,266.8800,101.5660,1.199595
_2659_,VDD,Metal1,274.2950,109.2850,1.199904
_2658_,VDD,Metal1,263.0400,94.0060,1.199703
_2657_,VDD,Metal1,279.0950,87.2750,1.199842
_2656_,VDD,Metal1,175.6800,155.4730,1.199863
_2655_,VDD,Metal1,276.1070,109.9580,1.199890
_2654_,VDD,Metal1,270.9350,109.9550,1.199924
_2653_,VDD,Metal1,298.7100,109.3400,1.199649
_2652_,VDD,Metal1,299.8500,94.7510,1.198891
_2651_,VDD,Metal1,276.0000,131.8060,1.199486
_2650_,VDD,Metal1,266.9330,102.4260,1.199595
_2649_,VDD,Metal1,296.7470,109.2810,1.199663
_2648_,VDD,Metal1,295.2000,102.5530,1.198767
_2647_,VDD,Metal1,265.2250,109.9550,1.199928
_2646_,VDD,Metal1,285.6070,94.1080,1.198920
_2645_,VDD,Metal1,280.8250,109.2850,1.199795
_2644_,VDD,Metal1,284.9050,94.8350,1.198920
_2643_,VDD,Metal1,296.7650,101.7550,1.198756
_2642_,VDD,Metal1,297.3350,94.8350,1.198907
_2641_,VDD,Metal1,280.8000,102.5530,1.198780
_2640_,VDD,Metal1,296.4250,109.9550,1.199663
_2639_,VDD,Metal1,301.3370,109.4550,1.199640
_2638_,VDD,Metal1,297.7500,94.2480,1.198907
_2637_,VDD,Metal1,299.4120,102.3980,1.198730
_2636_,VDD,Metal1,303.3600,101.5660,1.198473
_2635_,VDD,Metal1,297.2700,102.3110,1.198752
_2634_,VDD,Metal1,311.1900,102.3400,1.198451
_2633_,VDD,Metal1,271.4150,94.1650,1.199390
_2632_,VDD,Metal1,128.7500,237.8080,1.199768
_2631_,VDD,Metal1,312.3700,147.7510,1.198447
_2630_,VDD,Metal1,313.8100,200.0080,1.195443
_2629_,VDD,Metal1,313.8100,276.2710,1.197761
_2628_,VDD,Metal1,288.8500,283.1680,1.198792
_2627_,VDD,Metal1,279.7300,306.5110,1.199309
_2626_,VDD,Metal1,270.1300,305.8480,1.199548
_2625_,VDD,Metal1,260.5300,314.0710,1.199438
_2624_,VDD,Metal1,256.2100,314.0710,1.199711
_2623_,VDD,Metal1,241.8100,313.4080,1.199080
_2622_,VDD,Metal1,194.2900,19.2310,1.199643
_2621_,VDD,Metal1,204.3700,26.7910,1.199420
_2620_,VDD,Metal1,197.6500,19.2310,1.199629
_2619_,VDD,Metal1,196.2100,19.2310,1.199636
_2618_,VDD,Metal1,173.3900,19.2310,1.199953
_2617_,VDD,Metal1,176.5300,19.2310,1.199925
_2616_,VDD,Metal1,175.0900,19.2310,1.199939
_2615_,VDD,Metal1,199.5700,41.2480,1.199945
_2614_,VDD,Metal1,163.3100,26.1280,1.199149
_2613_,VDD,Metal1,315.9500,79.7110,1.198606
_2612_,VDD,Metal1,152.2700,33.6880,1.199534
_2611_,VDD,Metal1,102.1300,87.2710,1.199810
_2610_,VDD,Metal1,307.0900,86.6080,1.199648
_2609_,VDD,Metal1,149.3900,33.6880,1.199534
_2608_,VDD,Metal1,311.8900,109.2880,1.199382
_2607_,VDD,Metal1,309.0100,117.5110,1.198786
_2606_,VDD,Metal1,310.4500,116.8480,1.198786
_2605_,VDD,Metal1,166.6700,19.2310,1.198980
_2604_,VDD,Metal1,311.8900,132.6310,1.198913
_2603_,VDD,Metal1,310.4500,132.6310,1.198913
_2602_,VDD,Metal1,147.9500,26.7910,1.199096
_2601_,VDD,Metal1,285.9700,155.3110,1.190951
_2600_,VDD,Metal1,164.2700,19.2310,1.198934
_2599_,VDD,Metal1,183.2500,260.4880,1.199691
_2598_,VDD,Metal1,282.1300,155.3110,1.191707
_2597_,VDD,Metal1,286.9300,147.7510,1.198520
_2596_,VDD,Metal1,176.5300,268.7110,1.199891
_2595_,VDD,Metal1,176.0500,246.0310,1.199868
_2594_,VDD,Metal1,175.0900,252.9280,1.199667
_2593_,VDD,Metal1,180.3700,276.2710,1.199817
_2592_,VDD,Metal1,184.6900,275.6080,1.198678
_2591_,VDD,Metal1,189.0100,275.6080,1.198677
_2590_,VDD,Metal1,188.5300,276.2710,1.198678
_2589_,VDD,Metal1,213.9700,314.0710,1.199016
_2588_,VDD,Metal1,202.9300,313.4080,1.198979
_2587_,VDD,Metal1,204.3700,313.4080,1.198979
_2586_,VDD,Metal1,182.7700,306.5110,1.198074
_2585_,VDD,Metal1,170.7700,283.8310,1.199928
_2584_,VDD,Metal1,161.6500,230.2480,1.199682
_2583_,VDD,Metal1,170.2900,237.8080,1.199958
_2582_,VDD,Metal1,157.0700,268.7110,1.199781
_2581_,VDD,Metal1,169.8100,275.6080,1.199930
_2580_,VDD,Metal1,167.4100,215.1280,1.199955
_2579_,VDD,Metal1,171.7300,215.7910,1.199935
_2578_,VDD,Metal1,160.6900,320.9680,1.199733
_2577_,VDD,Metal1,173.6500,268.7110,1.199891
_2576_,VDD,Metal1,169.5500,305.8480,1.199958
_2575_,VDD,Metal1,225.2300,298.2880,1.199832
_2574_,VDD,Metal1,244.4300,298.2880,1.199888
_2573_,VDD,Metal1,259.3100,276.2710,1.199062
_2572_,VDD,Metal1,295.3100,139.5280,1.199342
_2571_,VDD,Metal1,147.9500,117.5110,1.199882
_2570_,VDD,Metal1,144.8500,116.8480,1.199877
_2569_,VDD,Metal1,161.8700,26.1280,1.199130
_2568_,VDD,Metal1,278.2900,94.1680,1.199375
_2567_,VDD,Metal1,299.6300,101.7280,1.198730
_2566_,VDD,Metal1,305.3900,94.8310,1.198880
_2565_,VDD,Metal1,301.8100,72.1510,1.199659
_2564_,VDD,Metal1,151.5700,177.9910,1.199896
_2563_,VDD,Metal1,34.4500,222.6880,1.199575
_2562_,VDD,Metal1,56.0500,223.3510,1.199570
_2561_,VDD,Metal1,45.0100,283.8310,1.196930
_2560_,VDD,Metal1,55.5700,253.5910,1.199722
_2559_,VDD,Metal1,100.2100,290.7280,1.199942
_2558_,VDD,Metal1,38.2900,260.4880,1.199573
_2557_,VDD,Metal1,91.0900,147.7510,1.199931
_2556_,VDD,Metal1,87.2500,192.4480,1.199719
_2555_,VDD,Metal1,90.1300,207.5680,1.199944
_2554_,VDD,Metal1,91.5700,230.9110,1.199731
_2553_,VDD,Metal1,18.6100,200.0080,1.199978
_2552_,VDD,Metal1,62.7700,223.3510,1.199584
_2551_,VDD,Metal1,58.4500,246.0310,1.199826
_2550_,VDD,Metal1,98.2900,276.2710,1.199911
_2549_,VDD,Metal1,122.7700,223.3510,1.198402
_2548_,VDD,Metal1,24.3700,230.9110,1.199916
_2547_,VDD,Metal1,122.9900,162.2080,1.199750
_2546_,VDD,Metal1,127.5700,139.5280,1.199803
_2545_,VDD,Metal1,15.7300,184.8880,1.199955
_2544_,VDD,Metal1,34.9300,102.3910,1.199620
_2543_,VDD,Metal1,44.5300,192.4480,1.199764
_2542_,VDD,Metal1,71.8900,207.5680,1.199752
_2541_,VDD,Metal1,55.5700,162.8710,1.199627
_2540_,VDD,Metal1,86.7700,101.7280,1.199739
_2539_,VDD,Metal1,110.2900,109.9510,1.199626
